seq,positive_score,mixed_score
ACCACTTACTTCGTAATTCG,45,35
CAAATTGGCTTCCACCTCGC,50,35
GCCTTATAAGACGGTAAGGC,50,20
CCGCACGTAACGCTATACGC,51,31
CGTTTCCTGAAAGACGGGTT,52,22
CCTAAGGTAGTCCCCGCACG,54,29
CTTCATGTCCTATACAGTCG,48,33
GAGGCGAGAAGCATGAGCGA,54,9
ATCGTGAGTCCCCCTAGGTA,52,27
TGGGCTCACCGGACTCCAGG,58,23
ATGCTTCCTCCCAGACTTGG,52,32
CACCTCTCTTTAGCCCGCTG,53,38
TCGACATCAAGTAACCTTCA,43,33
GATAGGCGCAGACTTGCCGC,56,21
GCCGCACCTTCCTGTCCTTC,55,40
AATCGGGTAGTTGAACAGAA,46,16
GCCCCTGGGAGCTATATCCG,56,26
ATTGGACGTCTGGACGGCTA,54,19
GTGTGCGTTTGTCCCCCAAG,56,26
TAGAAGTGCGGTTGTTGTAA,50,15
AACCGCCTGCTCTAACCCTT,49,39
GGCCCTTGGTGGTTCAAGAT,55,20
AGGTGCTTGAATAGCGACGA,51,16
AGAGGACCTAAGACGGGCCA,52,17
TTTATAGCATGAATTGATCG,44,24
CTAGCTGCCACGGGGCTCCT,58,28
TTGTAGTATCATAGAGTCCT,46,26
GTTTGCCTTCTAGTCATTCC,50,35
CCGTTTACACTCCAGTTTGG,51,31
CCGTCGATACAGCCTAGAAA,47,27
ATCATTCGTATGTTGATAGG,47,22
AGTGTGCCTGTTAAAGGTGG,54,14
AAAAGACTATTCAGTAGGAA,40,20
ACTATCCAAGTCCAACAGCG,46,31
TATGAATATCGGGGGGTGGT,55,10
AGGGCTTCGTACGTTTAAGA,50,20
GTGCAGCAACGGACTGATCA,51,21
ACACCCTTCCAAGGATCTCA,46,36
CAGGAATACAAACTGATGTG,45,20
CTCTAGCAGGATCCAAAAGC,47,27
AGACGAGCGCGTTACGAACC,52,22
GTATGGTGACGGGCGGATCG,60,10
AATTGTCTCCCAGCATTTTG,47,32
CTGATAGGCAAGCTGTTCTA,49,24
TCAGTTGCACTACTAAATGA,43,28
AGCCTTTAACCCATTTGGTA,46,31
CCGTCACTGTAACCCTGCTT,51,36
TTCTATTCAATACTGCGAGG,47,27
TACTAGTGCCCTCTTTCGAC,50,35
CGTAGATTTGCAATCACCCT,47,32
GATGCCTAGGTCGCATAAGT,51,21
ATTATTCTACACCCGCCGCA,47,37
TCCACTAGCAGGTTCGTCGG,55,25
CTTAGGCCGAAGCACTATAC,48,28
GAGCCACCTCTCCGGTCTAG,55,30
CGTAGATCTTCTTGACAGTT,48,28
ATATATCATCCTCTTATTAG,40,35
TATCAGGTCACTACCGACCT,48,33
ACCATATTCCTACCATCCTT,43,43
TCGTCGATCTGATCTTCCAC,50,35
AAACCGATATAAAGGCACGT,43,23
AACTTTTAGTTTGTGCCGTC,49,29
GCTGTAGGCTCATTGCCATT,52,27
ATATACATCGACATTGTGAC,43,28
AAGTCAGAAGTGATCCCATG,47,22
CAGAACCGGGTTTAAAGGCA,49,19
TCACAGCTCAAGGCGCAAAA,46,26
TTAAGAAGCCCCCACTCATC,46,36
GACCTTACTTACTACTTCCA,44,39
CACCGAACATACCTAGAATG,44,29
ACTACCTTAATGATAAAATA,35,30
AGATGACTCACGAGCATTTA,45,25
GCGATCAGTCTGGTTCACGG,56,21
CCTATACGTCAGTTAGAAAT,43,28
TCGCCACTCCACCAGTGGAG,54,29
ATATACGCAACGTTGGGAGG,51,16
TCGCTCCGCCTGCGAAATGG,56,26
CCGCCCGACTCAAACCCATT,49,39
CCAGTGAGGCTCTAATCATA,47,27
CCTCTCATCGATTAGCAACG,48,33
TCTACGTTCGTTCGATTGCC,52,32
ATCGGGGCAGTTCCCAGATA,52,22
CGCGTGCGAGGTGAAATGGG,59,9
TATTACGATCTCGGAGAGTG,50,20
TAACCTTGCACACTTAGTTC,45,35
TAGTATAGATGACCACCCCG,48,28
CAGTACACCTACGCTCTGAC,49,34
TCAGCATGTTTCTCGGCGTT,53,28
GGAGTAAACCCACTCGCAAG,49,24
AACTCGAGCCCGCCGAGAGC,55,25
GGGCCGCCACACTACCTTGG,57,27
GGTACTGCTTCATACATTCG,49,29
TCTAACGTGTCCCTCGTGAC,52,32
GCGCTCGGTCCATGTAGGAA,55,20
CGAGGTGACCTCAAATGAAC,48,23
GTTCCGAGAGAACAGAGCGA,51,16
ATGAAGTTGCAAAGAAGACC,44,19
AAAAATTCATGCGTCTCGGA,45,25
TTCCTGGCGCCGCGTCAGAT,57,27
TACTGGGTGCGAATTTTTCA,49,24
CCGCCCGAGGTATGTCCCAA,54,29
CACAAGAAATGAGAGGAAAG,43,13
TTTTATGATCTAGTCTCTTC,45,35
CCCGCAGTAACTACTAGATT,46,31
CGATTCGGAATGAGGGGGGA,57,7
CCTCCAGCCGATAACGATGC,51,31
TCAAACTGGAATCGCCAAGT,46,26
CCAAGATATTAATACATATG,38,28
GCGCCCGCCCTGCCGGCATA,60,30
TTAAGCCTAAGCTGGGTGGG,55,15
TGCGCCCATCAGCAATCCGA,51,31
GGAACACATTCGACGAGGGG,54,14
GCGGCTAGGCTAAGTTACGA,53,18
GGGCGACACACAGCATTTGA,51,21
AACTTAAGGTCCGCGGCATG,52,22
CTCGGCCAATAGTTGTCAGG,53,23
GGGATACCGGAACCACAACC,50,25
ATTATCGAGCATTCACTGGG,49,24
CTATTGTCCCGCGTGCTCTG,56,31
AGCGAGGAAAGCTTGGTCGT,54,14
CAGCAAGTTTCGGGACTACG,52,22
AGTCTATAAAGACTTTTGCA,42,27
CTCCGTATCGCATGGCTAGA,52,27
CCAACATATCCATATCACTC,41,41
CTTTTGTTCATTCGCCAGCG,52,32
TCTGCGCATGTGTACACCTT,51,31
TGCGCTCGCTAGAGGAGCAA,54,19
TTCAGTACGCTGTCTTTTCA,48,33
TGGGTAGTAAACGTCATCTG,50,20
GTGCCCGACCACCATGGTGT,56,26
GTCCGATCTCCAACCGAAAA,46,31
GATCGCCTGGGCACCCGGAC,59,24
TTTCGATAATTCGTGACTTG,47,27
GATCCACGTCTTGTGCCGCA,54,29
GAGCGCCGGGGGGACAAATT,57,12
CAGTTTCCTAGTGATCCAAT,46,31
GAACTGTACATTATAGCACC,44,29
ACCGCCAAGCACCATAAGAC,46,31
GGCCAACTATAATACGTCAC,45,30
GAACGTTGGATCGACAACGA,49,19
GACCCCGTATAAAAGGATAT,44,24
CCATTCAATCCGATACCCAT,44,39
GTGCAGCTAAGCAATGGACT,50,20
AATTGCGCGCGGGGTCCTTT,57,22
AGTGCTCAGCGGGTATTCTC,54,24
GCGGGAGCGAATGACGTTCA,55,15
TAAAACCCAGTGTCGCCCAA,46,31
TCTTACGTTGACATGGAAAG,47,22
AAAAAGGGGCTTTATTCCAA,43,23
GTGCAGCCGCCACACGGGGA,59,19
CGTTTCATGATCATCGTTTC,48,33
TTGTATCGCTACTGGATACT,48,28
GCTCGTCGCACGAGGTTCTA,55,25
GGCTCCATGCCCGACACTAA,51,31
GATAATCACCAATAACGCGA,42,27
GCGCGGGGTTACAGCCGAAC,58,18
GCTCATGGTCTTCGATGACC,53,28
CACCACGTAATAATCCAAAG,41,31
CTTACGAGTCCACGGCAATG,51,26
GTCACTACTATCTTAATTGT,43,33
GGGCTACAGAGTAACTGCTA,50,20
TAGGGGGGCATCAGATCGTC,56,16
GGGCCTCTGGCTGAGCGCCT,62,22
ATGATCTGTCGCATCCGCCA,51,31
CCCGATGGCTAAGCTGTTGC,55,25
TTCTATTCCCCGTGAAGGGT,52,27
GGTACTCCGGATGTTGCTAA,52,22
AGGGGGCAGCTTGCACTAAT,53,18
TGAATCACTGCCAATGGGAC,49,24
ATATATAAACCCGATGTTAT,39,29
AGCCAGCGGGTTGTGGCAGA,58,13
TGCGGTTAGACAATAAATAA,41,21
TGAAGTGCCAACGCAGGGGT,55,15
GCTGATGGGGGACGGACTTG,60,10
TGGTACGGACCTCGTTTCGA,54,24
GACACCGTTGCAAGCCCGGG,57,22
GTTCGGATGACTGCCGCCTC,57,27
GTAAACTGGAAGTGACTAGC,48,18
TTTTTTATTATGTGTGCTTC,46,31
AATCTAATCTAATGTTAACA,36,31
AGGCAAGAGCAGAGTGAAAT,47,12
TGAATAATAGGCGAGTCTGG,50,15
CGAGACCGTGGAGTGGCAAC,56,16
TTTAACTAGTTGTTGGATAC,45,25
ACGGCTCACACTGCCCAGCA,52,32
AGAGTCAAGCCCAGTGACCT,50,25
GCAGTACGACACTCCAACAT,46,31
GGAGTAAAAGTTGCAGATGC,49,14
CGTATTATAATTGCTGTAAG,44,24
GTCATACTGCACCCAGCAAT,47,32
CTAGCGGTCAATTCCTGTGC,53,28
TTCTCATTGACGAGTTCGTT,49,29
GTGCCACAAGTTGCCGCGTA,54,24
CAGATCCCGAAAATGCCGTA,47,27
AGTCTGTTTGGAACGTTGGC,54,19
GATACAGAGTTCCCGAAAAT,44,24
TGTCCGTTACTCTGTTTCCG,53,33
TGAGTTGAAAGTGGCATCGC,52,17
CGGCCAGTCGAACCGGATGT,56,21
GATGTTGGTGTACTATCGAT,50,20
TCCATTTCTAACGGGGGAAG,51,21
GAAAACCTGGTCTAATGCTG,48,23
ACCGAGACTCTATCGCACCT,49,34
CCGATGCGGCCTTGACTGCG,59,24
CGCAGAGTCAATACCCCCAT,48,33
CCGGAACTGAGCTGTTGGCT,56,21
GGTGTATCAGGGATGGCATA,53,13
TGCAACTGAATGCGTTTTCC,49,29
GAATGTGTTGCCGACCACAA,49,24
TGACCACCTAGACCCATCTC,48,38
TCACCGAGACTGTTGCGTAT,51,26
GAAGGTTGCGTAGAGCCGCC,57,17
CGGAAATTGCTACAGCGATT,48,23
TTGGTCTGTCTGCGGCATGT,57,22
GGACGTCATGCAACGTCGAC,53,23
AGAATAGTCTCTAGCGTAAG,46,21
CAATACTTATCCACCACCGT,44,39
TACTAAGCCATTAGCACTTA,42,32
AAACTATCGGCGCCACAGGT,50,25
CGATTCCGTTGGTGGCCAAC,55,25
TTGGGCAGAGGCGTGGTAAC,57,12
TTATTTGGGAAGGGTCAATA,47,17
TACAAACACGCCGGCTTGGA,50,25
ACTTAGGGGACTTCGAGTGC,54,19
TACCGAGATACCTACTAGTT,45,30
CGCACGTCGATCAGCAACCA,50,30
GGGGTTCTCTATAATGAATA,46,21
CACCATTTCGAGTTTCCCAT,47,37
TTGTCATCCCTCATTATAGG,47,32
AGATGCATCGGGAACCTGGG,55,15
CGGGATACCCCTCTTCTTGG,55,30
CAATGGACTCACGTGTGATG,51,21
TGTGTGACCAGCATTCGTAG,52,22
TTGATTGGAATCGCCCTAGA,49,24
CTCTCGCGACTTAATGTAAG,48,28
TCCGCGAAACTTTGGGTGGA,54,19
GCAGAACTATGAAGGAAATA,42,17
GCAGTATCGGGTCAGTACCA,52,22
CTATCGAGGGGAAGACAATA,47,17
AGAAACCTCAGTAGTGCTAG,47,22
CGGAAGTTGAGCTCGCTCGT,56,21
GCAAGCTCCCAGTTGCCTGG,56,26
AAAGCTCCTGAACTACTCTA,43,33
CGCAGCTGGGAGGCGCGGTC,64,14
TCTTAGTGCTACCCCTTAAC,47,37
TCGACTTTGATTTGAAAAGT,44,24
TCGCCAACTAGTCACGCTCT,50,35
TCAGGGCATATGCTGGTCGT,55,20
AAAAAAAACTGCGTCTTATT,38,28
CTAGTTTGATTGGTTGTTCT,50,25
CAAATACCTACTCAGTGGAG,46,26
GTTACCAGCAAGGCGCACTC,52,27
CTCAACAGTGCGTGGTTTGA,52,22
GCGGAGCGCCATCCAATTTA,51,26
GAGGTGCCTATGTCGTCTTC,55,25
AACAGGCTGCAGCCCGCTTC,54,29
ACTAAACTAGCTAGACGCGC,47,27
CTCGGGACCGAGAAATTAAG,49,19
CTCCTGCGGCTGGTGTGCCG,63,23
AGTGCCACGTACCGCCTGGT,56,26
AAGTCGGTTCACTCTAAAGC,47,27
ATATGAGTCCGTGGCGTAGG,55,15
TGAGAGGTTAACGATGCCCT,51,21
CGTCTCCCACGTCCGGGCAC,58,33
GCCGAACGAGTGATTTACTT,49,24
AGTACTAATTCTCCGAGCCT,47,32
ATAAGCATCTACTGGATAAC,42,27
CCCTTTTTCGGGCAGGCAGC,57,27
ACTGGTGCCAGGGACGAATC,54,19
TATTAACCCATAGCGGAAAC,43,28
AGCTACCAGGTGGTGCACGC,56,21
GCACAAGATCTGGAAACACT,45,25
TACTCGAATATTCCTCTGAA,43,33
GGATCCATGTCCCTTCAGAC,51,31
CTCGACTGACAACCGCAGCC,52,32
AACAGCTGTATGTATGCAGA,46,21
TACGGAGCTCCCGCTCCTCC,56,36
AACCAGTCGTTCCGCGTTGC,54,29
CGCCCTTCGCCATGTTTGGT,56,31
GTGCGCGCATGAAGGCGAAA,54,14
GGAACTGGTGGAACGCCCTC,56,21
TGCTCGTTGTCTATGTACTA,49,29
ACCCTCGTGTGAAGGTGACT,53,23
TCTATTTCCTACTGAGGTAC,47,32
TATGCCTGTCATCGAATGCG,51,26
GCAATATCGATTCTCCAAAA,41,31
CTAGATGAGGGTCCCACGAG,54,19
AGTTCGGCCACATCGCCCTA,52,32
TTCAAAGTTAACATCCACGT,42,32
GCTGGCTGCAAGTTCTTTGA,53,23
ACAATTTCGAACCCAACTGA,42,32
TAACATCCCAGCAGGACAAC,45,30
TGCCACTAATCTGAATTCTG,46,31
TGGTGCTTACGCCATCCTTG,54,29
GCGCTGCATATAGAATAGAG,48,18
ACTTAGGGGTATGTCAAGTG,51,16
CGGTATACGGTAATCTGGCG,54,19
CGTGTATAAGAATGGACTAC,46,21
AGCGGGTATCCCGCAGGTCC,58,23
TGCGGATGGTGGGCGTGACA,60,10
AAAGATCGATAATCAGAATG,40,20
GCTCTAAAAGATCGGGAGGA,50,15
AGTATCCCGGGTATGTACGG,54,19
AGTAGAAGAATAGGAGTTTC,45,15
TGAAATGGCTTAACCCGTAA,45,25
CTCTAGGCATAAACCACCGT,47,32
GTAACTCGAAACATCTAACT,41,31
ATCACGTGTCTCTCAAGAGT,48,28
TGGTTTCTATAAGGGATGCC,51,21
TACCGTTCGTGCCAAAATGA,47,27
GATGTGATGGTGATGACGGG,57,7
GTACGTGAGGTTGTCAAACA,49,19
ACGTAGGCGAGCAGTGCGCC,58,18
GCCAATTGGCACGTACAAGA,48,23
CAACCGTTGGAGTCCGCACC,54,29
GGACATCGTTGCACGCGATA,52,22
GATGCACCCTCCGCCCGCGG,60,30
CTGGATCGGGTGAGGATTTA,54,14
CAAGGACATACCTGACACAA,43,28
GTCTCCATCTCCTATAGAAT,45,35
CTTACAAGACCACGTGGACC,49,29
GTGCGAGCGAACATGGTTCG,56,16
AAGCAATCCTGAAAAAGAGT,41,21
TTATTGAGAAAATGCGTGGT,47,17
TCTACTTTGCCCAGAGCAAT,47,32
GGTGGTTCAGCGCAGTGTTC,58,18
GGCCGCCACTGCTTATTGTA,53,28
CAAGCAGGGTTATAGGTCCA,50,20
TATTCGGTGATCCTCTAACA,46,31
TGTGGGTCAGGATGAGATAA,51,11
GGTCCGCGTAGGCCAAGGGC,61,16
CGCAGGAACAACCTAAGATT,45,25
CTGCTGTGATCGCTTTTTGC,54,29
AGTAATTTCCGCATACACAT,42,32
CTGAGGTTCTGACTAAGGTA,50,20
ATATCGATTACTTGAGCGGT,48,23
CCACCCCGGGCAGGACATCT,55,30
TTGCAAGTTGCGTCCTTCCA,51,31
ATACTCTAGCACATTCTCGG,47,32
GGTGGATTAGAGGCAGCCCG,58,13
GAGCGTTACCATGACCATAT,47,27
CACGTACGAGCTAATGGCAG,51,21
CTACACTCATGCGTTGCGGA,52,27
AGAGCGCCCAAGTCATGACG,52,22
CAACAGATGGCTTGGAGTAT,49,19
CTATGGGCTACCCATGAGAG,52,22
GAGAGCATCAGCTCTAAGTG,50,20
ACGTATTTACCTTGCCACGG,50,30
TCCTGAGAAGGTACTGGGTC,54,19
ATCTAAAGACAATGGACGGC,46,21
GTGCAAAATGGATTCCTAGT,47,22
TATCCGACCGGCAACAGTAT,48,28
CCCTCGTACTCCAGCCACCA,51,41
CTCGGAAGGCCAATAGGAAG,51,16
ACGACACGACGCTCACTCTA,48,33
CTGATAATACATCTGCCAAG,44,29
CGTACAGATACTGGTTGCCC,52,27
TATCATAAGTACTGTTCGAG,45,25
AAGCAGCCAACAGTCACTCA,45,30
GGTTAGACGAAGACTCCCCC,52,27
GTCAATAAGCCTACATCGGC,48,28
GCTTTGCCATTTTATGGACA,48,28
CAACATTCCCACTTGGAAGA,45,30
TTGTCCCGCCAACTTTATAA,45,35
TGGGCCATTCCGCGCTCAGA,56,26
CATGACTGACTGGTGGTCCG,56,21
AATGAAAAACAGTTCCGTCC,43,28
TTTGCCTGACGGTGGGTCCA,57,22
TGTGTATTTGCAATCGTGAA,47,22
CTTGGATCTGCAGTGATCAT,50,25
AAACACGCTTCAGGCAAGCC,48,28
ACTAGAGCAATGCTAGGTGT,49,19
TTTTATTCCTCGCTCGAATA,45,35
AGTACTGCGGTAGAAGTCGT,52,17
CCTGTGATTATGAGCTCGCT,52,27
TCCATCGAATGTGGTTGTTT,50,25
ACTTTGTCCGTACACTATCA,45,35
CCGCTCATGACAGGACATTA,48,28
AGACGGGCCGCGGTTCGTGT,61,16
ATTAGTCTGGCGTATACAAT,45,25
ACCGCAACCCTTCAGAGCCT,50,35
ACGACCGACCGGTGCTCGCA,56,26
TTGAGGGAGATAAGTTGGGA,52,7
GTCCCCCAAATCCGAACACC,48,38
CCTTCGCTTTGTTCATGGTC,53,33
GTTCTCAATACTTTTAACAC,41,36
AGGCCCAAGAAGATGTAAGG,49,14
TCCACGACCCTGGTCACGTC,54,34
GCACCATACGAAACAAACTG,43,28
TTAGACAGGACGTAGTCTCG,51,21
CGAGCATTTAGATTTTGGCT,49,24
CATGGACGGATCAGCCGATT,52,22
AGAGGCAGAACGTCCCAGGC,54,19
TCCGGTCAGACGGAGACTGT,55,20
GGTGCTAAATCGACGATATG,49,19
GTACTCCGTTATTCAATCCT,46,36
CTGAGCGCAGCATTCTGGTT,54,24
GGGTCTGCAACAGACTTGAC,52,22
GTTTACGGCACGGTCGTCCC,57,27
GCTCATCGTTGCTCCCTCCT,54,39
GCGGTAGGTCCCCGACGTAG,59,19
CCCGCTGCGAATAAAGCTCA,49,29
CGCTTCCTACCGCTTGGAAT,52,32
ACAGCGGCTGTCGATCGTCC,56,26
TTTGGTGCTCATTAAGAGAC,48,23
ATACAGTCACCGGGGTTCGA,52,22
GTAACCGTCTAGCAAACTGC,48,28
AGCACGCGGAGACTGCTGTC,56,21
TGGGTATGTTACACGAAGGC,52,17
AAAGAGATATTTTGCGTGTT,45,20
CCTAGTCCACTCGATTATTG,48,33
GTCAGTGTCGCTTTGGCTTT,55,25
AGCCCGGGAACACACTATGG,52,22
AATTAGACTCCTTAGCTGCC,47,32
GGAAGGGCGGCCCTTGGTAT,59,14
CCTTGGATGCGGTTCCTCTG,57,27
GTCACAAGGAGATAGCCGCT,51,21
CCGGCATTCGTATGACTACG,52,27
GCAAAGGAGTAACTCCTTTT,46,26
ACATTCCTGGGAACCTGGTC,52,27
GTCATGCTGGGCCCATCCAC,55,30
AAATCTGGCTAGGGAGCCCT,52,22
ATGCCCTAGTACCTAGATTC,47,32
ACGCCCTCAAACGTTCTTGA,48,33
TGTTGATACATGGAGCTTCT,49,24
GGATCGTGGCAAACCACTAG,51,21
GGCCAATGGTCCGCAGCCAT,55,25
GCCAGCCATGCGCTTGGAAG,56,21
TTTCCCTGATGTTAGAGTAA,46,26
GATGCTATCCTCGCATGCTA,50,30
ACATGATACTCAAGCTCTGC,46,31
GGTTCTCCGTCAGAGCCGGC,59,24
TGCCAATGTTCAGAACAGCG,49,24
GAACAAAAACTTTTCACTAT,37,32
TGCACGATCTCGTCGTCTCG,55,30
TTAATGGCCGAAAATCGACT,45,25
CCGAGGACATCAGAGGTAGA,51,16
GATATCTAGTCTGATGTGCT,49,24
GCTGTCCAAGTAATGGTGCT,52,22
AGGTCTTTATGCAGGGCAGC,54,19
GGATTGCGCGGATGCATACG,56,16
CGTGAATGAGTATTACTTTA,44,24
CTTCTAGCTAGACCAATCAC,45,35
GCGGACACCGGTTGTTAACG,55,20
CTAGCCAGGGACTTAGCTGA,52,22
AGAGGGCGCGTAATATTTTG,51,16
CCATCTTTTTACGTCCGCCT,50,40
TTTAAGCAGTGACGCCAGCT,50,25
GCGGAGTAATGCCTCGCTGG,58,18
AGTTCCCGATGCAGGGGGTC,58,18
GTACCGGACGATTACATTGT,49,24
GAATCCCTGCTCTCACACTT,48,38
GGCTTCTGTTGCGGGCTAAC,57,22
TCAGGGGCCGCCACTGTATT,55,25
TCTTCGGTGAGCTCGGTAGA,55,20
GCCTCAGGTAGATTGAGTCG,54,19
AGTGGATCCAAGGAGTTGGT,53,13
CAAGGACTTGTATCGGGCTA,51,21
ATCCGACATGATTGCTTCTC,48,33
TAATAGAACGACGGGCCATC,48,23
CATTGCCTAATGCCAATGGA,47,27
CTAAAGGTGCGTGGAGTTCA,52,17
TCCAGCCACACCCTAAACAT,44,39
TGCAACGCTAATTCCGCTCA,48,33
AGCGGACTCGTGCATATGGA,53,18
GAGTGCTTCGAGTCGCACAT,53,23
CGGCGAAAGCGCTACTGCGA,55,20
TTGAAGGACGCTATCGTGGG,55,15
TAGTGACAGTCCTACCCTGA,49,29
AAACCCTGTCTAAAAGTAAC,40,30
CATATCCCCTGTCGGGATGA,52,27
GAAAGAACCAATCAGTACTA,40,25
GGCATCTGGCTATAAAGGCG,53,18
AAGTACAGGAAATTGTTGCG,47,17
ACGTGTATGTAGGGCAGGTA,53,13
CCCTTAGCGCTCCCATTCTG,53,38
GCAGCGACTGATCTTGGGGT,57,17
TCGTTAGGTTGAGCTAAGAG,51,16
GATGACTTGATGTCCAACTC,48,28
ACATTACTACCGGGGGTCCT,52,27
TGGGGAATAAGGCGATCTCA,51,16
TGCCCACATTATAACTCGCC,47,37
ATAACCCTTAAAAATTACCA,35,35
CGAAGGATGACGAACCTCTC,50,25
ATGTGCCCATATGAACTCCC,48,33
CTTGTGATTAGCTCTCAGAT,48,28
CCGGGTTGCGGGGCTTAATA,57,17
GGCCCATGGTCCTTTTGTGG,58,23
ATCAACGCAACTGCGGTCTG,51,26
CTGGTATTATAGTAAGTGCG,49,19
AGTAGTCTATAAGCACAGGC,47,22
AGGATATCGCTACGGGGTCT,54,19
CGTGCACTGATTTCCGGTGT,55,25
ATAGAGTCCGTTTGGGCCTA,52,22
AACAGCGGCACAAGCGCCAC,51,26
TGCTGTCATCCTAATAGAAC,45,30
TGACATTCGCTTCACGCATA,47,32
GGCGTTGGCGTGTCGGGGGC,68,8
CAAAGCGCTACTGTGAACAT,46,26
AGTGCGGTATTTGGTTGATC,53,18
TCATGCGGGTCTTTTTGACC,53,28
AATCATTCACCTCGGGGCAG,51,26
TCGATTCGTCCTCCTTAAAA,45,35
GTTTCTCTAACTGCTAAAGC,46,31
GTAATGGGAAGTTCTCACTT,48,23
GGCTACAATGCTTCGTCAAG,50,25
GCTAAAGGAGCTGACTGAAC,49,19
TGTGGAAGGGATGCGCTAGA,55,10
AGAATCTCGACTACAGTTTC,45,30
GCTAACGGCGTCCTCAGACT,53,28
ACGTTATAGAAAACCTTCTG,43,28
GGACACGAATTCGCCCAACA,48,28
TCGACCAGCCCCTACCGTGG,56,31
GAGAAAGTGGACGGCAGGGA,55,5
TTTGCCTCGGGTCGGTTATC,56,26
AGCAGAGCGCGAAACAAACA,45,20
GTAGTACTCGGATGAGCTAT,50,20
AGAGAGACATACAGAAAAAC,39,19
GAGAGTACTAATTCCGTGGT,50,20
GCTCGAACGTGACTAGACCA,50,25
TCTAACATCGCAGTGGGGGA,53,18
CTCTGGAAGCAGAGCGTAAG,52,17
CTTGTCTCTGGACTGGGTAG,56,21
GCCCCAGACTTGAGGTGCGG,59,19
GGGATGGAAGAGCTATCCGA,53,13
CATGACCTGTGCTTATCTGT,50,30
TGACCCCCTGGATCAGTTCT,52,32
GTAAGCTGACGTATAGGGGT,53,13
ATGTAAACGTTATTTGTTTA,41,26
AAGAGCGGAGTACAACCCGC,51,21
GGAGTGCGAGTCCTATAAAG,51,16
TCCCACATTAGTATGGCGGC,52,27
GTGATGGAGGTCCCATGTTT,54,19
CACTAGATGATGGTCACATG,48,23
TCCGTCTTAATGACCAGTTT,47,32
GCGGGGTCTTCGGCTGAGGT,63,13
ACACTTGGCCGTGGTACCGG,57,22
ATCCCGAACCTAAAAGCAAC,42,32
AACGGGTGTTCGCCCACATC,53,28
ATTTGCACTCTGGTATGAAG,48,23
CCAAGGAGAACGCTAACCCC,49,29
TCAGTTGGGCGCGATGTAAT,53,18
ATGGTGCGCCGTCAGTGATA,54,19
AGACAAGTACCTCCGCGACC,50,30
CATTTAAGGGGGCGACCTGT,54,19
GCGCCACTAACAGAACGGTC,51,26
GGTTTTACACGACGGTATTG,51,21
AATCTATCCGATTGCAAGAT,43,28
CTAGGAGTGTTTGTTGGTGA,54,14
CGCTGTATATGAGACCGAGG,53,18
CCTGGTTTTACTTTCCTAGC,50,35
CAATCCGCTTACAATAAAGG,43,28
TACGTGCAGAAGTTCCACTG,50,25
CCCCATGACGGTTTCGAGGT,55,25
AGGTGGTTATCTTCACTAAT,46,26
GATCCCGAAAATACGGGGGA,51,16
CCAACACACTCTGCGCCGGT,53,33
TTACCAGTGCCTCGGGTCCT,55,30
AATGTTGGTGAGGATACCCT,50,20
ACTGGGCCCGACCCCAAGGC,57,27
CTACAATCTTGCTCCCCAAG,47,37
AGACTGCACTACCAAGATCG,47,27
CCGCGTGCAGGCAAAAGATA,50,20
CAGGGGTCTATTCCGTCGCG,58,23
GGAATCGAATTCGCTCATCT,48,28
TACGCAAACCATGCCTCTCA,46,36
AGACCCAGACGGTGTGATCC,53,23
AGGCGGCAGAATTGCAGGGT,56,11
CCACGCTCGTAAGCAACCAA,47,32
TGTTCAGTATGACATGTAAC,45,25
CGTGAGTACTCCGACAACTC,50,30
CACCATTTCGTTCCCCGTAC,50,40
TGCTGTTCACTTCCACCTAA,47,37
GTAGGGACTGGTACCGTGTT,56,16
CCTGCAGCAAGAGCGTAGTG,54,19
CTTGACCTACGCTAAATTGT,46,31
ATCTATCCGTGCACAGGGGA,52,22
CCAAGTAAGAGATTGGAATG,46,16
TAACTCTAAAAACGAGTTGT,41,26
CGGACGCCCCACTTATCTTG,53,33
AGAATTTAAACCGTTGGGCC,48,23
TCGCACGGATCACAGGGACT,53,23
GTCCGTGACGTCATAACTCT,50,30
ATACGCCTATCTCGAAGTCG,49,29
TCAGGGAACGAATGTGCTCC,52,22
CTCACTTAGCAGTTGCCTAC,49,34
TGCTGCCCCGAGGCAGAAGG,58,18
GTAACGGGGTGGTGGAATAC,55,10
CTTACACGTGAGATAGGTCT,49,24
CTCTGTACTTGAGTAGGTTA,49,24
AACGGTTCACCTCGAGGCAC,52,27
CTCGACCGGGAGGCGTGCGT,62,17
GGCAACGCAAAGACACCGTG,51,21
TGGCTCTGGGCTTAGTCCTC,57,27
CTTGAAACGGATCTACCGAC,48,28
GACCTCACAACGACACGGTT,49,29
CTCGGGCTATTTAGAGGTCG,55,20
GGAGTTAAACCCTTATCTGG,49,24
CGTTGCTTCTTATCGATGGG,54,24
AAGGTTGGCTTTTGAACGTA,49,19
TACCGTGGTCCGGTAGGGAC,58,18
CGTAGACCATGGCATTCAAC,48,28
GGACGTCAATGGCCGCTCTT,55,25
TTGAATTTTCTTTTTAAGAG,42,27
AGCCGTCAACCGCGGGGCAA,56,21
TAGCTTAATGCCTGTCATGA,47,27
TGTCGTTGTCCAATCATCGC,51,31
TGTAGATTTCGCTAGAAGAT,46,21
AGATATCTCGGTCTTTCTCA,47,32
AGCGGTCCGTCTAGTATACA,50,25
AGAATTACCCCATCTCCGGG,50,30
GAAGTCTCACATAAACACTA,40,30
TGCGACTCAAACTAACCATT,43,33
GGGGTAACGAACACTCACAC,49,24
AACGATGATATGGGGATGCT,50,15
CCAGGAGGACGAACCCACTT,51,26
GAAGAAACTGGACACCCGCC,50,25
ATAGGTCGATTCTTGTCTAC,48,28
ATACACCGTGCTTGGTAGAC,50,25
GAATATAGGGCCGTTCATCT,49,24
TGAGGCCTAAATACGACTAC,46,26
AAATTTATTCATTATCCTTT,37,37
TCTAGAGAATACTGAGATAT,42,22
ATGGTTTCCGGCAAGGTTCA,52,22
GCGTTGTTGGGTTCAGATTT,54,19
AGCATCAATTACTGATCATT,41,31
TGACCTTGTGTTAACACCGC,50,30
TCCAAAACGAAACATGCCTA,41,31
TCCGTTTCCTAGACACAGTT,48,33
GTTGAATGGGCGACCGCCTC,57,22
GCATCATTCTAGGACGAGTC,50,25
AATACCTTCGCGTATCCGGA,49,29
TGTTCCTCGCGTTAGCCATT,52,32
CACAAAGCAACGGCACATCC,46,31
GAACGTCGACGGAAGTCGGA,54,14
TGCGACGTTGTACGTACGTA,52,22
TCAGCACGTTCTAAAGTCGC,49,29
AGAGTCTTTCCTACAGACGG,50,25
ACAGGGGTTTTCTTCGCGCA,54,24
CCCGTCTGATTGAGAAGTAC,50,25
AGCAGGAAAAGCATCCACTC,46,26
CACGGGGATTCACTGTCTTG,54,24
TGTAGAATTATCTAATTTTA,38,28
AACAAAAGGCCAACGCTCCC,46,31
ATAATCACTCGCGTGCGCTG,52,27
TGTTGATCTATAAGCCAATT,43,28
ACCCATATTACAAGACTCAT,40,35
AACCGTGCATGGCTCATGGT,53,23
CGTGACTTGACGACCCCCGG,57,27
CTGTAGATTATAAAGAGAGG,45,15
GCAGTTTCTGTGAATTGTCA,49,24
GCACTACGGCATATCCGTCC,52,32
GTGAGGTCTCACCGCCGCAG,58,23
AATCGAATCAGAGTCAAAAA,38,23
AGCCGGAAGGCACGTGGGAA,56,11
ACCGGGGTTTGGGGCTGACA,59,14
TCTCCCGGCTCCTATTCGGC,56,36
GGCGATGCGAATGTGTGCCG,59,14
AGGTGAATCTCCCTCGCAGG,54,24
CCCAGACCCTTCTGTTTACT,49,39
TGGGGAATAACTACAGTTGT,48,18
TTAGGGGTCGGGTGGCAACT,58,13
GCATGCTAAGAGCATACGTT,48,23
GGGTCCCGAGCGGTGAACAA,56,16
CGCCCGAGCTTCCCACCCGT,57,37
CGGGCACTAGCAGATCCGTT,54,24
CTCGGTAAGGCGCGCCCCCA,58,28
GGCGTGAACGACCATTTCCC,53,28
CACGACTATAATTTCAAGCT,42,32
CGTGTTTTTGAGCGCTGTTT,54,24
CTCCTCTTCGTTGCGAATCT,51,36
GAAGTAGACCACTGTCTTCT,48,28
ATAGTCCAGCTGTATCCCGC,51,31
ACGTGCAGGGTCCTACGGCC,58,23
CGAAGTATAAGATCTGGAAC,45,20
CTCGTTTTCCAGCGCTACAG,52,32
ACCCGAAGGGTCTACGCTAC,52,27
AACCACGGAGAACTTGTACC,47,27
CTATGGGTTGATTTACCGCC,52,27
TACTGCCAGAGGATCTTTCA,48,28
GGTCGTTTCATGTTAGGTAC,52,22
CAAGCACTTCCGGAATTGCT,49,29
GCGGTGCCATCAACTCAGAC,52,27
GTCCCACTGCGCTCTATAGG,54,29
GAGTCTCGTCGCAGGTTAAG,54,19
TGAGACTAAAATGGGTGTGC,50,15
ATAGTCCATGTGGTAACCGC,50,25
TTACGGTGCTCGTGTGGTGT,58,18
GCGTATCAGTGGTGCCAGAA,53,18
CACGTCGTCTGTTCGCTAGA,53,28
TTAGTTACATAACGTCGATA,42,27
GACATATCAGTCAAAAGCTC,43,28
CTAACATGATGGGCATCAAT,45,25
TGTGAAGTGTCCGTGATAGC,53,18
CTAGGATATACCCGGCAAGT,49,24
GAGAGCGCTACGATCCTCTG,54,24
GGTCGAGGGAGGCTAAGCAG,58,8
AGAGATAGGACTCCGATTCG,50,20
AGCAGCCGTCAGGCATGACG,55,20
GGAGTCTAAGTGTCTTTGTT,51,21
TTCACAAGACGTTCCTCGGG,52,27
GGAATTACCGTAGGTCCTGA,51,21
GGACTTTGGGAAAGATTACA,47,17
GCACAATTCCTGCTGTCGCG,54,29
TCTTGTCTTTATATTGTGTC,47,32
CTGTAGTGCTGTTACCAGAC,51,26
AACACAAGGAGGCTTTTATT,44,24
ATCTGATAATCACTTGTCGC,46,31
TTGGAATGCTCGCGAAACGG,53,18
ATTTCACTTTTCAACCGCGA,45,35
GGTCGGGTACGTCGGAATCA,56,16
GATGGCGGGCTTGTAAAGAG,55,10
CTGAGGGCGGGGGGTCGACC,65,10
TAATCACGCAGTGCATGGTC,50,25
CGCCAAAAGCTATTTAGGTT,46,26
CTACCTTGATCATGACTACA,44,34
ATTTTACGGTTCCAGTCGCC,51,31
ACCTCACACGGCCGCGGGTG,59,24
CGTTACCTCCACAGATTGAC,48,33
CTCTTGCACTGCGTATTGGC,54,29
TCCTCCAGGCCTGGACAAGC,54,29
CGTTTCTCTAGAGTTGTGCG,54,24
GACTCCGTAACACAATCAGT,45,30
CCCAATGGCGGCACCCTCAT,53,33
TCATACCGGGAATAGTTAGT,47,22
TAGAACGGCTGGCTGGATTG,55,15
CGTGGGTTCTATTCTCTCTA,51,31
AGTTTGCCAGGGAGTATATA,48,18
ACATGTACCGACGGACATTC,48,28
GTGCTCCGGGTTAAGCGGTG,60,15
GGAATCTCACTCAAACCCGG,49,29
GGACGGGCTCCCATGTCTGA,57,22
GAGGTCCGGGTCGAAAAGTG,56,11
CTCCTAGCCGGGCCAGAACG,56,26
AGCGCATGCAGTTCCCGCTA,53,28
GGAATGCTCGGGGGGAGTGG,63,3
GCTTTCCCTTCGTGAGGCGA,56,26
TGGATGTGATACATCAGCGA,49,19
CCGCGATCGGTACCCTTCCG,57,32
AATTTAATAGCTTCCCCCCG,46,36
TATCGGTCAGGGCCAGGCAC,56,21
AGATGGTGAAACTCTGTGGG,53,13
ACACCTCATCGCCCATGGGT,52,32
TCGGGCTGGATGCGTTCCTG,60,20
TTCTCTTTTCCGTTGGTCTT,51,36
CACGGGCAGACCTACCAAAG,50,25
ATCCGCGGGTTAAGAGAATG,51,16
CGCGTGTACTCGGCGCTGCC,61,26
CGTCCCAAATTCGTCCCACC,50,40
TCTCCCAGTTGCCGTATAGA,50,30
CCGGGTCTTATCTTAGGGGT,56,21
TCCTCACTTTAGATGGTGAG,50,25
TCAAGGTTTAGGTGTCACTG,51,21
TTGACTTGTCAATAGGGTGT,50,20
AGATATTGTCGGCTTTTGCT,50,25
TGCGGTTATGTGGATTTCGC,55,20
CCACGACAGCGCTGTTGTGA,54,24
CTTGTAACTCTGACTACCGT,48,33
GACCCATTATGCTCACAGGA,48,28
AGCAAGTCGTAATGTGTCCC,50,25
CCTCCGGCTCATACCCTGTA,52,37
CGTACATAACGCGTTGGCGA,52,22
TGTTTGCTCAGGCCAGTCCC,55,30
GTATGCAGTTCACTTGCGAT,50,25
GTTTTTATCACAATGAGTCA,43,28
AACAGGGCGATCAAATTGAA,44,19
CGGCGGGTTGCAGTAGGGTC,62,12
CTACCTTACCCATAAGCCGC,48,38
AGGTCATCTCGGTAGCATCG,53,23
CTAGACTTCCAAAACACTAC,41,36
CTCGAGTCTCTTAAGTGCGG,54,24
TATCTGACCTTCTGGTGCCG,54,29
AAATCGCTTGAAGTCCGTCT,48,28
ACTCGTGGACGTCGCATTAG,53,23
GCCGCCGTGCACGATGCTAT,56,26
TTGGACTAGGATTCGGCCTA,52,22
GGACTCTCAAGACAGTTGGG,53,18
ATTCAACTTTTCGTACAAAG,41,31
CCCTACTACGACTAGATTGT,47,32
CGCACCACTGTGAGAATGAG,51,21
TACAAGATGATAAGCTACGC,44,24
GTCGCCCCACTCCCGCCGAC,58,38
CTACGGGACAGCTGCCCGTG,58,23
AAACAGCGGAAGACTGGTAT,47,17
CACCGAGGGCAACTCTATGC,52,27
CCCGAGACATCTAAACCAAA,42,32
CATAGCTCTGTCTGAAATTA,44,29
ACCTATCGCTTGCATATAAA,42,32
CTTTAAGCCCACGGCGTTAT,50,30
GACCACCATCGACACGAAAT,45,30
CCCTGGTTAGGCTAGGTGTG,58,18
TACCCTCTCTTTGCGCTCTG,53,38
GACCTCCATTGCTGACACGT,51,31
CCGATTAGCCAGGACCTAGT,51,26
TCCGCGAGTAGGAAACCTCC,52,27
TCTTCCCGTATAAGACTCTA,45,35
GACGGTCAGTAACAACTCTA,46,26
ATAGTGGGTGGTACGGGTGC,59,9
TACGGATACCCCGTAGGGAG,54,19
CACCTGAGGATATGGTTGGC,54,19
AGCCCGTTTACAGCCCTATG,51,31
TTCAACGTGCCGCAGAGCTG,54,24
CTCGCGAGGCTAATCTCAAG,51,26
TCCGTTTTCCGCTTAAGGAA,49,29
CTCTAACTTGTCGGGAATGT,50,25
TAGGGCACAGCAGATTACAT,47,22
ATCCACTTGGTGGTACCATT,49,29
GGAGATCGCCCGTTCAAACG,53,23
TCTCGGCATGCTGTAATTGG,53,23
CTTCTCTGTCTCATAATCCA,45,40
CCGTGCACCTCGTGGAGCAG,58,23
CGAACGTCATGCCGTACACA,49,29
GACACGTGGTACTGTGACCC,54,24
TGCTTCTCGGGACTTCCCCT,55,35
ATATGCCGATGGTGGCGGTA,55,15
ATAGAGACATTGCACGGCTA,47,22
TCGTTTATGACCGCGCTATT,50,30
GACCTAGAATTCAAGGCCGA,48,23
ATCGTCTAATATAATATGTC,40,30
CGTAACCAACGTCAGGTCAT,48,28
GCCGTCGAATGGCTGGCCGG,62,17
GGACTAATGAATAGATGAAG,44,14
GAGTTTATCCGGATAGCTTG,51,21
ATTATCTACGGATGGTCCCG,51,26
AAAAGTTAGGACTTTAACGA,41,21
TCATATGGATCGGGACAACG,50,20
GGTCTCAATTCTGTTCCAAA,46,31
CCTTTAACTGCGAAGGCGAG,52,22
AGGAGCCCCAGCGTAAAATC,49,24
AAGCTTGAGAGATACGTTAC,46,21
CTGATGGCGGGTAGCCTTTA,55,20
TTACGAACAACTACTTAGTC,42,32
CAAGCGCGCGTGACTGCAAT,53,23
AGTCCAGCCCGTATCAGTAT,49,29
AGAGCCCGCGAGACAAAGCC,52,22
AGTGACCGGTAAAACGAAAA,43,18
TTCCCTGAGTCTCAGCGACG,54,29
AGCTGCACGTAGGTCTGTCG,56,21
ATACCTTACCTTATCCTGAG,45,35
GGAAGTTCGTCAGCCACCCC,54,29
GAACAACTTATACTTTGTTG,43,28
AGTCAGAGGAGAACAGGGGA,52,7
CGCGATGTGGTCGCGATGTC,59,19
ACCCTGCCTCTTATCATTAG,47,37
AGCGCTGTTGCGGATTCTCC,56,26
AGAAGAAACCGGCATGTTCT,47,22
AGCTACACTGCGTAATTCCG,49,29
CGTCCGTGCTGCATCCAACA,52,32
GGGGCAACAAATCATCAAAC,44,24
ATAGCTTGTTATTAGCTAGA,44,24
AGTGGTCTGTCGCCCTCGCA,57,27
CCTATCACAAGACCTTGACC,46,36
AGGTGCGTTGTAGAATGGTG,55,10
AGCCACTACCGACGCTGTTA,50,30
TGGCCCCCTCGGGTCTCAAT,56,31
CTTCATGCAGGCGTTCCAGT,53,28
CACCGGTTTCTGTAATACGA,48,28
CCCCGTTCGATTTCGCTGCA,54,34
GTAAGCTCGGAGGACAGTAT,51,16
CGGCTGCTGCCTTGGCAACA,56,26
AGAGATGGTATAGCGCGTTA,50,15
TTTGGCAAAAAGCTCTGTGG,50,20
ATTTCTGGACAGGCAAAGTC,48,23
GTCATTCTGTCGAAGCCGCG,55,25
TACATAAACTGTCACTTCAG,42,32
CCTCCCATATATCAGCAGAA,44,34
ACGGTTACGTCAAGCGCATG,52,22
GCTACACGCACGACTTTATC,48,33
CTCGTGTACACTAACGATGC,49,29
ATTCAAGCTAATTTAATAGA,37,27
CCATTCGACGCTATGGGCCC,55,30
GGCTTTGCGCGACCGCCCAC,59,29
CAACGATTCTTGGGTCAGGC,53,23
ACAGAAACGGCCGATGGATT,49,19
AGCACTATAACACCCGAGGT,47,27
TTTATACCATCGTCTGTGGC,50,30
GACCGGGGGTAGGTCCGGAG,63,8
AATCGGATTAAAAACTGTTG,42,22
GATTGTCAGGGGCGTACTGG,58,13
CCACCAACGGCCACTCAGCC,52,37
CATCAGTGACTGACTTTACG,48,28
ACAATAGATTACCTTTGTTC,42,32
GGGGCCTACTTTTCCCCCGG,59,29
TAAAAAGTGTTCCGAGGCCG,50,20
GCTTACTCATGCCGCACGCT,53,33
GCTATGTCATTTCCACCCTC,49,39
TTCGCTCCGGCTGGAGAATC,55,25
TGGTAGGTAGAGGCCGGAAC,56,11
GACTGCAATGTTGCTAATCA,46,26
GTCGGGCATAAACAGGTAGG,53,13
TCGCAGTACTCATTTGTTCT,48,33
CCAACTACGAAGGTGCCGGG,55,20
ATTCGGGTTTCTTACTGTGC,52,27
GCGAGCCCGATTAAACCAAT,47,27
CTCATGAAGATTTGGCGCTA,49,24
ACGGCGTGATATGAAGGAAC,50,15
CGTTGCGACTGGCCGAGTAC,57,22
ATTGTCCGCCGGGGCATCTT,56,26
GGACTGTGAGAAGCGGAACA,52,12
GACCTTCCGTCTTGGTTCTG,55,30
GGCCCCGTCGAAAGTCAATG,53,23
ATCTTCCCGGATAACTGTCA,47,32
GGAGATTTTAGTTGCCATTA,47,22
CGGTGAAGCTCATCATATGA,48,23
GAACACATCTCCTGGGGGTA,52,22
CATTGGTACCTGCCATACTC,49,34
GGGAACAAGTGATATAAATG,44,14
GGGACAGCAGGCAGGCTGCT,59,14
TAAATCAAGTTAAAGCTCGA,40,25
CTGCGTGGCCGCTCCACAGG,60,25
GGAGTAGATCAGCGCTTGGT,55,15
CTTTTAATTGGCTTGACTGG,50,25
ATCAAGACAACAAGTGCTGC,45,25
CTATGGGAGGCCTGGTGTGT,59,14
AGGTATAAGAGGGCCGTCCC,54,19
TTCGGCTTATATTGAAGGAA,46,21
ACAACGCATTGGTCTTTCAT,46,31
CAGTAGACCCCCGGACCTAA,50,30
CGTCTAAACCGCATAGATAG,46,26
GTGGACATCCGCTCGAATGG,55,20
ATGAACTCATCAAATTAAAA,34,29
CTCTGCCCTTAGAGATTCCT,50,35
TGGAGGGTTGAAATCTGGGA,54,9
AGCAAAAACCTCCTTTGCCC,46,36
GGCCACACGGTGAAACGAAA,49,19
AGTTACTCGCGATGAAAAGC,47,22
CACGAGCGATGAGTCAAACA,47,22
GCGTCATTTAACAAAGGAGA,45,20
TAATTCTGACATAGAACCAT,40,30
CTTTCAGCACGACGTGAAAA,46,26
CATCGCGCCCGAGGACATTA,52,27
CGCACGCACCTCCAGAGAGG,55,25
TGCTAGCGTCATAGCAAGTG,51,21
TCGCCGGCCAACATGTGTTA,52,27
AGTTGACCACGCTCTACAGA,48,28
AACTAGAGCGCGCCATGAAT,48,23
ACATTTTTTACCGTTATTTC,42,37
ACCGGAACGGTCCCCTATGC,54,29
CTATACGACGAGGTGGATCC,52,22
GTGAGTTAGGATCATGCAGT,51,16
CCTCGTGTATTAATGTGCAG,50,25
ATCTGGGTGGCATTTTTGTC,53,23
ATTTTGCATAGCGCGGCATA,49,24
CCACTAGACGCTATCTCTGA,48,33
CGGTTGTATCTACCAACATA,45,30
CGGGTGAGAGCGTCTGAATC,56,16
ATGGACGCACACAAGGAGCG,52,17
ATTTGTAGAGCACTGTGGTT,50,20
CTGCGGCTCACTGGAAGCTA,54,24
CCGGCTAATCAACTACCAAA,43,33
TTCTGTCTTCCGTCATCCAT,49,39
TTATCCCACCGGTGCGGAAC,53,28
GCGACAGAGTTGCTCTACTT,51,26
ACGCGAGGTCGTTCTCCGGG,60,20
TTATCCTAAGTTATTAGCAA,40,30
ATTGTGCTTTTGATGCCGAA,49,24
AGTATGCGGGAGTATGCGGG,58,8
GACTGCCGAGACTCTTTCCC,53,33
GACCGCGTGGCCTCGAACTT,56,26
AAGTCCAACACCCTTTATAA,40,35
CCCCGTTATTATATGTACGT,47,32
CCATGGCGTGTGACAAACTA,49,24
TCCCCCAGATGTCAATACGA,47,32
GTGAATCACGCTAGTTGTGG,53,18
CCGCGCCAGATCCGCGCTTG,59,29
TATGACTTTCACGAATGCGG,49,24
CTCCTTCAACGGTTCGCCTC,53,38
AATCCTGCGGGCACAAGAAA,47,22
AGTGGATGGCCTTAGCTACG,54,19
TTGCAAACTGGACGTTTCTA,47,27
ATCCACTGAGTCGCGAACGG,53,23
ATGTCACCGCCCGTCCGCAG,56,31
GCGATGGCCTTGTAATAGGC,54,19
CCTCTTTACAACTGGACGTG,50,30
CGTATGGACGCTTATGGCCG,56,21
GTCGGCAAGGATAAGCAACC,50,20
GTGTGGAGGTAGGTCATTCG,57,12
AGCTCTGATACGATCCATAT,45,30
GTTTTCTCAATATTGCAAAC,42,32
GTGGAGTTTTAATCGGACTA,49,19
TGACAGTTGCATGTTGAACT,48,23
GCGCAAATTGAGCGCTAGTG,53,18
CTCGCGCTACTTCTACCTCC,52,42
CACTTCAGACTCTACAGTTC,46,36
ACAATTTATGGGACACTTGT,45,25
TAATGATTATGAGCTGGAAA,43,18
CTTGGCGAGTAATCCAGAGA,50,20
AGGAGGGAAGCACACATATT,47,17
CATTTCACACACCAAAGAGT,42,32
CGCCAAGCGTGCAGCGAAGC,56,21
CAGTAGATAGACAGGGTATC,48,18
TCCGAACCAGACACTACTCA,45,35
ATGCGGGCAAGACTGGCCGG,59,14
GAGTGCGAGCAATCTGAGTT,52,17
CAGTGCATGATTAACGATCC,47,27
TATCACAGTGACAATTCGTT,44,29
GTACAACGGCCCCACTCGTA,51,31
AAGAGCCCGTTATTCCTGGA,50,25
GGACAAAACTATGCACATAT,41,26
TGGCTATGCAAGAGGTTGTA,51,16
TGGCTGAGTGTCAGTCCATT,53,23
TTGGAACGTAGGCGTTGTAG,54,14
TACGGGGGAAAGCCGACACT,53,18
TCCGTCCTAATGACTTACAT,45,35
CGTCAAAGAGGCGGTGTGTC,56,16
TGTCCAGACGTACGCCCGGG,58,23
CGTAGGCCATCCTACGCGGA,55,25
CAGTTAAAGCTAAAGGTGGA,46,16
GTAAGTGTGGGTACAAGCGG,55,10
CACATACTCAAGGCCGGTTT,49,29
AGCTCTACACTTGCACTGCA,48,33
TACCGCAAAAGCCAAACAGC,44,29
ACGAACTTTGCTAGCCGGCG,54,24
ACCGGCCCTGGTCCTCTTCT,56,36
TCTTTTCACGGTAGTTTCAG,49,29
ATAAAAGTATCCAAATGAGG,40,20
CAAACTACATCGCGGTTCGT,49,29
GGTAGACACCATTTGACAAT,45,25
AGGCTTGAACAGCCGAATAT,47,22
AATCACCGAGCGGCATCACA,48,28
CCTCGTGGTAGGCCAGGGCG,62,17
GGTTATAGTCCGGCGTGGCT,58,18
GGTTGGACCCCGGTTCGCAC,59,24
TATCGCAGCCCGTTTTCAAC,49,34
GGGCATGTGAGCGTGCATAT,55,15
TATGATCTTCCCAGGAGGGC,53,23
TTGTAAATGGGTATATCACA,43,23
AAAAGCCAGTATAAATATAG,37,22
AACGATTTAATTCTTAACGA,39,29
TCGGGCCTAGTATCCAAGGA,52,22
AAGAGACTCGGGGTTCTTAT,50,20
CCTAGGCGATCCAACCCTTA,49,34
CCGCACCGGTTACTAACCTG,52,32
GCAAGCGGTACTATATTCGT,49,24
AGCTTTAGCAGCCCGTGATG,53,23
GCCGACCGACAGTAAGCCGC,55,25
CTCGGATCAACTAGCATTCT,47,32
TACTGCCCAGTCAATTTAGT,46,31
TGGATCGTCTCTCAGCAGTG,54,24
GGCAGGGGTGCAAGATCCTC,57,17
TCCAGTTTTATCGGTGTATG,50,25
GCCTGCGTGGACATGGTGTA,57,17
TTCAGTGCGGCCGGCCGCAG,61,21
ACCTCCTCGGCTCCGGCCAG,58,33
CTGTGCGTTTGGATGTGCTC,57,22
GTGCTATCCTATAACATTGA,44,29
GAGCATAAAGACTCGCACCG,49,24
GCCCGAACGAACCACTCAAC,48,33
GTCCAAGGGTTTGTATGCCC,54,24
CAGCCCGTCTTACTCGTGGG,57,27
GCCATTGTACCGGCGTCGAC,56,26
CAGCGAGAGGGAGACGATAA,51,11
AGTGTCTGGCTTTATACAAA,45,25
AGCCGTGATTCTATTCTGGA,50,25
AAAATGCATCGAACTATTCT,40,30
TAACGCCCGAAACACGTTTG,48,28
CTAGTCGGCTTCACTGGTTT,53,28
TTAAGGTCGTCAGTTATGGA,49,19
ATGGCTGCCATCCAGCCGTC,55,30
GAGCCACCGCTCCTATACTA,49,34
ACTCGCTCAACTGTGAAAGC,48,28
TCTACAGCAGTCCAGCCGCA,51,31
AGTCCAAGCAGCAGTGGTTC,52,22
CAAACACTCACCTAGTCTCG,46,36
ATAGGTTCGCTCCGGGCCAG,57,22
GTGAAGGATTGCTATCGACT,50,20
CACGTCGGACATAGCGGAGC,55,20
GTGAACGCCCACCGGTCTTC,55,30
CACTGGCAGCCTTGGATTTT,52,27
GTCGACATGAGCCTAGAATC,49,24
CGTTTCTGTGGGGTCCCTAC,57,27
AACCTCCCTTGGACTCGGAG,53,28
TCCCCCGATTTCCATCATCT,48,43
TTAAATACAATTCTGTCATG,40,30
CAAGTGGTCTCGCCAGCCGT,56,26
TTTCTCGTTGGACATGGTTG,53,23
GTTGGGCCCATAGTCTTCCA,53,28
GGGGGCTGTAATTATGCTTC,54,19
ATGTTAATTTTACATCGGAG,44,24
GTCAGTACACTGCTCTCGCG,54,29
AAAACGATCCTACGTGTTAA,42,27
GCTTACGGGATAGTCGATGC,54,19
CCCTGATCAAGTTACGCTCA,48,33
AGACGGACAAAACGGCGATT,48,18
ACGCCTTTCCGAGAGGGACT,54,24
CCCAGACCTGAGCGAAGCGA,53,23
AGGCTTCAGAGTGTGGGCAG,57,12
AAAAAGATGACGCACTATCC,42,27
AGACGTGCTGGATTAAATAG,47,17
TATGTGCTATCGTGCTGTGA,52,22
TACGTACATGATAGAAAGCT,43,23
CCACGTTTGTGTGGCAACAG,53,23
TTAACCTTATTACCCGCACC,45,40
AGATAGAGACGTCGGGTGCA,53,13
TTGGGATGTCCTCGTATAAA,48,23
CGCGATACTCAGATTCTCGC,51,31
CGTTAGTGACGACCATGGCC,54,24
ATCCAGGTTTCCAGGTCTAT,49,29
AGAACCGCTACCAGGCTGGA,52,22
ATCTTTGGGTCTCTGGGTCC,56,26
AGTCAGTGGCATTTTAGGGT,52,17
GCTTCCTAATACGGTAGTTT,48,28
CTTTATGTGGTACTGGTGTA,51,21
TGATTCTACTCAGAGTTACG,47,27
CGCGTCTCAGTCCCAAAACT,49,34
TCGGACACAGTGAGTGGAGA,53,13
GTTTTATGTTCTGATTAAGT,45,25
ATGGAGGCTTCTAAAACATG,46,21
GCATTGAGGCGGCCAAAGGC,56,16
GAAACTCGGACGATGTATCG,50,20
CCCCAAATTTGGTAATGCTC,47,32
AATCTTCAGAAGCGCTTTAT,44,29
CCGCGTCCTGTTGAATGAGC,55,25
TTCGTCCCAGCTCGCTGGAT,55,30
TAACCTAAAGATCCGGGTTC,47,27
TGCTGCCGTATCACCCGTGA,54,29
TCATCTCCGTGGAACTCCAT,49,34
CTCTCAGTGCCCGATTGCCT,54,34
CCGAGCAAACACCGGCAGAT,50,25
TCCTAGGGTCCGCTGGGTGA,59,19
TCTCAAGAATATGGCAAGGG,48,18
TTGTCTGGGAACGGTGAGGC,58,13
GCCCATTATCATTGTGCCCT,50,35
GGAGGTCGTTTGAAACTAGG,53,13
CAACTCCTACTAAGCACACC,44,39
GCCGACAATGTACCCTGTCT,51,31
CCTACCAAAGCTATCATCCG,46,36
GGAAAGATCCAGAACAGATT,44,19
TGTCCTCTACTCTCGGAATC,50,35
GGTGGGACCTCCCATCTCAT,54,29
TCGCCCCTTTTTGGCGTTAG,55,30
CCCGGGCCAATGTGCACTAT,53,28
CTAATGCAATGTCAGCAATT,43,28
CCGGGGGGAAATGACTTCTG,56,16
AATTAGAGGTGCAAGCCCAA,46,21
ACATTTCAACGGGGTTTCGT,50,25
TGCCCTTTTGCTAACTGCGC,53,33
AGCCCCCATGGTCGATTTAT,50,30
GTAGCCACTTCTTATGGACG,51,26
AGTAACGCAAAAAGGAGTCC,45,20
CCCGCTGTCCGGCTATCGGT,59,29
TATCTGCTACTGCACCGCGT,52,32
TTCGGCTGTCTTTGTAGATG,53,23
CTGCCTGTTGTCTCACCAGT,53,33
ACTCGGCTTCGCTAAATCCT,49,34
AGGTTCTCGTGGTTATGTCT,53,23
GGGGCGAGCACAGGCAATGG,59,9
CCAGCCCACCACCGTATTTG,51,36
CGTCGTCGCTAGTGCAACAC,53,28
ATCGGCATTGCCTGAGTTGC,54,24
TAAAGCTGCTAATTTAGGCG,47,22
CCCATCGCAGAGTTGTGAGT,53,23
AGGGCACATACGTAGGCAGG,54,14
TTGGTTTCCCCGTACAAGAA,48,28
TCAGCTGTACCGGTTAGTCG,54,24
AATGAACCTTAGATCCCGGT,47,27
GGAATAAGAAGCAAAAATCG,41,16
ATGATAGATGAGGGAGGAAC,49,9
AGGCTCGCCCCCCGACCTGG,60,30
ACGCAACAATGACACTTCAA,41,31
GAAGTCTCACAATTGTCCTG,48,28
CTATTGGTCACGGTGCCTTT,53,28
GTTTCTCAAAGAATGATCCC,45,30
CTCGACGTTGCCAATTTGTC,51,31
TCGCCGAATTGGTACGGATC,53,23
TAGCTTGCGGGTTAAATGCT,51,21
ATACCACGAAGCCAAGTAAT,42,27
CTCAATGCTGTGACCTCTGC,52,32
GCTCATCATACTACCCGAGG,50,30
CAGGAAGTCCCCGCGATCTT,53,28
GGGACCAAAGGCAACATGAA,47,17
GTATGGCATGAGCCCTCGGA,55,20
ACACGAGTTCTGGGTGCCCC,56,26
ATTGTATGTTTGGGCGTTAC,51,21
AGAACCGAAACGCAATCCGG,48,23
CGCGGGCTCATTGTTATCAC,53,28
GTACAAGGAGAAACAGACCT,45,20
GAACTAGTGTTTCTTACGAT,46,26
GTCATGAGCCACTAATCAAC,45,30
CAATCCTTCTGCATTGTCTT,47,37
ACTTGCTGGGTCTCGACCAG,55,25
GCTCAAGGATCGGACTGTTT,52,22
CTATCGACTAGGCACTACGT,49,29
GGCCCAGCGGTTGAATGTGT,57,17
AATAACCAAGTATAGAACAG,38,23
CCTCGCGGGGTAGATAATAT,51,21
GGGCTGAGACATGAGGCGAA,55,10
ACAATTGAGGCACCGATCCG,50,25
TTCCCCCACTCGGGATTGCC,55,35
ATGCCCTTTAATAATGGAGC,46,26
GCACTTATACGCGCATACCG,50,30
CGGGAGTCATCTGGGAACTT,54,19
AGCCTGATGGGAAGCGCGAA,54,14
TTTTAGTATGCAGGAAAAAG,43,18
ATATAAACCGTCACTTGCTC,44,34
GTAGCCTGGACTTAAGGTTA,50,20
ACCAAGGATCCGATGCGCTT,51,26
GGAGGCATCAAATTCACATA,44,24
GGTCGTGAATCCCTAAGGCT,53,23
CCTTCAATATGCTTGGGCAT,49,29
GCAGTTCAGAGGTGTTAGCT,53,18
ATGACTCAATGAACTTACGT,43,28
ACCTCCCGAATTTGGACCAT,48,33
GGCAGAATTCGTGTGAGGAA,52,12
AATATGAGCAGTTGTCGCCT,49,24
ACTACGTGCGTACCGTCTTG,53,28
TACGCGGCGCCGCCTGCCAA,58,28
GCTGGGATCAATCTGAGCGC,55,20
CCACAAACTACATCCTCAAC,41,41
TTGTTATCACTATAATCCGT,43,33
ACAATTCTAAGCGGGTTATC,46,26
ACCCTCCCTGAATAGACTAG,47,32
AGCATTGGCGCAGCTCATAC,51,26
AAGTCGGGGCCATTAAACCG,51,21
TCAGTCGGGATCTTGAGTGA,53,18
ATTGGGAATCGAGAGATGGA,50,10
GAGGGTCGCTGTATGGTCGA,58,13
AGAACGGGACCCTCTTAATA,46,26
GAAAACTACGAACGTCAGCT,45,25
GGTATCTTGATGTGTGAAAG,50,15
TCGAGTCGACAGACAACTTT,47,27
TGTCAGCCAAAGAAGGAAAT,44,19
TGTATGCGTACGGCCCGCCA,56,26
TTGTGCTAAGCGCGAACAGG,53,18
GAGCCAGAAAAACAGCTACT,44,24
TTCATCTCACAAAGCAGCCT,45,35
CAAGCCCACCTCTCAACCGT,49,39
CACTGCATACCCTTCGCGGC,54,34
TTATGCGAAATGGCCTTCCT,49,29
GTTGCAAGTTTAAAATAACT,40,25
ACCCTTTTTGAGTTTATACC,45,35
AGTAAGCTATATATTCAAAT,37,27
GGGTGTCAGGAGCCGGCGGC,65,10
ACGCCAGCTCGTCAAGGTTA,51,26
TAGGATCGCGGGATTTGGAG,56,11
TGTGGCCAGGCGATTCAACA,52,22
ATGGTTACGCTTTATGCCTT,49,29
GCATCATTTTGCTTGAATCT,46,31
GCGGTAGCCGAGGGCCCCAA,59,19
AAATTCTCGCGGCATCGGAT,50,25
CCCGTGTCCGATCTTGGCGA,57,27
TATAAGAACATGTATTCCGA,41,26
TCTGCTCGATCAAGTCTAAC,47,32
ACCCCCCAGTAGCGTCTGAA,51,31
ACTAATATTATGTTAACCGT,40,30
CGGGGTCACGGTGGGGTCAG,64,9
TTAACATCTGCCGGTAAGTC,48,28
TACCTCGGTCATCGCCTTCA,51,36
AAGACGCAATTTTGACTTTT,43,28
CTGACCCCGAGACACCGGAC,54,29
CAAAAAGTTCCTCTGGGCTT,48,28
GCAATGAAAATCCAGAGTTT,43,23
GCGGTTCGAGTAGGCAATCG,56,16
CGCATTCTGCGTTGTGCATA,52,27
ATATGGAGATCTCACACCCA,45,30
ACGCTGGCGGTGGGTAAGCG,61,11
CGAGGACGGCGGGGCCAGTG,64,9
GGTAAAAATCACGGTGAAGT,46,16
CCCTCGACGACGATCTAAGG,52,27
GAACCATTATAGTAGAGTCC,45,25
CACCGTGCTTTCGCTTCATA,50,35
CCAAAAGCTGCGCAGGGCTT,53,23
TCCGACAGCCTCATAAACTC,46,36
AGCAGTTGTTCAGAGGTTTC,51,21
TAGCTAGTTTTGTTGCCTCG,52,27
ACCCCGTACCTCGTAAAGCG,51,31
GCATACTAGGTTTTAGCCAC,48,28
AAATTCGCCCACAGGGAGCT,50,25
CTTTGAAAGTTTGATTACAT,42,27
CACTCTGGTAGTATAGATAT,45,25
AGACTTTTTTTTATGTAGCG,46,26
ATAGATCTTAATTCCAGTCC,43,33
GCCGCCAAATGGGCCTATTA,51,26
ATCTTAGCGAATTCTACACC,44,34
GCAGGTAAAGTCGAAAATGG,48,13
ATGACCGGTGCATCTTTGAA,49,24
GGCGGGGTTCACATCTGCCA,57,22
AAGATCCCACGCGCCCCGGA,54,29
CCATTTCCGGGGTTGCCACA,54,29
GACGTTTAGGGTGAGGTTAT,53,13
TAGGCGAGGTGCAACATCCT,52,22
ACTGTAATATGCAGGGATAT,45,20
TCCTACCAGGACCTTGAGCC,52,32
TCATGGCCCGCCTCTTTGGC,57,32
CCAGCCCATATCGACCATGC,50,35
GTGGAAGTGCTTGTGACTCT,54,19
ACCGCGTCTAGACTTTCCGC,53,33
AATATCGGCCGATGCAATTC,47,27
TTGGGGTAAAAGCCCTCGAG,53,18
TTCGGTCGGCCATTCGTAGT,55,25
AGTTTTTGCTAATCCCGTAT,46,31
AGCACGTTAGTTTTATCAGG,48,23
CAGAACTGCTGACGTCTTAG,50,25
TAGGAAATAGCAGATAGCGA,45,15
TCAGCGATAGAGGTCCCTCT,52,27
TTATTCAGAGTCAGCCCCCA,48,33
TGTTATACAATCAGTTGTCT,44,29
CTGTGGCTAAGGACCCGATT,53,23
AACGAGTCAAGGTATGATAG,46,16
CTGAATGGAGCTTGACACCC,51,26
AACTCTCCCCGAGATCCGTA,49,34
GATCACAACGTGCGCGCCTC,54,29
TCCGTTACCACTGACTCCCC,51,41
TGTACGAGCCATTAGATATT,45,25
CTCGATCCACAATCAGGGGT,51,26
ATCAGTTCGCGACTCGCATC,51,31
TAAGATTATTTCACTTGATC,41,31
AAGCTCGCACGGAATAACTC,47,27
AAATGACACGTTGGCCCGGC,53,23
CCTAGACAGCTTAAAGGCCT,48,28
TGCTGTAAGCTTAGGATTTT,48,23
CTCACTTGGAAGTCCACAAT,46,31
GCGCTCGCCCGTCTTTAGGG,60,25
AGAGCGTGACTGTGGGATTA,53,13
AACATTAACGACCAGCGCTG,47,27
CCTGGGGTGAGTTGCAACAG,56,16
AGCTTATATTACCTGGGACG,49,24
TTGAGTGCCTCGTACTTAGA,50,25
TTCTACTACAGCTAAAGTTC,43,33
ACATGATAATTCCCCTGTCT,45,35
ATGCACCCGCTATATCCCTT,48,38
TGATGACCGGTTAATAACCT,46,26
TGGTTTGGTCTGGCTTGTCC,58,23
CAGTCTTTCGACCATACCGA,48,33
GCGATTCGTCGAGTATAGGT,53,18
CGGCTATCTTCTCTCGTATG,52,32
GTAACGAACAGCTGTGCATC,49,24
TGAGAGATTTTTTTCGAATG,46,21
GCGAGCATCGCTATTCTTCG,53,28
GACCCCATTGAACTGCGTGA,51,26
GGTCAGCGCCCCCTAAAATC,51,31
AAAAGATGAGTGTGGCATGG,50,10
AGTCGAGCAGAGCGAATGAC,51,16
TGATAAAGTCCTGAATAGTG,45,20
CTCTGGTACGAAGCCTCTAA,49,29
GACGTCTTGCAACAAGGAAG,49,19
CTACTGCGGATTTGTGCGTT,54,24
GTTTCGGAGACATCATACTA,46,26
AGTGGCACTCGTTATTTCTA,48,28
CACACTACCTCGGTACATAG,47,32
CGGACAGTGCCTCGACGTAC,55,25
CCTGCTATAGGACGTTAGTC,51,26
TACCAGTCTTATGCCAATTT,44,34
TCGGAGCGCAATTAACGTAC,49,24
TCTTGACAAACGGATGACTA,45,25
AGGGAAGCAGCGCCGCATGG,58,13
TCATTATAGATGCGAGACAG,46,21
CGCATTTATTGTCAGCATTT,46,31
AGCAAACCCAAGGAAGGTTG,48,18
CGGGAAACGCGGCAAAAGCG,54,14
ACATCTTTTAGGCCGCTGAC,50,30
TACCACATGAACTTGTACAC,43,33
GGTAACCGTGGGTGATGTCT,56,16
AATTGCACCCTTCACCCATT,45,40
ACTGCTCGCCAGGATAGCCT,53,28
AATCTCCTGACTGACGTCAG,49,29
CCTGACATCTCGAGGAGCTG,54,24
AAAAACAGAATAGCTGATTG,40,20
GAGCCACTGTAGTGTTCTCT,52,27
TTCGCTAACAGGTACAAATG,45,25
GTGCAGCATCTATTTACCAA,45,30
AGCCAGTACTAAGATGCATG,47,22
TCGCGACCGGGAGTTGTCGG,61,16
GGCCCCAAGGATCCATAGAC,51,26
CTCTAGTCGTCCGGACCTGC,56,31
CACCGCCTTTTTTTTGGCAT,50,35
TGCTCGTGCGCATCCCAGGA,56,26
ATATGTCAGCACGGTCCCGA,51,26
TTGCATCTGTTATTCCCGCT,50,35
TAGGTGCGCATTGATGGTCT,54,19
TCCCGTGTCCGGGTAGGCTC,60,25
CGCATTGTCAATTCCGCCGT,52,32
GTCATCTAATGGCCAGTTGA,49,24
GTAAGTCCAGGTTCGTATAC,49,24
TCCGGATCCCAGGGTCTACA,53,28
TAGTTAACCTTCCGGTTGAG,50,25
GATTTTAGCGCGGTAGAAAC,49,19
CAGTTAGACGCGTTGTCCTA,51,26
TTCATACCGGTGCGCTTCGA,53,28
TACGCACTTCGGAGAGACCG,53,23
TCACAGCGTACATACAAGTC,45,30
TAAATGACACTGACACCAAT,40,30
TACTTGTATGGTCCCCGGCT,54,29
AAGGTGGGTGTATACTGGGA,54,9
GGGTATTAGTGGATCCTGCC,55,20
TCGACCAATCATCGTTCGCC,50,35
TCGCATAATCGCCCCATTTC,48,38
AAGGGATAGAGCAATATTCA,43,18
TTCCACCGCAACAGCAAACA,44,34
TCCAGCGATCTTGCATTTAA,46,31
TGTGCAAGTTTTAGTTGAAT,46,21
TTCCATACCGGATAGGCCAT,49,29
TTAGACCGTACTAGACCGGG,52,22
GTTGGGCAGACGCATGGGCA,58,13
CGCTTTGCCTATAGCTGGCC,55,30
CTCATTTGATACATGGCCTG,49,29
CCGACCGTCCTGCTTCTTGT,55,35
GCCTAAATTTCTCGACTGAT,46,31
CATGAAAGTTATAGAGACTA,41,21
TCGCTTAACACTATGGATCT,46,31
CTCCACTTTCAGAACTCTCG,48,38
GTTATCCTGCCAGATCACCC,50,35
TACGGGTGTGAAGGAGAAGG,55,5
GCCGCATTAATTATATCAGG,46,26
CGCGTCTACATCAGACAATA,45,30
GGCCGATACCCGGGAGAGAA,55,15
ACAGCGGCACGGAAGGCGCA,56,16
AGACCCGCAATATTGCGGCG,53,23
AGGGGGGTATTCCTACTTGT,54,19
CCGCTACGTGCGTCATGTTG,56,26
GCCAGGTTCGCGCATTTGCC,57,27
AATCTCAGCCAGCTTATTCG,47,32
GGCGTCTTGAAGTGTCTATA,51,21
ATCCTATCTCTCCACCGAGC,49,39
TGGACGACTAGGGGTGGACC,58,13
CCAGCGTGTTCACGCCGGGG,61,21
AGAGAGCATGACGTGTCGTT,52,17
TTCAGTCAACGGGATTAGTT,48,23
TCGGCCGCCATGACTCGGAC,57,27
GGCAGTAGGCCGTATCTATC,53,23
TGAGCTTTAAGATAGTAGGT,47,17
GAAAGCTTCAGAGCCCTAGC,50,25
CTAACACGCGAAGGACCTGA,49,24
GTCAGGCGTTATCGAGACTA,51,21
TTGCTGCCTAGTACGCAATT,49,29
TGAGTATAGAGGATCGATCT,48,18
AACTGTGCGAGGACACAGCA,50,20
GATACTCATGCCTATAGAAC,44,29
GTCTTCCTAGATAGGTTCGC,52,27
GGCTCTGCCGAAGTCAAGAA,51,21
GATTTTCGGGTGTCCCCAAA,51,26
GGTAACTGTCGGTGCCGTGA,57,17
TTTTTCCCACAACAGAAGGG,47,27
AGTCAAATCTAGTGCAAGAT,43,23
TATATGAGCCAATGCGTAGA,46,21
GACTGAGCCCTGAATGCTCG,54,24
TCTAGGTGTGCGGCTCTTGG,59,19
GCGCAATGAGCTTGTTAGCG,54,19
TATAACATAGATGCTTACCA,40,30
CACGGAACGGTTAACACAGA,47,22
AATGAATAAAATGCCAGCCG,43,23
AACGGGGACTACAAGTTGGC,52,17
CAGTTGCTCGACCATCGGAT,52,27
AGGAGAATACCGTTGATGCG,51,16
ACATATCTAGTGTACGCCCG,49,29
CCTTTGGTACCACCGCGTGG,57,27
CAAGGGTCCTTGAAGGCACA,51,21
TCATCTGATACTATTTATAT,39,34
AAGAGCGTCGCTAGCTGTGG,56,16
CCCGACCGAGCGGAATATTC,52,27
AAGTGACTGGCAGCCCCGTT,54,24
GCGTCGACAGAAAGCCTTTG,52,22
CTGGATTAGACTAGAGTTGA,48,18
GCGGGATGTTCTGGTAGAAA,53,13
TGCAAGAGATGATTAGGCGT,50,15
TCCCGAGCTATGTCCACCGA,52,32
GTCGTGCTAAAACAGACTTC,47,27
AATAATTTTTTATGACAAGA,36,26
AGACAATACAACTGCCTCTT,43,33
TGGCGGCCATCGCTGCGTGA,60,20
GAGAGAAATCAAAATCAATA,36,21
AGCTATAGGTGCTGTCCAAA,48,23
TTTTCGACTCGAGCTCTCTC,51,36
ATTTGTTCGATGTCGGGTCA,52,22
GATGTATTAGGCACCCGAAC,49,24
GTATGACACAAACGTGGTTA,46,21
CTTATTTCCGCTGCATACGT,49,34
GCGCTCCCGGCAAACGCCGA,57,27
GACTACACGGGAAATAACTG,46,21
CAGCGTCCAAGTCGGACAAT,50,25
ATAGGGGACTCATTTTCCGC,51,26
GCCCATGTGGGGCAAAACCC,54,24
CGAAAAACATCTCCCGGCGT,49,29
TTTAGATCGTCTCGTTCCTG,51,31
CGTCGTAGGGGCGACCGCTA,59,19
CCATCCCGCTACGGGCGCTA,56,31
ATAGGGGTACAATGTCTTTA,46,21
GCGAAGCTCCAGTCTGAAAT,49,24
ACATGGACAGAATACATTTA,40,25
CTGGTTAGAGCGCTACTGGA,54,19
GCTGATGGGTATAATGGTAA,49,14
AGACGCGTTGTAGAGCTAAC,50,20
AAGATGCGTCAGGTCTGCTT,52,22
GTATCGCTGAGCCGAATTCG,53,23
GTACCGGTTCAATCCTCAGT,50,30
GTCATTACGGTAATATACTT,43,28
AGCAAGTGCCGTTCGACTCA,51,26
ATTCTAATCCCCCTTTGGTA,46,36
TTGCAGTAGAGTAGCCCTCA,50,25
ATTTTTACATAAAAGACCAG,38,28
TAAAGCCTAACCTGCTCGTA,46,31
GCCCATTAAAACAAGTCGAC,44,29
CCGGAGACAATGGTCACGTA,51,21
ATAAAAGCTAGTGAGGATGA,44,14
CTCGTAGATACAGTTGTGAT,48,23
CAGCATCTTGGATAGCCTTC,50,30
GCCTTTCGCAACCAGTGTTA,50,30
TCTAGTAGAAGATCCAAAAA,39,24
TGACCAAAGATAAACTACTC,40,30
CGCGCAGTCTGGTGTCTGCA,58,23
CCGAACACGGGCAACAGCAG,52,22
CACATAGCGCATGCCGGGAG,55,20
ACATCTCGTGCTGATCCCGC,53,33
GCATCTAGAATGAAACGACC,45,25
TCATTAGAATCTAGCTGTAT,43,28
CTTTTGAGACTCTCTCGACT,49,34
TATGAGATGGAGTCACGAGA,49,14
CAGGATTTGATAGTCAGCCT,49,24
GTCCGCGAGATCGACAGTTC,54,24
AGCACCGACTCAATACATGC,46,31
GCGCACATACAAACGGGTGA,50,20
CGGACGAAGGAGCTGCGCCC,59,19
AACCCATGGAGTGAATCATC,46,26
GACCCTACATAGATAGTGCT,47,27
AGAGCGGACGGCTCGCGCTG,61,16
TTGCGTCCGGGATTGAGGCA,57,17
TGGGACAAGAGTACCATGCG,52,17
GGTGACATCATACAAAGCGC,48,23
TTGGCACAATAAATAGGGTT,45,20
AACTAGCCCCGGGGATTGCT,54,24
TATCATGCTGATATGGATAG,46,21
TTTGGCTCCGTTTGAAGCAT,51,26
AGCTATCCTTCCAAGATTCA,44,34
CGACCGTGGCCGCACCAGGC,60,25
ATGGTGCATGGGTAGGGGGT,60,5
AACAAATACAAGCAAGCATC,38,28
CAAAGCGGAGCCTCTGTGCG,56,21
GGCGTTTCTCAGGCGTAGTC,57,22
CGCGCCTGGATGGCGTATCT,58,23
CAACACTCGAGTTCATAATA,41,31
TATTCTTATGATTGACGTGG,48,23
CAGACTAACCCTCCTTAAGA,44,34
CTATGGTTCGGAATGAGCGG,55,15
GCCGCATTCACACGTCAAGT,50,30
TGACCTAGGCGTCTCCTACT,52,32
GTGCTGGTACAAACCTGTCT,51,26
AAAGGATGGCTAACACCATC,45,25
ATTAGTGTTTTGATCAGGCT,48,23
CCAAAGAGTCGGAGAGGTAC,51,16
TAAGGAACGGTTCCGTCGGA,53,18
TTATCTCGACAGCAGCGCGT,52,27
GCAATATCTGTCCCCTTATG,48,33
ATGCCACACGCTTTATGCTT,48,33
TCGTTTGCGTCCCAGTGCTA,54,29
TTCCAAGTAACTAGGCGTGC,50,25
CAATGATAGTCGAATGGCCC,49,24
GAAGGGATAACCCGGTACTA,49,19
GCCCATCTCGCCTTCGTGCA,55,35
CAAATTTCAAATAACTGCAT,37,32
GGCTCCCAGAAATCTTCGCT,51,31
ACCGGCCTTTCATGATGAGA,50,25
TGTCCCGGCAACAAAAAAGT,45,25
ATCGCTAGGATTCGGCAATG,51,21
TCAAAGGGCTATTTCTGTTT,47,27
CCCAACCACGCATAACCGAC,47,37
GGTCAGTCCGTCGGTACCCC,58,28
TCCACGCCACATGTAGTGCG,53,28
ACCCAGTGGCACAAATGTGA,48,23
TTCGATTCTTTTGGGGGTAA,51,21
GCACTGACGTCTACCCTCTT,51,36
GTTGATCCACGGCACCCACG,54,29
TATCCGCAAGAGCATTGTTG,49,24
CTCGTACACAGCGCTCTCGG,55,30
GTGCCTATCTTTAAGCAACA,45,30
CTTATAGCCAATTTGTTGAC,45,30
CACGATTAACAAGAGAACTG,43,23
GTGGTACTATTGTTGTTTCT,50,25
CTGTTCATATCAGCCCTCCT,49,39
TGCATATGATTCATGTGTTG,48,23
GGAGTGGATTTCTCTGATAC,51,21
CTCAGCATGTTGAGGAATAC,48,23
AGTAAAGTTTAAGGCCAAAT,41,21
TAAGCGTCCGATTCTCTCCG,52,32
AGATCTCGAGGCCGGAGCGG,59,14
AAAATTTCATCATGAAACAC,36,31
GCGGGCTCCTCTTCACCGTA,56,31
TAGCACTGATCGCATCAAAC,45,30
GAATAGGCGGTAAGTGAAAG,49,9
AAAAAAGTTAAAGTACATTG,36,21
CATCAGAGACAATAGAACTG,43,23
TTTGGGTACAGGGAGCCATC,54,19
GTAACTGCACTACGTAAGCT,47,27
AGGGTGGTAGATAGCCCGGG,59,9
TAGCGCACGGAATATTCAGC,49,24
TAAAGTTGATTAGTTTTATA,39,24
CACAACCAGATTAACACAAA,37,32
CTACCTGTGAGTTTGCGAAA,49,24
GTAGAGACAGATTGTCTTAC,47,22
GATAACTCCCCGACCAAGCC,49,34
AGGTTGCGCCAGCTGATGTC,56,21
GGTGAGGATCAAGGTCAAAG,51,11
TTCCGCAACCGGTCGCAAGA,52,27
AGCCCCATCGCCCTTATAGT,50,35
CAGTCATTAGAAGGCCCACT,48,28
GCGAGCATACAGTGCATCGA,51,21
TTATCAGGTTCGAGTCCACG,51,26
GAGCTGTACGCCATCAAATT,47,27
ATAGTACGTTTGCTCCTAGC,49,29
ACAGGACGCTCACTGGAGAG,53,18
ATCCCGATAATGCATACATG,44,29
AAAATCAAATAGACTCTTAC,36,31
TGACCTCAGGTATGCCCGCG,56,26
TGTAGGAAAACGAGACCCAC,47,22
AGCTCGCCCACGCTCAAGTC,53,33
AGGGGGGGATACACGAGATC,55,10
GTTGGGGAACTCTCCAAAGG,53,18
TCGAGAAATTCCGTTGAAGC,48,23
CTTCTCCCGTTGGCATATCT,51,36
ACTACTAGGTAACGAATGCG,47,22
CCCAAGAGAACCCCAATCAA,43,33
TGAACGTTTTGCTCTAGTTT,48,28
CAAGGAATATACGTCCTTCT,45,30
AGTTCGGGTCTGGTTGTTGA,56,16
ATTCCGACAAAGGGATGCCC,50,25
CTCTATTACCCTTCTTGGCG,51,36
GCGAGCCGTACTTTCCGCCG,58,28
CGTACAGCATTTACGAGTCA,47,27
TGCCGGGGCTCAATTGACGC,57,22
AATCACTTGGATTCACCGTG,48,28
ATCGGATGCATACGGCACTC,51,26
GCCCAATGCGTTTAGAAGTC,50,25
CAAGCGGCTGCTCGTTTATT,52,27
CAACCACATCAAGTGGAAGC,46,26
GCAGACGATTCCTATCAGTT,48,28
TTGGTAGCTTGATCATTCTG,50,25
GGAGATGACTTTTTGCCTCA,50,25
GTTCCCCTGAATATGGTCTC,51,31
AATGTTTTAGATATCACCTA,40,30
ACTCGATCCTACCCTTATCC,47,42
TATGACGTTCTGATGGGGAG,54,14
ATATCCAAAAAATGATGTGA,38,23
GTTGCAACGACCGCCTTGCA,53,28
TGGTGAAGGCAACTATATAT,45,20
CCGCTTAACACTCATCCGCC,50,40
TCGCCGGAAACACTGACCTA,49,29
GATCGTGCGGCCCTTAATAA,50,25
TCTACTGCAGTACTAATACC,44,34
CCTCATCGTCCTCATGGTTC,52,37
GGTTTCGGTGCGCAATATGT,54,19
TACTGATCCGAATGTCTGCC,50,30
AAACAATGGATATCCCCCGC,46,31
GAACTTGTAGAATTGTTGTT,46,21
GGTGGGATCGCAAAATCGAC,52,17
CCCGCCGGGCTTAAGGTTGC,59,24
AACGGCCCGACTCCTTGGCT,55,30
CAGACCCTGGAAGGGACGGA,55,15
GGTCATACCGCGGCAGGGGT,60,15
GCGTCACGCACTGACACCCG,55,30
CATGCGCTCGGCTAGTAACG,54,24
CAGCCGGGAATAATGGTTCC,52,22
GGGCTTTAGATAAGTAAGAG,48,13
GTTGTATCAGCACCCGGGTC,55,25
AGCTTTCGAAACCCGCATAC,47,32
TCCGTTACCCAGTGCGGCAC,55,30
CAAATGGCTGTACCCTTGTT,49,29
GCGCTAAGAGCTGGTTCGGC,58,18
CGAGTAAAATTCAATTTGAA,39,24
CGCGACCGCTTCCGGATCGC,59,29
GTTAATATGTTGGCCTCCCT,50,30
CTCTACTACCTTTAGATGGA,46,31
GCCCGCAACTATGCGACGCT,54,29
TTCGAGTGGAACGTCCCTTT,52,27
CTGCGCCCAGCACACAGTAA,50,30
TGTAACTAGGGTATTCGTCC,50,25
ATGGCGCGTCCTACGAAATG,52,22
ATAGAGGCAATGCTCCATTC,47,27
CCGTTAGTAAGTGCACCGCC,53,28
TGATACCGATGAGCAACACA,45,25
GAGAATCGATCGCTGCCCTT,52,27
GAATACTTTGCAAGTGAAGC,46,21
TAAAATCAGATTGTCTGCAA,41,26
GTTGACTCTACCTAGTGTCC,51,31
CTGCTCTGGAGCACGCTCCT,56,31
CGGGACGTTTCACAAATACT,47,27
GCGAGGCAACATTTCGTCCA,51,26
ATAGGATTATGGCGATTTTA,45,20
TAGACGATATCCCCGTACGT,49,29
TCACACGAAAATAGCGTTTT,43,28
AGGTCATAAATGCTACTTAG,44,24
CAACTAGCCGATGTGTTCGC,52,27
AGTTGCGCATGTTGAGGCCG,57,17
TGGCGATGGGAGCGCTGGCG,64,9
GGAGAAAAGTAAAGTACGTC,45,15
ATCCTACTAACTTTGCGTTT,45,35
CTCTGTAGTATCTGGTGAGT,52,22
CGGTGTAAAGGAGTCTAATA,47,17
AGCCGAGTCAGGGTAATTTA,49,19
GCAATGCTTGTCTCATCTTC,49,34
TATACCGGCCGCAAAATGCG,50,25
TGACTGACCACCGCGCCTCG,56,31
CGGAGGCTTAGAGATAGCGA,53,13
TCGAGCCTAGCATTGCAATG,50,25
CCATTATCGCTAGACAAGCT,46,31
TCTTTTCCGGTTGTTGGCCC,56,31
TCTGTTCGCATCCCTACCTA,49,39
AGTTTCCATAGGTAAGTGGA,48,18
AACGTGTTAGTCACATAAAC,42,27
CTTACTGTTACATATCGCTC,46,36
TGTAGTGGTTGTCGCGACCT,56,21
CTTACAGGGGGCAACCCGAG,55,20
ACCGACTGTCGGGCAGCTGC,58,23
GCTCACGCGGCTGACGATAG,56,21
TGGATACGTCCTAGGAACAC,49,24
ACCATGCCCCAAGTGATGGA,50,25
GATTTCTGGGAATCATGTCA,48,23
AGCCTGATTACGTTGGCAAC,50,25
CGCTAGGTCTACTCGCAGAA,51,26
TTGTTTCCATAGCTTGCCCA,49,34
CGCGTTCAACATCGCAAACG,49,29
GATCGTTGACGAGCCATATG,51,21
TAGCACTTGTACAGGAAGAT,46,21
CTTCGATATAATGATTGTTG,45,25
GCCCACCAGTCTGGTTCAAC,52,32
TTAATTTATCTGGCCTTGAT,45,30
GCAATATCACGAATCTAAGG,44,24
TTGGTCATGCGTCTAGACTG,53,23
GGATTGTGGGATAATCAGAC,50,15
CGGCCATCTTCGACAGATAG,51,26
AAAGAGTAATGGACCCAACG,45,20
GGGTCGATTATAGTCTTGGC,54,19
GTGATCATAATCATCCGCAA,44,29
TTTAGTGAGGACACAGGCTA,49,19
TCTACTGTTACAAAACGCTG,45,30
CTCACTATCTACCGCTTCAT,46,41
GGGAACTACTCTCACAGTTT,48,28
TCGTTGCCCTCATTACTTGG,52,32
ACACGTGGAGCGTGTGGATC,56,16
ACCATATACCCGTACTGTGA,46,31
ACTTTTTAGAAATAAATCTG,38,28
CACTGATGATTCATATGTTT,44,29
AGCCATATACGCTGCTCTGA,49,29
CGGTAGGATACAGTTTAGCC,51,21
ACAGAGGGCACTCTGGCCCC,56,26
ACTCGCGCTTTATGAGAGGT,52,22
GGAAATTAACGTTTCTCCAG,46,26
AATTAAAAAGTGTCAGGACC,42,22
AGTTACCCCCAGCCAGAAAA,45,30
AAGGCGTCTGCCAAGCAGCG,55,20
TATCGGTACAGTTATATTCC,45,30
CCGAGACTCATAGCGGGGGA,56,16
AACACTAGTTTCACCATCTG,44,34
ATCGGCCGTGACATGAGCTT,53,23
CGGAATCGGACGGAACGTTG,55,15
CACGCGAATTCTTCCCACAA,46,36
AAGCAGAAGTCTTGGGACGT,51,16
CTCCGCTTGCCAACGAGCGA,54,29
GCGCCCATGCCTACACCTTG,54,34
GATCTTAGTAGAAATACGCG,46,21
CGATACGGTGCCAACGTTGT,53,23
AATGTTTTCCATAGTCCGAC,46,31
CTAATCCAAGTCGAACAGAG,45,25
GATAACCCGGTAAGAGTTGG,51,16
GGTGATCCGTACAAATAGGA,48,18
TCAGCTCGCCGATCTGCGGC,58,28
GAAGGGTGGCGACCACGAAT,54,14
GCATTCCTATAACTCTTCGC,47,37
TTTGGATGACTAAGACCCCC,49,29
ATCTGATAGGGGTCCTGTGA,53,18
ACCGTTGTTCGCAATCCGCT,52,32
TCTAATCGGCAAGGCCGGAC,53,23
TAAGGAGCCTGGGAGGGCTC,58,13
CGTTCGGGGTATCGCCTGGC,61,21
AAAGGGATCACAAGAATGTA,42,17
GCCGTCAGCATGGGGCCAGA,58,18
CTGTCCTAGGACTTCTACCC,51,36
CGGAATTGCTCTATAGTCTG,50,25
GAGTGATTCACGACCTCGTC,52,27
AGTGGTGGCCCCGCATCGTT,58,23
TCGGACGTGACTTTGTCGAG,55,20
AAGCTGAGAAACTCCCCAGA,46,26
CCCATGTCGGACAAGACGCT,52,27
CGCGTAATAAAGTGAAATGT,44,19
CTGAACACTCAATCGATTAT,42,32
TACTGGGACTGAGTCTGTAC,52,22
CGATTCGCCTAGGGCCTGAC,56,26
CCGATAGTATGCTAGCCACT,49,29
TTACTATTCGCCGTCGTCGG,54,29
TGGCGTCTAACCGCATGAAG,52,22
TCTAGACACGGTTGTATAGT,48,23
CCTGATGGTGTGAGTGCATA,53,18
TCATCCCTCTAAGTCTCGGC,51,36
TAGTGTGGTAATTGTAAGAG,48,13
AACTTCCTCGACCCGACAAC,47,37
TCCATGCAGGTCGGGCCTAC,56,26
CATAAATGAGAGGGCTCACC,48,23
GACGTTTAGAAGTGAGGAGA,50,10
CCATTTATTTGCAGCCTTCG,49,34
ATCCGACCTATACTGCCGAC,49,34
CGAAAGCTTGCATAAAAAAT,39,24
GCATGTGGAATGGAACCCCC,53,23
GGTTTTCCCCATGTCGAAGT,52,27
AAGTCATGCCCGGCGACGCG,57,22
GGACCTCTTAGCCCATACGT,51,31
CTTTAGAAAATTTGTTAACC,40,30
TACCTTCTGAAATGCCATCG,47,32
GGGAATTTCAAATCACGCGC,49,24
TCTTACTGGGAATCCGTTAA,47,27
AACACTTGAACACTAGGGTA,44,24
TGTGTGACGAGGAATTCTCA,50,20
CGTTGGTCTCACACAACGCG,53,28
CACCATTGTGATAACCTTGA,45,30
CACTAATTTGCAGGGATAAT,44,24
ACACTTCGGACCCAGTTTAG,49,29
ACGGGAACTGTTGGGCTTCT,55,20
GACGTCTTGAGAACCCAACC,49,29
CGACGACCATAGCCCACCTC,51,36
AAGGTCCAACGTCGGCGGGC,58,18
GTGACTTGATGGAGGGTCCG,58,13
AAAGAAACAGGGACCTAACG,44,19
TATACGATCCCTTCAGGACG,49,29
TACCTCACTAACGGCGGAAC,49,29
TCGATTGTAGCGTCCAACAG,50,25
TAATCGCGACCCCCGCCGTA,53,33
GTGTTCATTTTACGTGGCGG,55,20
ATGTCGTCGGCCCCTGTGGA,58,23
CTGTACATAAGGCAACGGGA,49,19
TTCGAACCAACTGGCTCAAG,48,28
CCGTTAACATAATTATGTCA,41,31
TTCCATTTATGGACAGATAG,45,25
CTATAAGCACTTCATTTTAC,41,36
GTCAGACAATTCCGTCCATA,46,31
CGAATCCACTACAGTAATCG,45,30
GACTCGAAACGCGTATGAGT,50,20
TAACCTACTTGAGCTCCATA,44,34
CGGGAACTTGGTTAACATCA,48,23
CGGAGGAGTGCGACAGGTAC,57,12
TCCGAAGAAGGAACTCAATA,43,23
AGGCTGAGTCTTCCCGGAGA,55,20
TAACAGACCTGCTACTGTAA,44,29
GTAGTTTCGCGCCTGCGTTT,56,26
TCACATAGCATCTTCTAACA,41,36
TATCTAGATGGTTCCCGCCT,51,31
AATGTTGGTGACCACATCCA,47,27
CTGGCGCTAGACTTAGGTAA,51,21
ACCCGAGCCTGCTCTCACTA,51,36
CCTCCCGAGAGGACGCTCAT,54,29
CCCGAGTAAGCTGCACTCAC,51,31
TTCAGTTTCAGGCTAAATCA,44,29
TCCCAAGTCGACCGCAGTAA,49,29
GAGAGTATTTGGAGGAACCG,52,12
GTGACCATGGGAAATAAAGT,46,16
TTGGTGGGGGTCGAGCAACG,60,10
TCATGCAACACTGAGGCTAA,46,26
CACTGCGCATGCGTTCCGGG,59,24
GCCAAGTAATTCAGCCTCTG,49,29
TATTCTTGATCCTCGTCCGT,50,35
TGATCCGTTTAGAATTCATA,43,28
GCTGAGGCTGTCAGCGGTGA,59,14
CGGGGGCCCACACTCCATTG,57,27
GCTGTCGCCTAGTCCTAGGT,56,26
TAGAAGTTGGGATTTTCTTG,49,19
GTTTGCTTCGAGTCATCAAT,48,28
TTAGAATCTATCAATAATAT,35,30
TAATTCATTTGTCGGCTGAC,48,28
GTAGTCGTTTAAATGAACCT,45,25
ACGAGTGCCTCAGTTCCTAT,50,30
CCTCGGGTTGGTACAGTGTC,57,22
AAGAGTGTCCGTTACTTGGC,52,22
CGTTGAACTTCTTAATCTTC,45,35
GTGCGGATTGTCGTCTTGAT,55,20
TCATGTATTCCGTGTGTTTG,51,26
GCTATCCGGACCCGTTAGAT,52,27
TCTTCACGCCATCTTAGATG,48,33
TTGATGTTTTGTACCATCGA,47,27
CGGGACTAGTCATGACTGCT,53,23
CACCCTGTCATAGGTTTAGC,50,30
AGCGCGAAATTCGCGGGGAG,57,12
AAGTGCCCAGGGCAAGTTTT,51,21
CTGGGACCCGGCTTACAGCG,58,23
TTGTTCATCCAGAAAAACAC,41,31
TACCGAATCAACCGCTAAGG,47,27
TCCTGTCGTCTGTAATATTT,47,32
TCAATAGAACCTTTATTGCG,44,29
TCGCAACATTAAATACGTGT,43,28
GAACGAACAGGTGTGAGTGT,52,12
GGGAGTCTGAAGCATTTGCA,52,17
AGCTTGGGCCTGATTAAGCT,52,22
AGTAAATCATATTAAGAAAT,34,24
AAGTTTCCCACGATGCATTA,45,30
CTTGGACACGCCCGCAGCTG,57,27
TCTATAGGTTGGAGGTCACC,52,22
TCAAGGAAAATCCTGGCCCG,50,25
AGTGCATATATTTTTAAAGC,41,26
ACTCGAGTGCAGCGGTCTGT,56,21
ACCACATGGTAGAAATCTCA,43,28
CTAACGAGGGGAGCACAGCG,55,15
TATGTTTTCACTGTACAAGT,44,29
TTCTCAAAATCAAAGGTGTA,41,26
TATACCAAGTAGGCTTACGA,45,25
CACTCGTAAGACAAGCTATT,44,29
CGTTACTTCTGCCCGAGACA,51,31
CATTTTTTAAACTCTGGCCA,44,34
AGATCCTAGATCCGTGCCAT,49,29
CGACACCTGTTTTCTGCACC,51,36
TGATCGTGATCCCGGTACCC,54,29
GATCCCTTCCGTCGCGGGGT,60,25
ACTGCGATCCTGACGACGGT,54,24
TGTCGTTACTTGCACCTTTC,50,35
CACTTAACGAGAAGTTTACG,45,25
CGCGCACATATCTTCAGCTT,49,34
TCAGCACGCACGCTGGAGCA,54,24
AAGCCACGGGTTTTCGACAG,52,22
TCCTGGTTAGCCTCAGAACA,49,29
GTGTTCGCGAAAGGTTTGGA,54,14
ATTCTTGTCGCACTTACGTC,49,34
GTCTCTTTCATCTCATTCCC,48,43
GCGCCTGCTATATGAGTTCC,53,28
GCGGTAGATTTCGCTGGGTT,57,17
CGAGAATTCTGTACCATCAG,47,27
TTAAGCTAACCTCACAATCT,41,36
CGGCGAACTGCAGTGGTGGA,58,13
ACGAAGCGATCCCGTGATAT,49,24
CGGGGGCCTTCAACTTTGGA,56,21
ACGTGGCCTTCCCACGTCTT,54,34
ATCATTGGTCACAGAAAAGA,42,22
GAAGTTGGATAGCTTCATCC,49,24
AGATGCCCTGTGCCACGAGC,55,25
TCGATAAGGAATAGTGTGAA,45,15
ATGGGTGTATCTGTTAGAGT,51,16
AAAAACTTTGGTTAAGTATA,38,23
GAGTGTCACCCAGACGACTG,53,23
ATGACCCCTAAACTTACGTG,46,31
TTGTCGACACAGAAGAGGGA,50,15
TCCATACCCACCACGAGTTA,46,36
GGTTTATCGTAAGACCACTT,47,27
ACCCCCACTTGGTGGCATGC,55,30
CTATGGTGTTCGCAACCCTA,50,30
TCACGGGACAACGGCAGCAT,52,22
GACACTATGACGGACTTGCT,50,25
AACAATCATTATGAAGACCG,41,26
CATGTTTAGAACTTGGCCCA,48,28
TGGTTTTTCCAGTTTGGGCT,54,24
GCGTCAGACTATAACGTGTG,51,21
ATTTGTACCGGCAATTCCAA,45,30
ATCCCTGAATGCGCGAGTAG,52,22
AGTATGTAACACGGCAGAGC,49,19
TCGCGCTATCTCTAAGGGTA,51,26
TGGCCAGCCGAGTGATACGA,54,19
ACCCAAGAGGGCCTGGTAGG,56,16
TTGTGTTCTGTAAAACGATC,46,26
CATAGACTAGGCTGATATTC,46,26
TGCCAGAGATTTTCTCAGGT,50,25
GGCTTCTCATTCATAGAAAG,46,26
CACTGGACAAGAGGGCCTGT,54,19
GCACGAGACATGCACTAATG,48,23
TTATAAATTTTCATTAGTGG,41,26
TGCCATGCGGAAGATATTTA,47,22
CACGCCTTCCAGGATACCAT,49,34
AACTGCCCCTTGTAATCGCC,50,35
GTTTAACCATCACCCTTGGA,47,32
GGTCAGAAAACCACTTACTC,45,30
GATAGTCCATAAAATCTGAC,42,27
GCCGCCGCGTTCTTTATTGT,55,30
AACAGGTAGTGTTTGCTGGG,54,14
GTACATAGGAAATATAAGTA,39,19
CAATGAGACGTCTCTTGACG,50,25
TATGACAGCGGCGAGAATCG,52,17
AATAGCAATGTGTAATGTGG,46,16
ACGCCGGCTCTATGGCTGGA,57,22
CCTCTGAAGATACGTCACCG,50,30
AGTGTGACATCGTCTTGCAA,49,24
ATAAAGGGTCTACGAAGGAT,46,16
ACCGTTAGCGTTGCTCTCCG,55,30
CTGATAAGATGTAGTCTGCT,48,23
AGGGGAAATTGGGCGCCGGC,60,10
TGTATATGTGAGCTTGCCTT,50,25
TGGCGTTCTTTGGTGGGGTA,59,14
TGGGCACGCGCGGAGAAACT,56,16
GGGGTATCAGCTAGTTGGAT,54,14
AACACCTACTCAGCATTATT,41,36
CAGGAGAGTCGTTCTCCGGT,56,21
TTAGACACCCGTTCATCGTA,47,32
CGCATGGAGACGCCTTATGG,55,20
AGTGAGCTACCAGAACACTT,46,26
CACAGGATCGTCATCCACCT,49,34
TACGCTATTAGAGGAAGCTC,48,23
GCTGTTATATCCCGCGAATG,51,26
GTTTTTTAGTCCGGCCTCCC,54,34
ACGAGAGGGTACTATGTATA,47,17
TTATCGATCAGGCCCAGGTC,52,27
TGTGTCATTAGGCGTCAGTA,51,21
AATAACAGCATGGCCCCCGC,50,30
CGCGGCTCTGTTTTATTCGT,54,29
CGTACGTCAGCTCTCTAGGC,54,29
TCCATGTACGTACGGAGGGC,55,20
GGGTCCAGGTCGTCTACGCG,60,20
CTCGGCTGGACACAACAATG,50,25
GGCTCAGGCACAGTCCCTTC,55,30
GAACCGCTATCAAATAGCCT,45,30
TTGAGTTTCATGAGGACGTA,49,19
GGTAGTACGTAGGATGCACA,51,16
CTCTCAGATCGCCGGAATAC,50,30
GGGTAACATCTGTAGAAGCA,48,18
TGATTGCTCCAGGAGCCTGG,56,21
GGTAGACAGAGTTCTCTGCC,53,23
GCCGTCCCTGTTTTGTTTAG,54,29
TACGCGTGGATCAAGAGACT,50,20
CGTTATCGAGTGGACGAGAG,54,14
GGCCCGTTGGAGAGCATTTA,54,19
GTCAAAAATAAGGTGCCTAG,45,20
ATTGGAGGCGGTTACCACGG,56,16
CGGTTGGGAGGCAATCGTAT,55,15
TCTTTTGTGCCCTCTCGTAC,52,37
AAAGTACATCAGATAAGGTC,42,22
CGGCAGGACAACCCCGTCGC,57,27
GGAGAGCACTTCAGTGCAAA,49,19
AGCATGCGAACCTAGTTCAA,46,26
GTTGTAGGTCAATATGGTGC,52,17
GTGTCTACCCCCTGCCAATA,50,35
CAGGAATTAAAATAGCCGTG,45,20
GAGGGAATCATACGAGGACA,49,14
GACCAAACCCAGACTCAAGG,47,27
ATACTCCTCTGTGGTGCCCT,53,33
GCTGGATCGCCTTTGGCAAT,54,24
GTGTGAGGACGTGCCACTCT,56,21
TTTATATGAACGTAGACTCT,43,28
TTATCAAGTTAGACAGCCCC,46,31
CGTTAGTTACTAGTGGGAAG,51,16
GCATAGATGTAGTAACCATT,44,24
ACCCCATTACTCTCTTCTTT,45,45
AACATTAATGCCCAGTAATT,40,30
ACCAAGTGGCTGAATGCCCT,51,26
CACCGAGTCGATTATTGCGG,53,23
GAGGTCGACCTATTCTATTA,47,27
GGAGGCTAAACCCTTTGAGA,50,20
GTCTGTGCCTCTGAAAAACG,50,25
CTCGACATGGTGAACCACAC,49,29
GTTGGCTCCAGGAGGCCGCG,62,17
AATAGTGGCAGGCGCTCCGC,56,21
CAGATTGTCGCGGCGTAAGT,54,19
TGTGTAATCGGTGCGAGTTA,52,17
AGCCACGGTTGCACCAGGTT,54,24
CGCAGGCACCTCTTATAGTT,50,30
CTCAGTTTGACACCGCTTCA,49,34
ATTATGTCCACGAAGTGTCA,46,26
TACTTGTTCGAATATGTACA,43,28
CATATCCCGCGGATCTCTCC,52,37
CCCAGACCGCCGTTCTTATT,51,36
TAACCAGTCATTTTTCGGGA,47,27
CGCGCTGCTACAGATCATCT,51,31
ATCACCCTCCTGGTGGGAGC,56,26
TAAATGATCTCGCTGTGTGC,50,25
GACGATACTGCAAACATAAA,40,25
GGTCCGCATCATGGTCGGAC,57,22
CGTCCTGTTGAGCTATACAT,49,29
CGTCTCCAATCATATAACAG,43,33
AGTCGTTGTCCTTTTTAACA,46,31
TTGGAAGGAGCGCGTTTCGA,55,15
CTTCAGTTTTTGGTAGGCTA,50,25
ATGCCTCGGTTACGCTACGG,55,25
TAGACAGATGACTTTGTGTA,46,21
GGCCACGCGTTACCAAGCAC,53,28
AGATCATTGAGCCATTCCAC,46,31
GCCTTGGTAGCGTCACGCTG,58,23
TCGATCGAACATCCAGTTGC,49,29
TTTACTCACCGAAGAAGTGG,48,23
TCTTATACGTTGAATTGACT,44,29
AATACCCTGAGGTTCGAGTT,49,24
CCCAACAACGTAATGAGGAT,45,25
CTGTTATGCAACCGGTATGA,49,24
AGCTCCTGCGGTTCAGATAG,53,23
GGGATCCATCCAGTCCACCC,53,33
CATAGCTAGTTCACCTTCCT,47,37
CAGAATCGTGACTCAGTATG,48,23
ACCGACCGTAAAGAACCTGC,48,28
GTTAAGTTGCTGCAGGACGG,55,15
AGTCTAAAGACGTGGCACAG,49,19
CTGCCCATGGTTGCCTTTTA,52,32
CCAGCGAAACCTTTGCGATG,51,26
TCAGCCCGGTGAATTCCGGG,57,22
GAAGTGAATGCGGCGGAAAG,53,8
GTGTCCCGAAATCCCAACCT,49,34
ACCGGAGTGGATAAAGCGTC,52,17
TCTGCATTGGCGGACCCTAG,55,25
TGAATTCTCTTTGGAAGTGC,49,24
ACTGACGCTTGGTGGTCGGT,58,18
GAAGCGTGTTTACGCCAGTC,53,23
ATGCGGATAGACATTCCCCG,51,26
ACGAAAATAGGACTCAGTCT,44,24
GGGTTGCCGTGTAGATTAGT,55,15
TTACTGGTTCGAAGCTTACT,48,28
GTTGGAGGCGCCGACCTTTG,59,19
TGTAGTTCGAGAGGCAATAG,50,15
GTCTATCTCCTAAAGGCCGC,51,31
CATCCTTACAGGGGCTCTAC,51,31
CCGTTGAAGTCCACAACATT,46,31
TCGAGCGGGTTGTGCGATCG,60,15
GTGCATCGAGTGCCACCCAC,54,29
TTAAAACCTCTGAAGTATGG,44,24
CGTCTTCGGTGATCATCAAA,48,28
CACAGGGTGTGATAAGTCTC,51,21
ACCGATCAAGAGTTTGCCCT,49,29
AGCGTCGGACAATTCTCACG,51,26
CGTGCCAATACGAGACGCTC,52,27
CCATTGTCAAACGAATGGAA,44,24
ATAACGCATCGGAGTTCACT,47,27
GAACAAGCTAAGCGTTAGCG,49,19
CCCGAATTGTAATTGCAGTG,49,24
AGGCCATCCGTTCTCTCGTA,52,32
CAAGAGCCTCTGGAAGATCC,50,25
CTCAGTGTCCGAGTTTGCTA,52,27
TCAGAGTAGGGGCACGATTC,53,18
TCACGAGAGTGGTAGGCATG,54,14
CGCCATATAATACAGATCGG,46,26
ATACCTAGATCATAGGACAA,41,26
AAGTCTCCACAAGGATATGG,47,22
CTTCTCGAGCTAACGACACA,47,32
AAGAGCGGCCACACCAGGTC,53,23
ATAGGTATCAAGGACACGAG,47,17
TTGCCTCCTTGCCCGCTCTC,56,41
CGATCGAGGACCCGAGTATC,53,23
CGATTGTGAGCAAGTGGACC,53,18
AGATTGCCCTGGAATTGCCG,53,23
AACAGGCCCATTCGTGGAAT,49,24
GTTGCTGCAGAGAGTGCCCG,58,18
GATACCATCAGCGGACAAGC,49,24
TCATAAACTTAAGAACGGTA,40,25
GACCACGTTATGCTATGATA,46,26
GAGCTCCTAAACGGACGAGT,51,21
CCCGACACCTTAATATCGGT,48,33
GGCTCCCCTACGGTGCATAT,54,29
TCGAAGACTGGTCCGGTCTA,53,23
TCCCAGATTTTACTGGTTTA,46,31
CTACTGTGTGTTAGTGGGTA,53,18
AATGCTAGACGGACGGAAAA,46,16
GGCCGAAGCACAAATCAAGC,48,23
ATTCCGAAATTCGTCACCAG,46,31
TCTACATATACGTCATGACG,45,30
AATCTTGCTGACATGAGGCC,50,25
CGCGCGACATAATGCTGTAA,49,24
GGTTACGAGTTATACTCGCC,51,26
CTCATGGCTCAAAACCAATT,43,33
TTGCAGCAGGCTAGTGTGTG,56,16
TTTGGCCCATGAGGCTCAAC,52,27
GTATTTGCGTAATACCGCTT,48,28
CGCTAGCTAAGAGAACAACA,44,24
CTTCATGATTACGTCTGGAA,47,27
TAACGGGGCTGCTTATTTAT,49,24
AGCCACCCGGCACCCTCCTC,55,40
ACTTAAGCGACTAAGGGACA,46,21
CGTACAGAGATTAAGTATGG,47,17
GTTCTCGAGCTTGGTACACC,53,28
CTACAGTGACCTGAGCGGAG,54,19
ATTCGCATGCAACCGGTAAT,47,27
ACGCACATAGAGATGTCATC,46,26
CAAGCTAGAACATGCCCCAC,47,32
GTGGAGCCACCAAAGCGGAA,52,17
AGATTGAAGTATCGTCCGTC,49,24
TTAGCCGGGAACAACGTCCT,51,26
GGCCTCGATTGTATCGAGGC,56,21
TCCGATTCTTTCGACCATTT,47,37
ACTAAGCATACCGCGATGAA,45,25
ACAGCTGGGTACGTCGCTCA,54,24
TATTCTGCCCAGTCGGCCCA,53,33
ACACGTAAGATTTGGAGAAA,43,18
ACATTCATTTCATTGCGCGT,47,32
TCACGCGTTCGAGGTAGTCC,55,25
TTCAGAGAGATGCCGTCCGA,52,22
TACTACCTAACCTTGCATCT,44,39
TTCAGCCTGTCTTGAGTCTA,50,30
CACAGCATAAGATAACGACC,43,28
ACGCTTACACTCGCCTCGCC,53,38
CAGTGTGACCCTTGTTGACT,52,27
TATAAACAACGGCCCGCGCA,48,28
CGGTCTACCACCGGTTCAAC,52,32
GATTTAAAAGGTCAGGCAAT,44,19
ACTATCACCTAGATTCTGGT,46,31
AGACTAGGTCCAGTTAGTTA,47,22
TCACAACCCGCTTGCTAAAT,45,35
ACTCCCACTTGTGAGCAACT,48,33
AAAATAACACTATGGTCTAA,37,27
GCTGCAAGCGACTTACATGA,49,24
TATCTATGGCCCGAGTCGAA,50,25
AGTCTTGCGGTTTGAAGCTG,54,19
GGGGCCCCGGTAATGCTCTG,60,20
TCCTGTGGACAGGTAATGCG,54,19
GCTGGAGTACACCATCAACG,50,25
TACTCAACTCATGCTCCTAA,43,38
TACAGGTCACAATGAGTATC,45,25
AACTCGGACCAGGGATTCCC,52,27
CTACTCTACCCCAATAGTAC,44,39
CCAAAGTAAACTAGGCTGGA,46,21
CCGAGAGTAGGTAAGCGTAC,52,17
ATCAACAGTTTTGACATAAC,40,30
ATCCATGTGTTTTGGTTGAC,50,25
TTTACGGCCCGAGTATCGCA,52,27
AACCCGAAAAATGGCACCTT,44,29
ATATCGCCTATGGACACGCA,48,28
GGAGTCCATTGTGCCCAGCC,56,26
TGACATTAACAACTATCCAT,39,34
CTTGCAATCGAGTCAGATTC,48,28
AGAGGGTTGTCCCAGGTACT,54,19
TCGCACATCACAGGTGCCCA,51,31
GTCATATTCCCTCAATGGAT,46,31
CCTGGTTTATTAAAAGAAGA,42,22
TATGCATTTGCCCCTCTAGG,51,31
GGACTCAACGGTGTAGCGAG,55,15
CGCAACGGTTTGCGGATGGC,58,18
CGGAATGGTTCATTCCGGCC,55,25
ACAGGACACCAATCGGATCC,48,28
GCCACCTGGTACTAGAACAT,48,28
TTTTTTAGAGCCACCTTGCT,48,33
GCATGCGTCAATGGATCGCT,53,23
AATCCCCCTATCCCTGGCCC,52,42
AGCACCATCGAGTGATGCAT,49,24
GGCGACGTGATACATAGATA,48,18
AGGGCTGGGCCTAAGATTCA,53,18
CGGCCCACTTAGACACCTAT,49,34
ACTGGAGGTAGGCACGCTTC,55,20
TTAGACTTATGACGTGCCTA,47,27
TGGGTCCTGGTGAAAGATCC,54,19
TGATTCAACAAAGCGATTGG,46,21
GCGCGCCAACCAGTTTTGAT,52,27
GGAGTACATAACGTTGCAGA,48,18
CCCTGGAGGTGTGTGAGTTT,57,17
CCAAATATCGCCCTGTTTCT,47,37
ACAGGTAAGAGCAGTTTCTA,46,21
TGCAACCAACCGTTAGCTAA,45,30
ACAGATTCCCGAGGTGTTCG,53,23
GTAAAAGATAGCCCTCGGAT,47,22
GTGGGAGGGTGCTATGCCTC,60,15
AGACTTCAATTATGTTAGGT,44,24
GCACGGAAGCTAGCCGCACA,53,23
CTGCAGCGTGAGGAGCAGCG,59,14
TATGCTCTAAGAAAGAACCC,43,28
GCTGCGCTGCGGTGCGAATC,60,20
ATATTCCCATTAAAAGGCGT,43,28
CTGCGGGTCCAATCGGTATA,53,23
TATACGTTGCAAGGGCCTCA,50,25
GAACGGCTAGTAACGACCCA,49,24
TCGGCTATTATCACCATCAC,46,36
GATAAGTAACTGGTGACCAA,45,20
TGGGGAGGATCACCTAGTTG,55,15
AAAGACCGAGGTCGTCTACT,49,24
GACTGACGGAGCGTAAATAT,48,18
CAGAGACCAAACGGGCATAC,48,23
GTTAGTAGTTAGTGTAAGAG,48,13
GACGAGCCCAATGTCTAAGT,49,24
TGTAGGGCAGCGGTCTGGGG,63,8
AGGTAGGCACGGTTACGCAG,55,15
CGAAGCATGTTGTTTTGGGA,52,17
TTGGAAACACGGGTGTGTAA,50,15
GGGAGGACCGTAGGTCCTGA,58,13
CCGCGGGCTGACATGCCAAG,57,22
GATAAGTATTTAGATAGACT,41,21
CTGGCTATGACAAGTAGATC,48,23
GGGAAGCGCGCTAGTGATTC,56,16
GAGGATTACTGCGCTCACAC,51,26
GAGGATTAGAAGTCCAAGTT,47,17