seq,positive_score,mixed_score
GCGACCTGGAAGCACCCGGCATTTGGTCGAAAAATGCCGCAACGGAAAAC,126,56
GAAAGCGGTAGGGGGTTGTAAGATGGGACGGTTCGTGTGCTCCCGAAGAC,139,34
TTTGAAGTAAAGACAGCAAGCATTGGTAGACATCATATTCGTAGAGACAC,111,56
CACGCCTTGCCCGAGTCTCTTGACTTTACGACGACCTATAATTCCTAGTT,122,82
ATCTATATCGTGCTCAATGCGCCAAGGAACTAGACTATTACCAGAAAGGA,113,63
GGGCTTATTCAGAATACGAGCTTATGTTGCCTTACCACCTTGTGGCCCGT,128,68
ACCTTAATAGTATGAGAGAATGTGATACATACACTACTTAAGCCTTTGTA,106,66
GCGCAGGCCTGGTTGCTAGGTCGCGGAGTCCGTCCGTGGCCCCTCCTGCA,150,60
ATTTTGGCAGGTTGTCTTATCGATTCGTAGATTAAAGAATGACACCGTAC,116,61
AGCCGTAACGCTCAGTGAGAAACTAGCGTCATATGTAAGTGCTGAGTCAA,120,55
CGAAATATGTTGTAACTGCCCGCGGATAGTGGCTCCCCATGTGTTCTTTT,127,67
GAATTATAAAACGTATCCGGGGCTAGGTAAAGCTGGAAATGCGCCGTTCT,122,52
GTATGCAAGTTGGCCCGTTGTATTGCTTAGACTCTAGGCCAGTTAGCCGT,130,60
GTACTTGCGACACAAACTGTATTGACTGTCTTATAAGGGTCAGATAACAG,115,60
TGACGTATGACCGCACATATGTGGACCTGGATCCATCACGGGAGCGCTAG,131,56
CCTTGACTCCTACTGGATCTAAGCGACCTGGACCATCAACCAGGCTCTGT,126,76
AACGTTTTGGAGTGCGATCTTGCACTTAAATGTGCGAAGAACCTGGCAAT,121,56
GTGGGGGATTGTATGTGAAGTAGTCCAATACGAAACGAACTGGCGAAGTC,126,41
CGTAATGGGCATCTTAACTCGCAAGTATCTTATACCACTAAAGGGGAAAT,113,63
GCGCCATAAGTATCACGCGTCAAGCTCTATGACGCAACCGGCAGACAGGG,129,59
AGTCACCACGCACAAGAGACTAAGGAAACTTCAACCTTCACTCAGTTGAG,114,69
CACTAGCATTCTTTGCTGATTTTTGCCTATTGGCGATGCTTACGAAACAG,120,70
GATTTACCGATAGCTGTCCGACAGACCCAACGAATGAAATGTCATTCACT,115,70
AGCCCACCCCGGGAAGCCAGACCACCTTTGCACGATTCATAAGATCCAGG,126,71
TTGGAGTCTTCCGAACATGCGGCGCCCATTGCCAACCTGATCGAAATCAG,127,67
ACAGGTCGCAGCCGTACTGCCAGACCTACTGCTCTGATTGTTGGATTGAG,131,61
TGGGACGAAAGTGGCTTTATACGCGTCCGGTTGGAAGAGTGGGCGCGGTC,142,37
TAGTGGCCAAGTAAAATACATGTGTTCGGGACAGAGTGGACTTATCCTAG,121,51
GACTGGGGGCAGTCGTAATTAGCACGGATGTAATTCAGATGAGTAATCGA,124,44
CGTTGTGGAAGCAATAATTGATCCGCTTGGGTACTAATCCTTCACCTCCA,121,71
TCCCCGGTCCTGAATGATCAGCCGAAAGGTCTCGCATCCGAGTGCCTGGC,136,66
CCACGCACAACGGGGTTCTGTATCTAATATTTCTGACGCTATGCCACCTT,122,77
TGTTTAGGGCGGGGACGCGGGGTTGGCGGCGGGACACTCTATGCCGGCCA,152,37
CAGGACCCTACGTGATTTGAGATCTGACCTATTTCGGAATTCGATTTGCG,124,64
GCCATAGAGGCTCGTTGCTCCTAAATAGTAGTTCGGACGGTCCAGGAGTG,132,52
CATATTAAGGTAAGTCATGGTCCCGAGCGTACGCATACTAAATATGCCGA,117,62
GGCACCCGTCTACTTTATCGACACTCATCGGATTGCGGAACAATGCGGCC,129,69
AGCAAATGGCGATAGTTTAGTTCTGATAGAAGCAACGAAGGTCCAGATCT,117,52
TAGACACGTATTGGACATCTGGCGGGGGATACTACATTAGCACTTTCTAA,120,60
AGCATGTATAATAGGTACGTATAGCTGCTGTCGTTCCCCGGGACTCAAAC,123,63
AGTTAGGTAGTTAAACCTAGTCCTAGATACCGAAGACCCACCTGCTCTAT,116,71
ACTGAGCGTGCTCCGCAATGGCAGATCGAATAGTAGCCCGGGTAGACCCG,134,54
ACAAGCCGCCAGATTTTGCTCTCGTAGATAAGGAGCCACACACACTAAAA,114,69
TTCTAGTTCTATGGGAGAGCAAGGTGCATCATCTCCGCTGCAGCTCCATT,127,67
TACGACCGTGGATGCGATGCGTGGTAAGTGAGATTATGCAGGTCTCGAAC,131,46
TTGCCCGAGCTGTACGACCGGACTCGAGATGCCCGGAGCATCAAGGGATA,134,54
ACCGCGAGGCATTCATCGGGGTGCCCCCGACCAGATGAGGGCTAATTCAG,136,56
AGGGATTCGAATCGGGTTCAATCCGTACCCGGCCTGTACGTTTGACGCAA,130,60
CGACGGTCTACAGGACCAATCAGTAAAGTACCGAGTGGCACCTATATAAT,117,62
GAAAGTGAGCGCTCTAGACCTCGCTGGTCTCTGGCCTACGCACAATCCCG,133,68
CGAAAATGCGTTAAGCTATTTGCGACGTTTTAAATCGTTCCCTCCCACAC,117,77
GCGCCGTAGCCAAGGTTGCTTGTTCGTCGCGGCGTCTAGACATAATTCGT,135,60
TTGAGGACGATTAGTATGAAGTCTGAGGGGCCTTTCCCTTGGACTAAGCA,127,52
TCCTCACGCTTTGCTTCTACAGCCCGGCCCAACCACCTTCCTGAGTCGCT,131,91
ATGCCAGGATCATACTTTGCCACTCTGTAGACTAAAAAGTTCACGTCAAT,112,72
GGATGTTCCATGAGGGTGGCGTAGAGCGGTCGATGTACGCTAATTTGGTG,138,38
GACGATCTTGTGTGTGCTCTCTGTTATTTTGCATGATAAACGAACAGCAG,121,61
CCTTTTTGCCCTGGGCCTTCTAGATGTTTAAAGCTCCCCGTGCGTTTTCT,130,80
GTAACTTGCCGAGCAACCGAGGCGCCGTGTTAAAGGTTATGGTCACCAGT,130,55
AGGTGACGCTCGGTGTCCGGGAACGGCGAACGAACGACGTTTTCACCTAA,133,53
ATGGGACCGGCATGGGCGCCGAGGCATTTGCAAAGATATGGTCAAGGCGC,137,42
GTAGTAAAGGGATGAACCCGTCCGGCTCAGCTTTTGCAAGAGATTAATGA,122,52
GCCTATTGAGGCTCGGTCGTACCTGATTAGTAGAACGTCCGAAGCGATGC,131,56
GATAGTCGACGTTCCTGCACTGATCCATAGGAGATACATCCTAGCTTCAG,122,67
GAGGTTCCTCTGGCGATCCTTCGGATCGCCGCTAGACATGTCAGGCTTAG,136,61
CACTACCACGGACCGCTTAGTTGCTATTTTCGATAAGTTTCAATTTGCGT,119,74
AGAGGGCAGTCGTAATCATATAGATTGCGACCGCTGATAGTCGGTGTTGG,130,45
CTGGGAGCAAGGGCCGCACGCGCAGCTTAAATCGTGGATGTATGAAGTAT,131,46
AGGAAATAGGCCGCCAATCGTCTTGCTCGGTCCTTTGAGTTGCATGTTAT,127,62
TCCAGTTGGATACAAATTGTACACCGCAACGAATTTATCACAAATCGCCG,112,72
TGAAGCTTGTAGGCACTCAGGATACGCGTGGGTCGTCTAACGGTTTCCCT,133,58
GTGGAGAGGAATTACCAATTACTTTCGGTCTCTACCGGACAGATGCGATC,124,59
TCGCGTGAATTCGTCCGCCAGGACTTTTGTATGAAAACGTAGTATCCCAT,122,67
TTCTGGGATTCATGGTCTTATCACATGCGGCCCGCTATCTGGTATGAAGG,130,60
ATAATCCTCGAAGATCACTTTCTGAACAGCCATTCCTCCTGTCTCTTTCT,115,90
CTAATATGTACCCCAACCTTACCTTTGTGCTGTAGACCGGCTTTTACTGA,119,79
GAGAGAAAAAGTTACGTAAATCGTCGCACCGAGTAACGGGTCGAAGACGT,121,46
CGACTTTAGTTGGCCGTTTTCGCCGCGAAATTGATGCAGCTACGTATTGC,129,64
TCAACAAAGTTAGGAAATACCCGTTGTGGTTGCCTAAACCAATGGGTTTT,116,61
AATAACACCTGCATTCCTCATGACTAATTAGCTTCTCAATACTGAGGTTC,110,80
CGTGAAAAGCTTTACTTGCAGTCGGTGGTAATCCGGCCCAAAAAAGGTCC,124,59
TAGAAATGTGCGCTGGTGTTCTTGGCTATGCTAAATGATTTCTCAGATGG,124,54
TTTATACGCCCGTGGGGGACGTTAGGACCTTGTGCCTGCAAAATAGATAG,128,53
GCAGCGTCTACCTATCAGATGTCCGTTCGGAGGTGATAGGAATGGCATAC,129,54
CGTCCTCTAAGTAAGGCATACCGAAGCGACCCGCAGATTCCTGAGTTTAC,124,69
CCCGGGATACGTCGGTGAGTACCGTCCTTTATCGCAATCAAAGTAACTTA,122,67
GCTTGTGGGTCTGGCTATCTTCCGAGTGGCGTTCAGAGAGTGGCTGCCTG,144,49
GACACGCCATAGCTATCCACACCTGAGTTCATGTGCATTTTTTCTTTGGT,121,76
CCGTACCATAACGAGCCGACTACGGCCGCTATGTGATTTAGTGTGACCCG,130,65
TGGGACCAGACTTTGGTTTTCTATGCTCCAGGTGACAGAGGTGTCGTAGG,134,49
GAAAGTGATCAAACGCAGTCCCTACGCAAAGTCACTCTCCGGCCTAGGGT,125,65
TTCTTACCGTCATCGGCCACGCAGGATCCTGGCCTGAGGTCATCTCAGGG,136,66
GTTCGGTAGCAATTGATCAACTCCCCCGGTGTGCGACGTTGCCGTCGAAA,132,62
TCTGGTAGTCGGCAGTTGGAATGATAAGAGCCGAGCTCGCAGCGCGAGTG,137,42
GCTCTCTCAACGATACTTACTAAGGGTTGAGACAACTTCGCGCTCACCCT,122,77
TCATTCTAAATCCTGGACGAGTTTGCGAAACAATAGCTCACTGGGTCGAA,118,63
ATAATAACCTAGGTATCATGTAATAACGTGATCCGAGCGAAAGCCGGTGG,118,53
TCAAGGTACTTCACTATGAAGATCATGAGTAGTATGTTCATAGGTCCGCT,117,62
GGTCAACTAAAATAGAGTGCCTATCTCAGGCAGACTGCGGGGAGAGCGCT,129,49
ACCCGAACAGTCGCTTGAACACCAGGTCCTCCTCGCATACGTTAATTCCG,124,79
ACAGGGCGGATTTGATGTTTTGACCGCTGATTGCCACCACTCAGCCCTAT,128,68
TTGTCTCAACGTCCCATGTTTGAGGACCGGTAGAAAGGTATGCACGTATG,126,56
TTCCGAACAGTGCAAATAGACATTTTTTTAAGTTGTGAATTACCATCCTT,108,73
TATTGGTCTTAATACCTGGTCCCCGTTACTGAGTTAGCCCAAGCCGGAAT,124,69
GAAATTTATCGCTACTGGTCTGAGTCCCTTGATATATTTGATTGTCTCTC,118,73
ATGGAAACGCGTACACAGCCGGGTATCCTATACTTCTCACTCCATTACGC,121,76
CCTTTCTTTGAATGGATGGTATACATATGAATCATGCAAAACGCACATCT,110,70
AACCGGAACTAAATAGGAGATTAATCTTGTCCTATAGTCTGACAAATAGC,108,63
ATAACGATTAAAGTCCGCTGTCCGGAATATAAACGCATAGTTCTCAACGC,113,68
AACTGTGTGCCAAACCCCAGTTTAACTTGGGTGAAGAGGTCCTCATCCCA,123,68
AGCATGGGCAATCGGGCAGCACCAACGACGCGTAACGGACGTCGCCGGGG,141,46
TATTAGTGCGAGCATCAAGATGAGAATTTCGGGCGCCGGGCTAGTCTAAT,126,51
ATGAACGTATTTCATCCTGTCTCTCTGGGCTATGCAGCTCCGTACCTGGT,128,73
ATGGGCTTTCACCACTCATTTAGTATTTATACACAAGTGTCAAAAGACAA,106,71
CGCTGCGGATATCGGCATAGTACGGCCCGATTCTACCCGCCAAGTAGCTT,132,67
TACTTCCCACGATTAGCTTGTCCATAGTCGGGTTCTGCCCAGAAGCGCCC,130,75
AAAGTAACCCTTAGGATGCAACCAGAATTCCAAGACGGGTACGTCTCTGT,118,63
CTGTACCTCAACGTAGACTTTGTCACCTGGCGTAGACGTTCGGTCAATAG,126,66
CACTTGTGGGGAAAATTATACATCCCTGACGCCTGACGTAATGCGTAATG,121,61
AGGACAGGTTCATGACCGGAAAGGACTCAACTTAACGGAGTAAACCCCAA,117,57
CACTACGATTAGTACTTGACCAGTAGGCCACCATGGAGGCTGGGAACTAC,125,60
GCCCCCTGTATGGTACTATGCGCGAGCGTCGTTGTAGTGCCGGCTAATTA,135,60
TTGTAACAATCGCAGCTTGGTAATAGCTTAGGTCAGTGTGAGAACGCTTT,121,56
AAGTCACTAGCTAGTTTTGGAGAATTAACGTACTTGGTACTAGCGATTAG,116,56
GCGGGCTGAGGGAGCCGTTAACAGACTGGCTGCATATTCACCTGTTAATT,130,55
CTAATGGTCGTAACGGCGAGTGCTTCGTGCGCTAGGCAGCAGGACTCCCG,139,54
TCAAAAATGTATACGCCGAGAGTCTGACCGAAGTCAGCTATCCGCGGGTG,126,56
CATGATATGTGTAAACAAACTGATAGTCATGTTTTATAATCTTGCCCACT,107,72
GTACAGGTTCACCCTACCGATACCGACCACGGCCCAGCTTACTGGGCACG,132,72
AACGTCTAGGGCAAACTCATTCATTAACAGTGCGTTACTGCCTACGGAGA,119,64
ACTTTCAGCCCCAGGGTCTAGCTCACTGTTAACGAGCAAAATCAATTTTG,117,72
TAGGTTTTTCTGGCTGATTGTACTTGAAACTGGGTCCTGATCATGACCAT,123,63
AGCCCGTAACTACTCACTCACCCCCGAGAAACCAATGAGGTCCTTCACAG,120,80
GCGAAAACTCAATGGACGTAATAAGCGGGCGCCACGATAAAGAGAATATG,117,47
AGACGAAGTCAATCCTATTACTGAGCCGGGGACTTAAGTCTTTCCAAGCG,122,62
TCAAATTTAAGTGAGCTCAACTCCTACGATTCCGAACGATCACCTAGACC,113,78
AGACACCATTATACGGTTCGCAGAAACCGACCATCTCTTTAGACAGTTAT,113,73
CGCGAATCAACCCACTTAGCCTCGGTATACATCGTACTGCTCGTACCGGA,125,75
ATACTGATCAGTGCGCGACCCCCTGCTCAACATGCTGGAGCACCGACTTC,129,74
TAGTTCCATCCTCCTTCTTTCTCCCGGACTGAGCCCGTGGGATGACCGCA,133,78
AGCAGCCGGGTGTAGCATCTTTTCCCACCTATGGTAGTGTTGACCACCTG,131,66
GTTTCCATATTCTGCTTGTGTTTTCGGCGATGGATAATGTCAGAGGCTTG,128,58
GTCGAAGACAGTCATCTATCTTGCTTACCGCTCCCTGGTCCATATGACAT,122,77
CACCTCGCTCATACACATGTTCTGCCAGGGGGCGGGGTCCCCGTATTTGG,139,64
GATCACCTCATATGACGCGCGGTGGGTCCTTCGGCGTGTTGACTATGTTA,134,59
CGAGTCACTCAATCGAGTCTGCGTCAGTGTCCCTGCACCTTAGATGAGGT,130,65
GGTAAGAATCCCTTCTACAACGTATCCAACCGTGCTTGGAGCTAGTATAT,118,68
TGAGTCCTGACTTAGGGAAATGTTCGACCGGTCGGGTCGTTGCTGAAGCT,135,50
ACCCCAACAGTCTAACTGAATTATTACGAAACCAAGTGCAGACTGAAGGA,110,65
TACCAATAGCTGTCAAATGCAAGGCCAAGAGGGATCATTATATTTGTGAC,114,59
TCCACTAGTTACTTCGCCCTTGCCGCCGAGATCCGGTGACATACCGCGCC,134,79
CGTATAATGTTGCCGTATCTACGACGCCCTACGGTGAGCCGAGTTAACTC,127,67
ACCAATATATGTATACTTAACAACTTATGGTTAGGCCTTCCAACTAGTTA,105,75
ATACACATACCAGTGAACCTCGCAGAAATCGTGTACTAATTCCGAGGCCT,116,71
TATTGGCCCAACAGGGCAGTTCAGGGTTGTTTCTAGTCCAATATCAGGAA,123,58
GTCGGGTATATCCATTTGATCGATGTCAGGGTTAAAACTACGCGCGGCAT,126,56
TCTGAACATCCAATACATAGCGATCATGAAATATCATGAGCGACTAGGCA,110,65
TCCTGCACCCTTGGGGGTCGAGCCACTTTCCTACATTGCTTGTCATCCAC,131,81
TGACTACGCGCCTTATTCGTAGGTTAAGTTCCGTTCTCGCGTCGCTGAGG,134,64
CCGCCGCGGTTATCGCCATTGTGGTATATTGACGTACGGCGATGAATGGG,136,51
AAATAATAGCAAACTCTCAGGCCCCCCAATATGAATGCCCATCGCGAAAG,112,72
CCGGTCCCGGCCTCCGCCAGCTTGGCACGCAGGTAGTACTAGAACGACAA,135,65
ACAAACCCCGGTAAAACAGTGTGCTCTAGAGCTGTGCGGGACTACGCCGT,129,59
TAGCTAGCGCGAGTACTAAAGAAAACCAGCACCCGAATGCATAATTTTAC,111,66
TCGCTCGAAGTCGAAGCGGGTCTAGCTATTGAATATTAGGACCTTTCACC,124,64
TGACGTTTTGCTTGCGTGCCGCTGTCATCACCCATAATAAACAATATGAT,117,72
ACACTCCGGGATGAGCACTACAGCACCGTAATCAGGACTAGTCACTGAGT,123,63
CCAAGCTACTAATGAAGGATCGGCTTGCCTTCGTACAGTCGTGCTACTCT,125,70
GCGGAGGGCATCAACCTACCCGTTTAAACCAGTACCGAATTTCTATTTTC,119,74
CGGCACAGACACTCACTTCTAGGTCGTCTAACCGGCAGTGACATTGATTG,126,66
TCTGCTTATTGTTACACCATCGTGTGTTCAACTCCGCACTTATGGAACGC,122,77
GCGCTGATTAAATGTTTTCGGCTGCCTCCCTCTTCGCACCCTCCTTGGGC,135,80
GTCCGTGCCTTCTTACCGGGAACGGAACCGATTTCGGCCGGCGTCCTTCT,139,69
GAACCCCGTTACGGACATCGTACAGGATGCTCTGTTACTCCGTACCCCCA,127,77
ACCATAACTATGGGTGTGGCGAGAAGATCGAGGATGCTCCAACGTTCGCC,129,54
TGGGTTTCCTCAGAGAGTATTACGATGAAAACGTAATCCTTAACGGGATC,118,58
TTAGTTTCGGTAGTTCCAGCTCCCAGTGCGGTTCCGAACATTGCTAACGG,130,65
CCCTAATTTCGTCTCGACGCTAGTGTTGACATGATGCCAGGTAAGAAACT,121,66
TGGGGCGTCCGGTCCGTGCCCGGTGCGGCGAGCTTTCGGCGTTGGTATAC,153,48
GGTGCGGTAGTGATAGCAGAATACCCCTCACGATAATCTATAGTCCAAGC,121,61
TTATTCCAGATCGCCAGTCCCGTGCCATCCGCCCTGTCGACCCCGTCAGC,135,85
AACAGACGTCCGGCTTCAATAATCAATGGGTAGAGCTCCGAGCTTCACGC,124,64
TGACTGTGATGTGCCTAGTTTACGTTTTTACTACCCCGGAGAAAGCGTCC,126,66
TTTCCTCGCATGCCCGGGGTTCTTACTTGATCATTTATATGCATGCCTAG,125,75
ACTAGCTGGACGCTTAGCTTCGGACGGCGTTTTCGGCCCATTTGCAGTTT,134,64
TCGTCCGCCTGTCGACGCCCGCTAACTGGGACTTGAGTAAAAGATGTTCT,130,65
TAATTGTAGCTTCGTCAGCGGAGACGGGGGCGCAAAACCCTTCCCGACAC,131,61
AGGGCGGTCTCGTCTTGCAGGATGCTTACCTCGCGGATGGGCATATCCAT,137,57
AAGCTATATCGTGCAGGTCAATTGGACATCGCAGCCCCGACTCCGGATTG,128,63
CATATCGCGTTGATCATCTCTTAGCAGCGATTTTTTTAGGACTAGGAGAT,119,64
GTGTTAGTCTGTTGTCCACTGCGACTCCACGCGTGGGTTATGTACTAGAC,132,62
AACCTAGCGGGGACAATTGGTTAAATTTGAGTTGGACGACCTGCCTGAGA,125,50
GACGCCCCGGTGCATTATGGATCCTTCATTAGCTAAAAGGGTCCAGCACT,126,66
AAGCCACCCAGCATTGAGAAGAGCGCGCAGCAAGGCATTCAAGTTTGGGT,127,52
TCGAGTACTTCGTCCTTTACACCTGCGATCCTGACTTTATCCATAAAACC,116,86
TCGTCACCCGGAGTTACACGTTACCCAACAGTTGGGTTACTTGTACGGGT,129,64
CCGCGATCCGATTGAGCGTGCAAACTGTACGCTGTCCATCTGAATTGATA,125,65
CAGGGTGTAGCCGATCGACACACAAACACTTCGGCCGGTCCCTTACACAT,126,71
TCGGGTCATTTTGCAGGGCCCGGGAGGAGGACAATAGGTCAAGATGCGAA,134,39
TCTCAGCCTAGAGCGGCAATCGCCTACGCCGATAGGTTTTGTTAGGCCGG,135,60
GCTACCCATACCTTACCCTGTCAACTGTTGGGGCCGAGATCATACCTGCT,127,77
ATGATCCGGAGTCGGCGTCATGGGTCGAATGGCATGATCAGTGCCATCGC,136,51
GAGAAATAGAAATTCATGATCGTAGCTAGAAACCATTCGTGGTGAACGTA,112,52
TCAGGCGCCTCGTCGCGTACTAAAAGTTGCGCTGCTGCTACGTTTCGCTA,133,68
CCAGAGAAGGTCTTTCCCATCGCCAGGCGCTCTAGAGACCCAGGTCTGCT,133,68
CGATGCCAGTAAAGGGCAGAATATGATCTTCCCTGTCGTGTTAGCAACCA,122,62
ATCCTACGGCGACTGGGTGCAGCACCGGTTCGTACGAGTATGTGCGGCCT,140,55
GTTTAAGCTGATAAAACAAGGCGCTTCAAACGGAAATTTCGTCCTGCAAA,112,62
GCGTATGCGTGAGATGTGCTAGACGAGATGAGTTACCGTTGAATGTCCAC,129,49
GAATACCCATGCGGACGACTCCTTCGTTCGTCTGCCATCAGCTTATCCAG,127,77
ATTCGGATTCTTATGCTGGGTATCGGGCGGGCATCATAGCGGAAGGCTGC,137,47
TTGAGACTGGCGCTACGCACATTCGGTAGTGTGGTGGCAACCGTGAACTG,135,50
TAAGTGGGGCTTAACAGTCATCCACAGGCCCTGTGACCTGGGACCCCGAA,131,61
TCATCTATGTCATGTATGGTCGGTCATGATACAGAATGAGTCATAAATAA,110,60
AACGCCGATTCTCAGCCTATCGAGAGAATGTTTACACCGATGCGTGAACC,122,67
GTCGGGCCGCTTCGCATCCATCTCGTGTATAGTTTTTGGAATATTCGCGT,131,66
CGTCGCTCGTCGCCCATTTCAAGATGAGCGCGTCGCAGTATATCAAGCAG,130,65
TTCTGGGCTATCGTGGCGCTGAGGCTGCATATGTACAATCATGAGACCCT,130,60
GGGGTTAGCCCAAGGCCTTCGCTTCGGAATGCCGGCCCCGCTAATGTAGG,141,56
TGGCTTGACGTGGACCGGGCTAATCCGGGAGTGTTTCAGAAGCAGCTCCC,138,53
AGTAAGTAGGCTAGACGAAATCCACTCTTGCTTAGGAGCTCAGTTAAGAT,117,57
GGGTTTAGCATTACCCTAGCTAATTCCCTGTTTACCGTTTAGGAAGTGGA,123,63
TGACGCTCGATACGGGGAGCGCGCCTTTAAGGTTATCGGACCTGACCCGC,138,58
GGTTAGCGGAGGTACTAACCAGGAGGCGCACCGTGCAGTAACCAGCTATT,131,51
TACGAGAGAGCACAATCGCTTCTGGAACTAGGGGTGAAGGATTATGACGC,126,46
ATCGGGGACACTCTACGGTGGAGCCGTATCAAGTAGCGGCTCCATCAGCA,132,57
AAGAGACAGGGGTAATGGCGTGCAATGTCGACTAAGCGCACTAAGCGGTA,127,42
TGTACCCAGATACGCAGCTTAGATAAAATGAATTTAGAGATGACAATTCA,106,61
GCTATTGTCGGGGCTTCCAATATCTGCTTGCTGTATTAGGCGAAGCGCTA,130,60
ACTCTGGTGCGAGAAACCGTCGTCTACCGTCGATCTCGTACCTGTGTTTG,132,67
GTGAGGCTCCGAAACTAGAGAGCGGTGACCGCTTGGTGAGGCTTCAACAC,134,49
AAATTGCAACCCTAGTACACGTTACCTGGGGAATACTAACGGGAGCGAGC,122,57
GAAACCCCGCCGCTCCGCACAGGACTTGTACCCACAGGCTTGTACGTCTG,133,73
CGAATCGAAATCCCCGTATCTGGATTGCAGTCCTAGAACTGAAGCCTCCT,122,72
GTGGCGAAGTGCACGGGGTTGTAGCCGCTATGACAGTGGCTTGAGGATGC,142,37
AGTGAAGCAAGGGCCTGCTCTAGAGGGTGGTTGAGGCTTGTGCGAACCCT,138,43
TTTCGTTCAGGTGTTGATATTGTGTTGACACTCGGAGATTGATACTGCAA,122,57
TCGATGGAGTTTCTATCGGGGTGCCCGCGTTGCCCTGATTCTATTAATTA,129,64
CGAACCGTGTATGTGTACTGATACATGAAAGTCACGGCTCCAGTAGTGAA,121,56
AATGCGCTCACTCATGGCTCAACTTGGTAACCCCAAAGGCCACCCGGTGA,126,71
ACGCTTGAATCAGTGCCAATAGGAGGGCCTACCTCTGTGTTCGATTATTT,124,64
ACGGGGGCCGATAATTACCGGTGATCGGCTATGGTCTACCCGACTCTGTG,136,56
TTCGGAATGGTGGTTTTACTAAGGAGGCCGAAGATACTCTCCCCACGCAC,127,62
AATTAAGATCGCAGCCGAGTAATCCCACTTTATAGCATATGCAGAGCGTG,117,62
GAAACGTGAACTAGATTTTTGCCAGAACTGCGCAAAATTCGGTGGGGCGG,127,47
CATAACGCTTGGTCGCAAAACCGTATATAAGTGTTCACCTGTATTCGAAG,116,66
ACCGGAGGAATGCGACATCGCTTAGGCTCTCACATCCCGACAGTGTAACT,126,66
CCGTCATAATCCCTCCAATCCTGGTTCCCCCACGAGTAGTGACATCAGGC,126,81
AGCATCGTGACCCAAACCACAGCCCTCTAAACTATACATTGGCATCACGT,115,80
TAGCGTATTGTCAGCATTAGGTCTGTTGGGTCATAAGAGTGCAGGGTAAT,126,46
AAGACGCAGGAACGTAATGTCTACTAGGTAGCCCGGTGAGGACAATCCTC,125,55
GCGCAACTCTTTTACTAGACAGAGGTAGGCATCTAGGACAAGATCCAGCG,123,58
TCTGTAGACGCAGCGGAAGATGACTCTCTGTTGGCGACTTGTAAAACATG,125,55
CCAAATTCCTCTCGTCCTGGCGACCAGAGCGGCGGGAGCGACTTCCCCAC,137,72
GTGAACCGGTGGGGAGAAAATGATGAAACGCAACATCTGCGGCGCGCAAC,129,44
TTTGGCTAGCTTCGATTGGTGAGCGAACGTCAGGCTAGCTCGGGTGATTG,137,47
CCCAAAGGACAGAACCCCGGGGTAGGTGGGAGGTTCACATATCGTAATTT,127,52
CCAGCCCTGTTGTCTCATTAGTTTGCCGCAGCACTGTGATCACCGGTAGA,130,70
AACTAAAGTTTAGCTCATAGCCGGACAGACAATCCGTAGGGCGTCGGGCA,125,55
CGGTAATCAACGAGCAAGGCTGAGTTTTCTGGAGCATTACTGCGCGAGAA,126,51
CGTTTCCAGTATGCACCCCTGCACCTTACCTACGTATCATTTGCCTCGAC,124,89
TGTACCCGACGCATCCTCCGTTCTATCAGATTCACCATTAGCTGGCTAAT,121,81
TTAGGCCACATACAGAAGTAGGCGGACTGATATAAGGGTGAGCGCCCGCT,129,49
CCCGGCCTGGAACTTAAGGTCGGTCGATTAAGATATACTTCCGGCTCATA,125,65
CGTTGAAAATTTGTATACACTACAAGCACGACCCACTCCTTTACCCATCG,113,83
CCATTGCGGCAGTATTGCCGTGCTCCTACAGCCTAAACTACTACACAAAA,117,77
TCAGTGTCGCCAACCTCGCCCTACGTTAGTACCTATAGCTTTTCGCATAA,121,81
GTGACCAGTCCCATAACCTTTGTAGACTAATGGGATCCATACCCAATGCG,120,70
ACCTGGCGCGACGTGACTATTCCCTTAAAACCGCTTTCTGGCCTGTCAAT,126,76
GAGGTCTGAATTGTCACCTTACAAGGATTCCAGGCCATTAAACGTCTTTG,120,65
TTTACTCCAGGACTCACCATCCGCAACGAGACACTTAGCCCAATGCGAAC,119,79
CAACGCAAGGCACCGATTCGTACGTCACCAAGCTCGGAAGGGAGGTTACA,127,57
TCAGGCCAACGTTTTTTTTACATACGAGTTATCGCTTTAATGACCCGCAC,117,77
ATTGCAGTTGGTGGCGTGATGCGTACAGACTGCTCGCTTTCAATCATTAT,126,61
GATAGAAACGATAACAGCTCCCCAATAAGGGACTAGCCGGCTATTGGGGG,125,50
TAGTGAGGCGTGTTGAATTATCTGCTCGGAGGGCCTAGACCCAGTGCCGG,138,48
CCCCGTACTAACCCCCCTCGTGGTTGAGGATTCTCATCGCGCTATACGCT,131,81
CAACATGATCCGGCTCCACGAGTGGCTCGAATCTAGATATGCACGTGGTC,128,63
AAGAAGGTAGATTGACAAAAAATCGAAGTCCTTAGGGCGGATCCGCCAGG,121,46
AATAAACAATAGGAAAATCGGGTCCACAGATGAAAGGGCTAACGTTGGAA,111,46
TTGGTCCATCTTTCGTGACTTCTGACTCTCTCGCACTTTGGTTGAGAGAG,129,69
GGAGCGTAACTCTTCAAATTTGGAAAGCATATCATGCTGGGGCCATGCTG,125,55
ACGTATATTCTGGCTACCGAGGCCTCGTCCTCCGCCTCTGGTATCGCCGA,135,75
GTTGTGCTGTTGTCGTACGTCCCCACGGTGTTTACGGGTTGGTCTAGTTA,137,57
TTTGCGGGATCGCCCCGTGCACCCGCCCCAAGCGGAGAGTTGTGAAGTGT,141,56
CAATCCGGTTGTTGAAAGTCTATGTAGTGGGATCATTTTAATTCACGCGT,120,60
GAACCAGAGCGCGTACTCTCCGCAGGTATGTTGGGCCCGTTGACTCATTG,135,60
GCGCGCGCGGGCGTACCGTCTCGGGACCGTCTCTTCAAGTCCCGAGTGTA,145,60
AGAATACACTCTGACTCACTAAGTTCTACACCCCCTGTTTTTTAGTTCGA,113,83
ACTGACTCCCATTTGCTCACTATCACCGTCTATAGTCGACCTGGTTCCTG,124,84
TGGTACGGCTTTTTCGAAAGTCGCTGTAAGCTGCCGCGACCTTCTTTTAG,130,65
GAGTCGTCCAACATGAGCAATAAGAAGGCCGTCCGTGTAACGCAAGCCTC,125,60
GCACACATTCTTTAACTTGGAGAAGAAGTGGATTCGAGTGCCATCGGTTG,124,54
CCCACCTAGACCGTGGTGGTTAACGCCTCGGTCTACATAAAGGGGCGTCC,134,64
TACGTTTGTGTTGCGTGAAAAGAAGCTCAGTAGGGGCGTCACGCGACAGA,130,45
CTGTCTTCATCAGAATTCGGTGCGAGCCCGAAATTGTGCCACATAGCTGC,127,67
CCAAATCTTGTGGCGGTGGTGCGCAGTCGCGTCTACTCTGTATGTCGAGG,139,54
AACGTTTATAATACTACTTCGAAGAACACATTATCTTTGTCCAGCAACAA,102,77
ATAACCTCGTCCCAGATCACAGTCATCATAAAACGATAATTGTGGTCCAG,112,72
CCGTTTACCCGCCGCCCCCACGCTAGTGCAAGCAACTCGGGGTGGTTGGG,143,63
TACCGGCAGTAAACGCCAGTCCGACGGGGCAGAGCACCTAGCACGAAAAG,129,54
GACACTGATCTAATCTGGTAATGCCCTAGTAGTGTAGTCAGGTGGCTTAT,123,58
GAAACAATCGGTCGAATAGCAGACTCGGTCCTCGTCTTAAGCCAGAGTCC,124,64
ACATGAAAATGACTGGGGCCTATTTTTGTTCCAGTCTGTTGTTGGATTTC,122,62
GAAAGCACGAAGGCCGGGGCGAGGGGGTGATCGTTTACTGGAGCTCTCAG,141,36
ACCAAAACCCCATGGTGGGCTCACGAATGGCCTCAATGACTTTCTGTTCC,124,74
CGTCCAAAGCTCAATCATCCCGGACACAAACAGAATCTAGAGCGCCTTAT,115,75
TGGACATCTAGGGCCCTATGGCGGCGCAAGACAGAGTTTTGAGCTACGAT,131,51
CACATGAAAGCAAGCTTGCCATCTGATTCAAGCAATAATCACATTCTGCG,112,72
AAACCAAGGGTGATTTCGCAAAGCCCCATTCGAGGAAAGCGTATTCCTTA,118,63
AACCCTAACGATGACGTTCCTCACACTCCGGATTCAGTATGGCCTCTGAA,121,76
GGGGCCCGATAGGGCCCGGAAGTAGCTATAGTGATACACTATATGTAATT,125,50
GTGGCAGCAGCTGGAGTTTGAAAGGAATATAGTTTTTGTGCTCTACTGCC,127,52
CCGGATTCAGTTGGTACTCACCTCCAAAAAGTCTTTTCAGCATACCCTTG,119,79
TGCTAATCTATACGATTCATCAAACCCCGGGAGATCGAATTGAAAGTGCT,115,65
AGCCATCTTGCAAGCGCTTTTTCCTCGTCGCCTATAGTATTGGATACCAG,124,74
AAGAGAGATATGTTACGTATACATCGTAGCACCTGTAGGCCCTTCGATTG,120,60
GGATGGAGGGTTATGAGCAAGCGAAATAGGGAAGGAAGTATCAAGGCGTC,128,28
GGAATAGCAACCCCGATTATTGTCCCCTAAGGGATACACTGTATCAATGC,118,68
AAGTTTCGGATATACCAGGCGGTGCACGGCAATCTTCCCACAATGAAGAA,120,60
TTAACACTATACGGATTCTCGCGCAAAGGGCACAACATCTAATAAGGAAC,111,66
ATGGTGTTCTGCGTGTGTGTCAGATCTCTCGAAACCGGCGGTTCTAGACC,134,59
TCTCACCAATGGGCGTGCTTGGTACCCTCGAGGGAGTCATGGGTGAGGTT,139,49
CCGTATCGTCAACTTTAAAGTAATATAAGAAATCTTCGGTAGAGTGCTAA,108,63
GCCCTCGCCCTTATAAGGCGACCACTCCAGCCGCCATGGTAGGTCCTCAT,133,78
TAAGCACGGGCTCAGTGCCTACAGTGTTGCACGGTGCCTTGAAAATAACA,124,59
AGCGAGGCCTGCTCGCGTAGTAGGATAACCTCCGGTAATTCTTGCACGAC,131,61
TATGGGCCCAACACGAAATAATCCTCCTTCTGATTGTGCAATGGCGCCAC,122,72
AGTACTATTAGGCGCACTGTTGGGTGATACTTGTGGGATTTCGAGAGATT,127,47
CTCTTGGGGCCAAGGCTTCAAAATTTGAACCGCCCTCGTCATTGCTTAAA,122,72
CTACGTCAGCGCATCAGGCGCCATGATGCCGTATAATTAGACGCCTAGGA,127,62
GCCCTCTTGACCTATCGCGCCCGGACCAAAAATTTGACCTACGGCACTCT,126,81
TAGGTGTCCTCCAACATAAACCTATTTATCTGCGATCCAAAGCGTGCCAA,115,75
CCTTTGGAGAGGCGTTACCAACGGGTACACGGCGGTTTAAACGTGAAACG,130,50
CGGTAATAGCCCTTTGCCGTCGGGGCCTTTCCATTTCGGGCTGGGAGAGT,141,56
CGCAGGTAGCACCCGTTACCTTATGCATTTTTTCATTCACGGGGGTGAAC,127,67
AAGTTGAACAAGCCCATCCCATTAGTGTTCTATGACATTTGAGAGATAGG,115,60
GTGCCTCCGAAACGTCGCCATGAAATGGGTAATAGCGAAGACTATAGGTT,123,53
GATGCAAAACGTCCTTCCGTGCTCTATCGTTTTCTGGTGACCTAATAGTG,124,69
CAATGTCGGTGGCTCCTCTATAACTAGGCGTTGGTTGTGACGGGCGTGCA,137,52
ATTCCCGCCAATTTTCATATGGGCTGATTTTCGCATACGCAAGAGCGCGC,125,70
ACCTCCCCAGCCCGCGACCACTTGGAGACATGTCGTTCGCGGCGGCCACT,139,74
TTCATCGCTGCTCACATACTCCGAAAGCATCCGCCTTTAAGCCAAAGCGA,119,79
ACAAGCCTAACGACCCCGCGCAGGGTAGGTGTACTCCCTAGTCTAATATT,124,69
GATTCCCCGCATTTCTGGAGATGAGGCCCCAATAAAATCTCCACTGGTAT,121,71
GTGTCGGTCGAGCACGGATCTAACGGAACCAGCCCTGTAATTTTCGTAAT,126,61
AACACCGCATCGTAGAGGTGAATGTCGCCGTCGGAAGTACAGTGGAGATC,129,49
AGGGCATTCTAAGCGGTGTGCAGTCAACATTGGGACGAGGAAGCTTCCGA,131,46
GTTTATGTAGCAATCGTATTGTCCTATGTATAGCAGAGAGGCAACTCTTC,118,63
GCGGGGCCCACTCGTCACTAACCCTGTCGCGACTGGAGCCGGATACACCA,137,67
CCACTTAATCACTCAGGCTGTTAGACTGCGTTCTCCCCACTTGACGAGCC,126,81
CTCGATCTTTGTGTTCACACAGTATCAGTATTATGGGTGTATTTGGCACT,121,66
TTAAGGATGGTCAGGATCCTAGACGATCGCTCTTGCTTTGCCCCTGATCA,127,67
TCTCCCGTTGGAGCGGTTTCGTAACTGACAGCCCTCCAGGTCCACAACGC,133,73
CCCTCCCCGGGGGAAGCTCCGATGTCTGGACAGGAGATGCTGGCGTCCAC,143,58
CCATCGTTTGCACTTGTCCATGGAATAATGAACGACCGTCCTCCGTACGT,124,74
GGTCCTGTATTCAACCCCGACATTCATTGATGATCAATTATCAATACCGT,113,78
CTGTTTGGGTAATAGAGATCTCCCGGCCTCCTAGATCCTCATCGCAGAGA,127,67
GCACTTCTTATACCCACGAAGTAAGCCACCCTACTCAGCTCGATATCACG,118,83
CATGCTTCCAAGCCAAGAACTTGTACCATGACTAGAAACTGAGTTGATAG,114,64
CCCCTCTTATCGAGGATCCGTGTAGGGATCCCTGGGTCCTGCAGAATAGC,134,64
ATAGTTTCAGGGATTACATATATCCCGTGGCTAGTGGTCTCCGAGCCATC,125,65
GAAAAGACTTCTAACGCCCGCGCCCGCTCATTGTAAAAGCATATGACAAA,114,69
ACTTATTGTTAGTTAGTGCGACTACTGGCCAATAAGGATTTATTGCGCGA,119,59
ATCCTCGTAGGTGTTTCACGAGTTCAAGAAGGCGCGTGACGCTGGGTTGG,137,47
GTACGTAAACCGGAATATACTCTCTCGGGGTGCGCCCGCGGCATGGCCTT,136,61
AGAGGCACAGCGTCCCTCGACGTTGATTAGGAGTTGGTGGGGCGAGCGAA,139,39
ATTGTACCCCTGCCGTTAATTTACTCGGACGATTCCGTTTCGGAAGATTC,123,73
ATAATTGTGTATTAAGGAGGGACCGGCGTAAGTTTTAATAGCGTCAAGCG,121,46
TGCGTGCCTTGCAGGTATGGAGCAATTAGAGATTGTTCAGATGCTCTAAA,123,53
GCGGCCGGGGTATTTTTCCTCGCTAAATGGTGGCTCTTACCGGGGTCTCA,139,59
TTCATGTATAATTTGCGCACACATATCCAGTTCTCGCGTGATCCTGGTGA,121,71
CCAAAGGTACGAGACATCACCAGGGAGCAAACGAATTGTCCTATAAGGTA,116,56
CCAAAGGCAAGGTCTAATCACATCGCATGGGAAATTATCATATCCAAGCC,113,68
GGTCGGAGTGTTCAAGACTACAGGTTGAACCCAACGGCTGTCTGCACTTT,129,59
GCGCGCATCTCCGTGGCGGCGGGGGCCCCTCAGCGGCATTGCACATGACG,150,55
TGGAGCACCATGAGCCTTAGGTAGCATGTGTCGCAGAAAGATAGTAGTCA,124,49
GATCGTTGCCGCATATCTGTAGGGCATGCCGGGCCCAGGGCCAACCTGTC,140,60
GGCTAACAAGCCATCGTACCCTACTATTAAAAGAATATCTTATCAGTTCC,108,78
CCACTCATGACCGCTAAGCGAATCGTACCTGCGGGGGGAAAGTCAGCCAA,129,59
GTGTGAAGTGATATGAACAAAAGTTGCCTTTGAGAGAACCCGTACAGCTA,117,52
TGGCCGACAGCTGACTCCCGAGCCGGTATTCCATTACCTGGTACTTAGTT,130,70
TTCATATACCCATTAGGAAGATTGCACTTTGAGCTACGCACTGCTCCCGC,121,76
TGTATATATCGTTCTAATTTTGTATTGGCTTTTCCGTCAACTTGCTTCGT,117,77
AACTGTAACTCGCCTTGTGCATACGCAGGTGATGTTCACGATTGCTTAAC,122,67
GGCCTAGCCCACTCAGCAACTGAACTAATTTCTATGAGGTTGGACTCTCT,122,72
CGAAGCTAGCACCTTAAGACTAGGCGGCGATTTGGAGTCTCTCGGGCAAA,129,54
TAGATAGTCGTGTTGAGCGCTCGCAACAGAGAACGTCATGGCCGAACCTG,129,54
ACGCGACTCGAAAGCACCGGCTCCAGTGCGCTCGTGCTATACCTTGGGGG,139,59
GATCGCCGTCCAGTTTCAGACGCGTACGCATCTGGAATTAAGGTTGTTTT,127,62
GGATCTCCTTCAGGCCTTTTCTTCTCAAGTGCGGACGGCAGTTATACCTG,130,70
GTGAGCGATAATTTGTACCTCGGTAGCAAAAGTTTCCGGCAAGGTACGCC,126,56
AATGTTACTTCACGCCACCCCAAAAACTTTCGGGGGTAGCTATCTTGGGT,123,68
TCCGGTTGTGCTTTACCCTACATCAACCGCGGACGTGTTCCCCCGAAAAA,126,76
TGATTAGGTCCAATTGCCACAAGGATCGCAGCAGAAACGGCAGACACTTT,120,60
CAGGGGGGGCCCACGGACACAAGTTCCATCGTGCATTCTTAGCTCCGTGC,137,62
TCAGAGAAACGTGGTCCGTTTCACGGAACCGTGACCATTACATGTAATGC,122,62
AAACGAAGACTGCAACGACAATAATTAGAACGCTCTTTAACGATTGACCA,106,66
GCTACATGATCGTGTGGTCGGCGGACAAAAAGGAGGGAAGGCGAAGTAGT,132,32
TAACCGATTGCGAACAGTTATTCCTCGACTCTAAACATAATGGTTGCATA,111,71
CTAGACTCACCCACTTAATAGCAAGCAGTCCCGCGAAAGGGAGAACTGAG,121,61
TCGTCTCTAATGCGCTATGTTCGTTAGACCGTCGGAGGGGTGTCGCAGCT,137,57
GCAACACCATTGGGTCGGACCGCGATCGCTCGATGTCAGACGGGTACCAA,133,58
TGGGAGAAAGGGGCAAGTCTGGGTACGCATCTTACAACCCTTCTGTAATC,126,56
TTCTTGTCCTGTATAGAGTGTTCCCGTACAGCCACGGCTAAGTGCGGCTA,130,65
TTTTAGTCAGTCCGATTACGCTTGAGTGTCAGTCAGATAAGACGAGAAGC,121,56
GATCTTTCCTTTCAAAAGCGGGATTGGTGGGTGACTCGCAGGTTAGCATC,130,55
ATTTAGTCTTAACGATTTATATTACGTGTCAAATTAGTAGAGACTAATGT,104,64
CATAGGCAATGTATAAACTACGACTTGCATTATGTGACTTTCTAGCGAAC,112,67
CCCACGACGTTAGCAAAGCCTGATCGGATAGTGTCACAACCAGTTCAGTC,123,68
TTTGTCGAAGCTTCCAGTGTGAGCATGCTTGGCCTGGCCAGGACAGCTAC,134,59
AGGCCAGCATCTTTGACACCAATATTCGCTATTCCCCACCTATGATTGTG,119,79
CGATGGTCCTATCATTCCTCATACTTGGTAGTACCGTCTTCACGTTGCTT,124,79
TCCTTATTACTCCAGGGTGCATTGGTGCAGCATATTTCCATGGCGACAAC,124,69
CACTCACGGATTTTAAATCAACTTCAGGTTTATGTCCCGACTTCAGCCAG,117,77
ATATTTGGCCAGTCGCCTCTTAACCTGTAGGTCACGCATTACGTTAATGT,121,71
CGCGCTTTCCTCTGGCTCCGGTAGATCCCCGGCTGGTGCGTAGTATTGGC,144,64
CCCCGTACGCCTGATACAAACTTGCTGCGAGGGTATGATGGCCTCGGGGC,138,58
AGCGCGACTTGATGATGGTCTTACAAATTCTTATGAACGAGACGAATAGA,115,55
CAGCAAGCGCCAGAGGTCCTAGCTATTCTCCAAAAAGGAGGTTTTCATAA,118,63
GACCATTACGCCAGTCTACGAGCCCGCAACGGAATTAGTCAATATGTTCG,122,67
CCCGACGGGCTCATATAGACGCTACGGCAATCACGTACTTATGCTGCTCA,126,71
GCGCGTCAGTGCGTCATATTAAGGAGTGGAATAGCGTGATCGTGACGTAA,129,44
TGACATGACCAACGGGCAGGCGCAGGAGGTCACGCCAGGAACGCGCTCAA,135,50
GGCGATGGGAGGCACCAGTGACCCGAGAATCATGGCTGGAATGCTTTACA,132,47
TTCAGTACCGAGCTTGCGAGACATCGTACCGTCGCTTAGTATAGGGTTGA,128,58
GCGCCACTTGCTTTTATGCTTCTTAACCCATTAATCCCAGAGGCGTCTCA,122,82
AGCGAGATTGCTCTCTAGAGGTAATTCGCAAGGCAATGTGGTAGAGAACC,124,49
AAATGTAGATAACTAGTGGTGTGAGTGACTAAGAAGAAATTCGGACCGCA,115,45
GTGGAACTATCTACCCGTGATTCCTGCATAATAAAGGAGCTGGGGATCAT,122,57
CTGCACCTCCAGGGTATAGTTAAATTGTAACCAAGCCTGGCGCTGTGGCC,129,64
TCGTATGTCCAATTAGGTTCCGTCCTGAAGGATCTCTCCGTAACATAATC,119,74
CTACAGATTGATATTAGATGCGTCCCCAATGTATGCGCCCCGAAGGTTCT,123,68
CCCCCCTAAAACCTGACCGCCAACGACACTGAGTACGACTGGTAAGGACC,124,74
TAATGATCGCACCTACCTCATATAATAACTTGCTTGCCCAAGATTGTCAT,110,80
CCTCGGGAGTGTAGGCTACTCAGTGGCGGTACGCCCCACTTAAGCAGCTG,138,58
GGCCTACGGTAGTATCTCTCCTGGTTCCGGAAGCCCTGATGTTCGGAATT,133,63
CTCAATCGGGTTCTACCAATGTGTAGCTGCCGCCTGACCTGTGTTCGCCG,135,70
ATTAGCTGCTCCCCCGCTTCAACTAAGCGTCTGTGAACTCTGGGACGCTG,131,71
CCCGAAATCCGGGTATGATAGGTTTTAACTTAGATTCGGTTATGGGTATT,121,56
GTAGTACACTTTGTCATATTTAAAAGCCTCTGCATTCCGACCATATGGCC,116,76
GCTCTTGCACAGTCCCGTCCTTTGAAATTTGTATGACACTGTGGGTGTTT,127,67
CAAAACGACTATGGTCGTTACGCTATTCGTGTGAAGGTGGACAGACATAC,121,56
GAAACAGATTGGAGTGGTCACAGTCTATTGCGTTCTCTGATAATCGCTGC,124,59
CGGGCAGACCGCGCCTCAGTGTTGCGTTATACCCTCGGGCTATTGTTCGC,140,65
AGATAGACAGATCTTAGAAGTGGCACCGGCGGGTGTTGATTTCCTACGCT,128,53
TCACATCACGTTGGCGGCTAATCGTAGTTAGGGGCGCTAATAGCTTAGCG,130,55
CAATACCTGTATGTTGCGACGTGGGGGATTGCGCCCACAATGAACACGGT,130,55
ATAGCAGGACACCAATAAGATCTAGCTACTATACCTGTGGGTCTCGATGG,120,60
TGGTACCAATTATGACGATAGTTAGCCCCTCGTTCATGGTTGTTTGTAAT,120,65
TGACATGGGCTTCGAGAGTGTCTAGTGTATGAGAGGTTGGTAGGGATCAT,132,37
TCTAAGCTTCTAGACACTAACTGGACTTACATAAGTAGTCCCTCCACTGA,113,78
GTTCCTTATGCACCACTCAAAGATGGCTGTCATTTGGTTATTATGTGATA,117,67
GCGGATTGTGTGACAAACCGGAATTCAATGCGGAAGCTCGAGGTGTCGCG,134,44
ACCCACCACTATACGCCCCTGATGTTGCTACGGCGCTTGAGTAAAGATTT,123,73
CCTGCAAAGTTATTGTTCTCCGGAGGCGGGTAGTAGAGTTGATAAAGTAT,124,49
TGATTATAGCTGGTGTTTCAGAAAGGAAAACAATAAACGGATGAATGAGT,110,45
TCTAGTTGCCCTAGGTGCAAAATCGCACAATCAACATATTCTCACCAACC,112,82
AAATAACATTCCACGTCGCAAACGGCAGTTCTAGTTCTTCTGAAAACTTG,112,72
GCGCACACGCACTTTCCTATTACCCATGCTTTAACGCGTCGTAGTATTCC,123,83
TACACTGAGCATATGCTTTGTTTTGATTTAGCCAAAAGCATACCCAAGCC,113,73
CTTTTCTCAGGACTGCGGTGATCCTGGGAGACTTAATATAAATGTCCAGC,123,63
GTCTGGTACGACGGCCGGCCTCTTTCCGCTAATCCTATAGCGTATAAACG,129,69
TATCAATTCCGTGGGTAAACATACTCTGCTTGAAAGTGGTGGGCCCACTG,125,60
CGGGTTGAAAACCACCACTATGGGCGGAGTTTTCCATCCGAATCCTGAGG,129,59
GGTGTACGGTGCGTGGCGTAGGTTTACGAGTGTTATCTCAGTATGAACGT,134,44
ACGTGGAGTTAGACCCCACGTATAATGACGTCCTACGTCTCCTAATGGTT,123,68
TCAATACAGAAACCAGTACTACAAAAGCTGCATAGGCCATCGTTGTAATA,107,67
CTTGTAAGCCGCCACAGCGGCCAGGATACGCCCCCCGCTAGCACAGGATT,134,69
TCACCTTGCTAGCTACTGGCAAGTTAGGTTAACCGGTGACAAAAACTGTT,119,64
CAGGTTAAAACCTTAGTGGCGTTAAACATTTCCAGTAACGTGCAAAGATA,111,61
CGACAGGAGCAACACCGTTCGCACGCGGCCGGTGCAGTAGTTAAGCTACC,134,59
AAGAACCCTACTGTTTGGTAACTCATAATTATAATTTCTTTTGTGGGGGA,113,63
CCCTGTGGACTAGTGCGTGACCGCAGAACAGTGTTGATGTTAGAGGCCAA,131,51
CAAGAAGCATTGGGTCAAAATAATACGGTCTTTTCGAGTTCCCACTATTA,112,67
CGAGACATGAACTCCGCAAGATTCGAGATTGGCCCTAAGACATTTACTCT,118,68
CCTGTCTTGGACTGGCTACAGGTGTCGCGCATCTCCTCCCTCCGGAGCTG,141,71
TCATCCAGACACGTGGGAGAACCCCCCTTTTAGCGAACACCAAGATGGTG,125,65
GTTCCACAAGTCTTGTTCGCGTTTCATTCTCCCAACTTACTTGATTACCA,117,87
ATGCTCGTATACGTTCCTAACCTCAAGGGAAGAGCAACTAGGTTAGTCCA,119,64
TGTTGGTTGGTTCAAATGACTTTCTGAAGATAGACCCAGAAGAAGCAATT,115,55
CAGTTGACCGTGATAAGATGATGAGAATCTACCGACTAGCATCTGTTATG,118,58
TATCCGAACTTGACATTTGAACCGCTCTAGGGGAGTCGCTGCAAAGAGTG,126,56
GGTTAGGACCTTAAAGAACCTCCACACGGATGGCTGTTTAACCCAAGGCG,125,60
GTTGCGAAATTATAACTCGCGTCCAACCTATAAGTCAGGGGAGTTCGGCA,123,58
AACCAGCTTAGCGTTCGTCAAACTTTCAACTATTCATTAGAACTATAATG,106,76
TACGTTCCGGCGAGGGGTAGTGTCTAGCCCTTGTCATGTCGAATCCGGCG,140,55
CATTCCCGTGCAGCCTTAAATCTTATATTAATGCACAGGCCTCCACTAAT,113,83
GCAAGTGGCTTTCATCAGACCATCTTGATAGCAGAAATGTAATGTGCTTT,117,62
CAATTACTAGACACACGCTAGGGGGTCTACTATAACTAGACTTGATTCAA,112,67
TACTGAATGTGCGATTGGTCCATATTATGACCCCTGTCAACGATGTCTCC,122,72
AATTGCGAGCATAGTTTCCAGAATGGTCAACCTTTCGTATTGAGGCAAAC,117,62
GGCGTTCCTTATATCAATGTTAACAACCCACCTATCTCTGATCTATATAC,110,85
TATAATCAGAGTACCTACCTTAAGGACGCGACTGGGCATCGCTCGTGGCG,129,59
GATTAGGCTTTTAACGGCCAACACGCATGTTAATTAAGGAAGGATTTACA,113,58
TGAGCGGACACGCAAGCGATCCTAGGGAAGAACCGGGGCTAGCACACTTG,133,48
ATAGTCGCAATGCTTATTAGCACTCTATTGTGCCGCGAAATAATGCGATG,118,63
TACGTGGAGATAGGTATCCGTGACCAATCAAGTTTGGGCGAGATTTACCA,123,53
GAACTCTCGTGACCTCACGGGCGTTCTAAAAGCCCTATTTATGCTTGGGC,128,68
ATAAGCGGGCGTTCGGTAGACGCTACGGCTGTAGGTCGATACATGCTTTT,132,52
TATATTAGGAAACGCTTGACGCATGGTGTTTAATATAATAATATGCGGAG,112,52
GTAAGGTGACCCTGTTAGTGTACTCTACGACTACTCGTAGGTTCCCCATC,126,71
GAACACGGGCGAGCGTCCGAGCCTAATTCCACGCCCTGTAAAGTCGTGTC,133,63
ATCCCTTATTGATATAAGATATACAGGCTAAACTGAGCTCGCTCATACTG,111,71
GCTTTCCAGCACTCGGCTGTTGAGAACTGAAGAGCAATTGATTTCCCCGG,128,63
CCGGATATGCAGGCCGGTACCCCTTTCTTCCTTATTTAGCTTTGTTTCAA,124,79
TTACGTGTCTTAGGCGCCCGGGAAAGATCGTGTAGCAACTCTAGCAGTAT,127,57
AGCGTCCGAACGAATCATAGGTTTAGACCATGTTCTAGTCGAATTTAGCG,120,60
GGTTTCTGTATATATGACTGAAGCACCATCCGTATAGACAATCACATGCA,113,68
CATGGATAAACCTGACAAGTTAGTAGAGCATTATGTCGACGCTAATTGTT,114,59
GGTCAGTCGGCATGTTCACTAAGCGGATCGTATGCCCCGTTTACAGTTGC,132,62
CCAGTCTCAGGCTCCACTTTTTGCTATAATGATATTCTACTGGGTGTGCA,122,72
CGATTTTCCCGGAGCATTCGGTAGAATAGCCCGCTGCCAGCACGAGTCTA,130,65
TTTTTCCGCTTGAATTGTGAGATCCGCCCGATCGGGTGTAGCGCAAGGAG,134,54
GCCAGTAACAATCGTCGGTCCGTTCTCTCTTTCTTGATGAGTAGATTGAC,124,69
CAACGACGTATCAGTACAGATTAAATCCAGGAAGTCGCCACCGTAATTCT,114,69
CAAGCTAGTTGTTGCGACCTAACTGGTGAAGGTACTTTTACATACAAGCA,117,62
ATTCTAGCACGTACAAGATCATGGCTAAGAATACACCGCCGATGGATTTG,117,62
AAGGAGGCATTTTACTCAGTTCCCAATCGAAGAGATCCCGGATGCAGCTC,123,63
GCCCGAGATGGGGTCTACGCGGTGCTACCCTACGTCCAGGGCGGACGGGC,149,49
TGGGAACCAGCTTTACGAATCCCAATCCGGGTGCACATGCTGGTGGTTGG,134,54
TCCTGACCCCGATGCTTGTCAACGCTTGCTGGCTTGAATACTCTACACGC,128,78
GCAGCCGGAGGGCAGTCACGTGATAGCATCGCCTTTCTAAACTACGCTCC,131,66
GCGGGTTTTGTTACGAATCGATGACCAGTCTACCTTAATTTGAAAACGCA,118,63
TTTGCTTCTGACCGTGGTGTTACCCCCTCCCGTGCAGGGGATGAGCAAGG,139,59
TGGTGGGTCGGATAGTAATAATAAAACAAGCCGAACTCATCAACGGGTTT,117,52
GACTACATTAAACGGAAACATATCAAAGAGACCACGCACGAGAATGATTA,105,60
GACGCCGCACGGCGACAGTGGGACGGCCGCTCCTGCCCGGCTTAGTGGCT,150,55
ACGCTCCGATCACAATCGGAGCTGGGAGTGACCGTAGATGCCAGGTCCGG,137,52
CTCAGAGTGGAGCGCACGCGGCCCGATGCTTCATGCGCGTGGTTTAAACG,139,54
CAAAAGTATTTCGTCGCATTGTCTATAGAGCATCGTTTGCACTCAAAAGT,113,68
CCATCATGGGGCTCGACACCATTGTAAACTATGGGATGAGAAATCTGTTA,119,59
CCCGCGATCTGTTTCTGAGATGAGTTACGCACTACTGGACACGTTGGAGC,131,61
TGTTATGTTCTAACCTCACTGATTTGGGTGGTCCTTCCACCTATTGGCAA,123,73
TGGACATGCCAACCTGAGGTGGCGGTTCCAGGGTACCCACCAGATCAACC,132,62
CTCAGATGGCTGGGCCTCCTCTACTTAAACTTTACCACTGTAAAATGTAC,117,77
TGATTAGAAGTTTCCGATGACGCATATTTATAGTATCTCCTAAGTCAACG,112,67
CTGTCCGGATGAGGGCAAGCCGTCCACCGGCATTCTACATTAAATTCCAC,126,71
ACTTGCCCATAGGTAGCGAGGTGGACAGCTAGCATGATTAAACCCCTTCC,125,65
CTGAACACGCACAGACAGTCTCTAGATCTGGACTTCGTTTAAAGGTGCCC,123,68
CATTGTCCACTGGTGCTTACGATTTCGGAACAGCAGCTATCTGCTTAAAC,121,71
GGCTTTGGGCGACCGTAGCGCGAAGCAATTTAGTTTCGGCTTGTGGTTTC,137,52
CCAGCAATCCTGAAAAACATATTCAACCTAAATGCTGACAATACAATACG,101,76
CCATACAGGGCAGTAGCAGTCAGCACCGAGAATTCTGCAACCACGGTCAG,126,61
CATCCTATCTCCTGGATACTCAGAGTGACGTAGATTAACACCGAGGAATC,118,68
CCACTATAGTACGCTTAATCAACCCCTGGCTTATCTGGCTCATCGTGCGA,123,78
TTATAGCGGGAGCCCTATAGTTAGATACGGGTATTCGAAGTCCTGCCGGA,128,53
TTCACCTCTCCCTGTCAGTACCTTGTATGATTCGGATCAAACGGCTTAGT,122,77
TACAGTTAACTCGGAGGATACATAGGGGCCCGTGGGCACTGCTAGTAATT,127,52
TGGCAGCGAAGGCAAACGGGAGAGTTACCGCGGCGGGGATTGTGCTTAGC,141,36
ATCCCTCCACTACCTACTGACAGTGCGCGATCGTTTACTCCCACTAGGCG,127,82
GCGTTGTTTGGAACAATCGATGATTGGCCGGTACACTCGCTTATTGGGTT,130,55
TAGATTCCGGAAGGTCATGTCCTCTGCAGTATTCGCTATCCTGCTGTGGG,132,62
TGTGAGGGTTTCGCGCCAGACGACTCGTTGAGAGAAATGTTCAGTTTTTA,127,52
CGGTTCTTTCACCTCCATAAGTGGCTCCTCCGAGTGATCACCTATATGCG,127,77
CCGTAACGCTAGTTCTTGTACGTGCCTGCTTAGCCCTAAGGTGTTTGCGA,131,66
ATAGCCCGCTAATTCGAGGGAGCATGGTTGTGGTTTGTGGATCCGCGCTG,138,48
TGCGATCATAATTCTAGTTTCAGAATACCTTATCTCGTATTACAGAACTT,107,77
TCCGCACGGATATATCACACATCCATCCAAATTCATGCTACCGCCCTGTG,119,84
AGTTGATGATTACGCGGGTGAGGAGCGATACCTGCCAGCCGTTATTCGAT,131,51
GCTCGTCGGCGCAGCATGGCCCAGCCTCCTGCGTCTAGAGTTTTGGGCTG,145,60
TTGCAAGGATGGCGCCACCCTTCATTAGCATTTGTACGCCGGGCCCGCGT,136,66
TCTTTCGAGTTGGACCATCCCCGCTATACACGCTGCAAGGGGTCTAATGA,127,67
CATTACTTCTTCTTAATACTGCTACCTCTGGGACTTCTTACTATCAGTAG,114,84
ACGCACTTGTAATATGTGTCATCTTAGCAGTGTCAAATGCCCTGTCCGGG,125,65
ACTTAGTGATACGTCTGGCTGGATCCGGGCTCAGGCGATACGACACTTGA,131,56
CTTTATACCTCGCTGTAATTAATGTAAATCGCGTTCCGTATGTTACTGTG,117,72
AAGGTAGTCTAGACGTATTCTGCTCCTGGGTACTTTTCACGCTATGTTGA,124,64
GGCAGTGGCGCCTCAGATCCAGATTCTCTCGTCAGGCCGAGAGTCCCCTT,137,67
TATGGAGGCATAAGTACGGACAATGCTCAAAACACCCCCTACCCCTTTTA,115,75
AGTCCACGTAAGGGCATGCCATCCTAACGCCTTATCGAACATACTGGGTG,125,65
CTATGGGTGTGTTAGGCCAGGGCAGGACCTTTCGTTGAGTTTAGTTCTGT,135,50
GCAGGTCCACGAAGCCCCTGATCAACATCCAATCGCGATGTCCCCACACG,127,77
GTTCACACGAGACTGGCTCCCCGCAGAAGAACATAAAGCCGCGGATTACC,125,65
AAAAGATCCGGATTACTAGTGTAATAAAATTTGGTGAGTTCCAGTACTCT,110,60
ACACATTGGGCCCTCGACCCACTGTGTACTACGATCCTGATGCATGATGG,128,68
AGCCGATGGGCGCGAAGTTCACCGCTCGTCCTACTGGAGAGTCGATAAGC,135,55
CTGTGCGTCTAAAACTTAATCTTACAGGTCTCTAGTAGAACTACAGAGCT,114,69
GAAGTTCTACTTTTTGACCCTATTCTGAGTCCCACTTAGCTATCAAACGG,117,77
CAAACCCTTAGGAGTATAGTTACAAAATATAAGGGAATTCGCCGAGGACA,111,56
GCCTAGGGCCCTTAGCATGCGACCTTGACGTCTGAACTTAAGCCTACGAA,127,67
AGTGACTTGCCCCCCCACTTTGTTGTGGAGAAAGTACACGAACGAGCTGA,126,61
GGCATCCGGGTGGCTGTTTGTCCCACAGAGTTTATAGGCATACGCTAGGC,135,55
TATTATTTCCAGGGGTACAACTTGAATCCGCTGCCGTCACCACAGGACGG,126,66
AGTTAGGAGCGGCGTTTTCGCGTACTCCCGCGCGTTGCCAGTATAGCCTT,137,62
AGTCCGACTTAGGTCTCGCGTTCGGTAGGGCAGGGACGCCCTGGTTAAAA,136,51
ATCGTCCCCTGCCTTACGTCACCAGCAAATTGATTCTGGACACGGAGCTC,126,76
GTGTAACTCGGAAGACAGCTCGGTACACCATAAAACGAAGTATAATCATT,111,61
GACGGAAACTACGGACGAGACGTAGGCCCTGCACTAAACCCAAGTGTTGT,126,56
GGTGGGAAGTTGCATGCAACTTTGCGAACATGCGGAGTGTCCGCACCTAC,133,53
TTCTGCCGCCTGCTGACGACCCGTAAACCGTACACCTTACGTACTATGAT,124,79
CTAGACGACAGTATGCTACCTAACGGACTACATCCTCCAGATGCAGCTGC,122,72
ATGTAGGACGTCGTACCATACTCCCCCTCGTTAGGGCCAGAACGATTGAA,125,65
CCCGGTGAAATCTGGGCCCCTCGGCTTTTGGGAGAATGCGCTTAATCCCG,137,62
GGGTCCACACGAGCCGAGCCACAATACGAAGCATTGGACAGTGAGCTTAT,126,56
GGAAAGTACCATTCCAACTACTTACTCGGTTGATCACACATCCACATGTA,112,77
AAAAAATGATACAGTCCCCTTGTTCATTCCCCTTAGGAGTCCCAAAACGT,112,77
CGTTCCTACCCTAAGTGGTCGATCTGTATACGTATGTGTTTAAGTCTTAT,120,70
TAATGGCGGTGAAAGACCGGGTTAGCAGGATAAGGGTAGTACTGTTTTGG,130,35
GGCATTTAAACATTTAGGTACTTTATCAACTGGAGAATGATGAAGAGTAC,110,55
GGGTGCTTATGCTCGCCCACATCCCCGACACTTGAAGTCCTCTACCCCCT,131,86
GGTACCATAATGAAATCCTCACCTTCCAAGTCTTAAGCGAGGCTCTGGGG,124,64
CGTGGATCTGGGCATGCGCGGTCAGTGGAGCGTACGGGCTTGGCGCCTGG,153,38
CTACCTATCGGTCCAATAGCGTTAGACGGCATTCGGCGGTTGACCCTCCC,132,72
AAGCCTCGTTCGTTAGCACAACAAGGTCTGCGCCGTTCACCATTAGCTGT,126,71
TAAACGCACTCACAAAGGATGTAGTATAGGAGTGGGTTGTATTAGGCATT,118,48
TCTCCTAGATATTGCTAGAGTGTCGCCTCTAGCTGGACCAATGAGACAGA,123,63
TTTGCACGAACATAGCGGTTTATATAAGTCCAGGATAAACCCTACCGATC,114,69
AACTTAGTGACGCTCCCGGTGCCCCCGACTTTATCGAGCTCAGCCGCCGC,136,76
TTGTGGCGCAGGACACGTATCCGAATAGCCACGCTAAGATTCGAGGCGAA,128,53
CGCCGATGGCGGCTTTCCTAATCCACTACTGTTCGTTATCACATACTAAG,122,77
AGTAGATCCGACTCCTAACCTCCATCCTAAAAAACTCTGGCTTAGATGCT,114,79
CTCAAAGCTATTCCCATGGACATAGTGTGCCAAGGGGTGCTCTAGAGCCT,127,62
GGCTTGGCCCACCAGGCACGGAGTGGCTTCGAGTGCTACCGATAAAGGTC,138,53
CTTCGTTTCACGCAACTCCCATTGTTTCCCACTCCAGTGTTACCCAACCC,122,97
ATTGTCATAGCTTGAAACCTTCAAACACGTCTCCGGAATGAGTGAGGTGT,120,60
ACTAGGGGCTTAGCTCGGTCCTTACTCTAGCCCCAATTGTCCAGACGCTT,129,74
GCTCCAGAGGCCTAGCGATTGGGTGTGTGGGCAGGACATTGGTAAATCTA,134,44
TTAATACCCGCATATTCGACATGCAACCCCCTTCGACGCATTCACGTGTA,118,83
ACGCGCTATGGCCCACGATTAAATTTTTGTCGCTACGGTTGAATCAATAT,118,68
CAGTATAGCCTAACAGCAGTCATCTCTCTCAGGCGCCGAAATAAATATTC,114,74
CCCCGTATGGTTAAGGAGTTCTGATCATTAGGCCTTGTTATTGCATCCCT,125,70
TATCGTCATTAAAATGGATGGGAATATGTCCTGCACTGTAACCGCGCCAA,118,63
AATGCGATGCTAGATATGATCACGGCAATTTATTGTCTTTACTAGCGTAA,113,63
CAGCGCAGAACACGGCGATCTTTAATGACCTTATTGAATACGAAATAAGC,113,63
TCGGTGCCCATATATCGGACCTGTTTCGAATGACCATACAACTGTACGAG,122,67
GCGCGAAGACTGTCTGCAGCGAGTATTCGTATGTGCCTCCGGGACGGAAT,136,51
GAGTATTTGCTGCGCGCGACATTCCACTCGGGCCGTTGTCGTTAATTCCC,134,69
GTCGAACACAACTGACCAGAATCACAATAGGAATGTTTGTAGTATTTCTG,112,62
ATGACGAATATAATCCATTGGTCTCCAAGTTGATGTTTACCCACATATGG,113,68
TCGCTACTAGTATGAGCAAGCAGTGGAGACTGGGTTTGGAGTTTTTCAAG,127,47
GATGACCGTTGCGCCATTGAAGTCACTAGAACCCCCTGCGTGCACTGATG,130,65
CCTCTAAACCCCCGCCAATATCCGCGATCCGTCAGCTACTTCAGCTCGAA,123,88
AACAGCAAGTATGCGGGAGAGATAGCGGGGTCTAACCTCTTGTCAGTGTC,129,49
TTTGCATATGATGATCCAGCAACCTGCACGGGCATAATCGATATGGGCCC,124,64
GCATATGAGGAGCAGTGCTGACGCACTGTCGAATGCTCGGTTCCTATGCA,131,56
ACGTATCCAAGAGTCTACTACCTTGTATACGACAGACCCGGAAGCGCTTT,120,70
AACAAGCCCCTCCCGGCACCTCACCCTGTTGTTGGTAGTTAGAATCGGAA,126,71
AACAGCCGCGGGGCGGGTTCAGGCATCGCAACTCGGATCACACCTGATGA,135,55
GGGGCGTTGAGAACGAACTCTCGAGGTGCTACACTCGGTGTATTCAGGAC,134,49
GCTATTATTCAAAGTAAACCACAGTATCTATCGCGAACGGGTCAATGTGA,113,63
CTGAACGTTCTAAAGGTCCCATAACGACGGTTGGGTCCCCGTGCAGTGCC,133,63
GGGTCCTTAGCCGTAAAAAGCGGATAAACTAGGCTGCTCTAGCAGTTACC,124,59
GGAGCCTACTCTAACCCCTGGAGTTAAACCGGCTCCAGATATCGTCCAAT,123,73
TCTTCCTCGTTCTAGAGACCGTAAGCACGTACAGCTGATGGAGCGGATTT,127,62
GGCGCATTAGTAATTGCTTCACGGCCCCAGTTACTAACTCCTGCGCGGCG,133,68
TCTATGCCAAGAGATCCAACGGTGGGAACAGTTACACAAATTTAGTCTTG,116,61
AAGATGCCGCTACATCACCTCTCAGCGGCAGCATTCCGTACATAGGTTTG,125,70
CGTGTTTTACGTCCAGGAGTGTAGCCTCGCCGACTCACGGCGTTCGGGCA,140,60
AGAACGGAGAAGCTCTATATACCGTTAAGGAACCACAGACGGGCGGGCCG,128,48
TCGCGCCGGGTAATGGCAGGCGTGTAACGTACACGAATGCAATAGCTCTA,129,54
TATTAGGTCACTGCCGTATGTGCGATTCGTTTGTCTTAGGCTCTACTTCG,128,68
TTATTGGTCCGATGGATGATCACAAATTAAACTCGAGGCAGCTAGGGTAC,120,55
GGACGGAGTTGGAGGCTCCGCATAAGTCACCGACTGCGGGTTGACGAGGA,140,40
TAAGCGTGACTCCGAAGCCATTCGGCGGGGCAAAGGCTGAACTACAGGAA,129,49
ATAGTCGAATCATGCTCGAGCCGTGGGCGGGCATGGTGTAGATCCGTAAG,135,45
AGCTTGGATCTGATAATACCCCTCCATAAAGTACACAGGCTAAGTTCGGC,118,68
CGACAGCATCTTTCTTGCCACCGATTAGCATCACAAAACGGCTATACGGA,118,73
AAATAGATCCGGCGGGTGTCTGTTGGAATCACTTTCAGCGCATCCGGGTC,132,57
AACCTTGAGACCACGTGTGCACCAATAAGTGGGGGGTATGTACGGATCTC,128,53
AGTGTAACAACCGGTTAATTCAGTATTGTGTAGTTGTCATTTTCGACTTC,116,66
GGTTTATCTTGAGCCTTCGCGAACCAACGACAAATGCGCTTCCTTGATTT,122,72
TGCTTGAGTCAAAACTAGTGTCGGTTGTGGGGTTGTGTGAGGGAATAGCA,132,37
CTTTCAGGGTGTAAAATGACTGTTCATTACATCAAGTTGGTCTACCCTCG,119,69
GAGAGGAGCTTACATTGAAAATTTTCTTGATACAGCGAAAAGCGCAGGTT,116,51
GGGACCTAATGCAGGACAACAGCCCTCGCGCGTAATTACATGGTGTACGC,129,59
GAGATTGGTATCCAAAAACTTAAGTGTGGTTGGTCTCGCGGTTCACTTTC,124,59
GTGGACTTCGTGCTGAGGTCCAGTCCAGGGTCCGTACGAGCTTTCAGCGA,139,54
AATGGGCGGCTATACATACATTTGCAAGCAGTTCAGCGCTACATCCGGGA,124,59
CGGGACGGGCGTTCATCTGTCGGAGACACGTACAAGCACGAGGTCTAATA,131,51
CGGTTCCCTACGTTATCGGCCGGCGTTGGAGTAGAGACAGTAAGATTAAT,128,53
GTGTCGGAATAGTGAGACTAGGAGAAGTTTGTGGACACTATACCTGTCTA,123,48
GAGGACACAGCCCTTAGGACTATAGCTCATTACTCTGTACGTTCGTTGGC,126,66
GCCGCCACAAAGAGCTACATGAGCTAACAAAGGTGTATATTCCGCGAGAG,121,56
TAGCGGACCCACTGTCGCCTAAGCCTGCCGTAGTACGGGACAGCGCCATC,136,66
TCCGAGCACGTATGTAATCCCACTGAGGCGCCCAGTGTGAAGTTCCTACA,127,67
TAACAATTCCGGAACTCGGGTTCGCTCGATGTCAAGCCCTCCTCCACTAC,125,80
ACTCTGGAGTGGAACCGGTGTTTTTTAATTGGTATCAGTGGCACAGATGA,125,50
TAGAGAAGCTTATATGAATTAATTCGGGTCCTTGTAATCCCTACGCCGGT,119,64
ACAATATAGGGGTATGTGGTAGACTTGACGTAGGTGGGGGACATAATGGT,128,33
CCTACGACTAGGCCTTTGCATCTCATTCGCCCTACGTTCTGGACGCTCCT,130,85
AAAGAGAAATCACTTTGTTGGGGTGCCGTCCTTTAACATTTCACCTGTAC,118,68
CGCGATCACACTAGGTCATTTCATACGGCCGGCAATTGAGGTTCGACACT,126,66
CGACTTAAATTGCGGGCCCTAACTGACCCCCTGCAAACACATGATCTATG,120,75
CCCCGGATGCGTGGAGCCCAGGTCTTACTGAGTTTTGGCGGATCAGTGCG,142,52
GAGAAATCTTAGATTTTACTTGCGAGCAGACCGGTATCACAAACGATGTA,114,59
AACTTTGCCGCAAGCGTAGATGTATCACAAAACCGTGCGAAGGTCATTAA,116,61
AATGAAAAGTAGCCGTTCAGAAGACTTCCAACGCAGCTATTGACCCGCGC,120,65
TTTGAAGCTATGAAGCATATCCGTGGAGGGTACTACACGGTCTATTCGAG,124,54
GTTCCTAATAGCCTTTAATTTTGTTGTTGTGACAACATTGCGCCTCGGGC,124,69
TCAAAACAAGCAGTGTTCGGAGCTCCACTAATCTCGTCTATACGGCGGCT,123,68
CACCTGTCAGGGACAGAGCCCCGCCATTAGCCTCCGCTAAACTTCCCGAG,131,76
GCAACGGTTCGTGTGCACGATCGTCTCATACGCAAGCAACTAACACTTAG,122,67
GGACCGTTTACCGGTTCGCTACCCAGATAGATCGTGCGCGACGCCACTTC,134,69
AGGTTTATGAAACGATGGTGACGGGTATATCTTGCATGAAACCTAATCGT,118,53
GCCTTCAAAGCTCCGCCACACTAGAGCCGCCGAACTTTAGTACCCTGCGC,129,79
TTTCGCTACAATAATGGAAGCGATCATAACCTCATGTACTTGTCTCCAAA,110,75
AAAGCCATGAAGAGCATAGCCGATATTTGCGCCAAGCTGTAGCTGCGACT,123,58
GTAATCTATTCTTCGATAGTCAGTAAGAAACTTTCCGGCCTTGTTAATGT,114,69
TAGCCCGAGCAACCGCAGTGGCGTCAAGCAGCCTGGGCCCTTTAAGAAAA,129,59
TCATAACTCATTCAAACCCCTGAGTTCGGACCGGTCGCCTGCTTAACCTG,124,79
AGATATAGGAAAATATGCCTGAGAGTCAGAGCGATAGGACTTCCAAATTT,112,52
CATCTTAGATTTGAAGGATAAAAAAGTAACTTGTTATTCTGATTTCAAAC,101,66
CCCTGGCGAAGGATTCCTGCCCCAAGTCCCCTTGGTCGCCAAAAATAACT,126,76
GCCTGTGTGCGTTAACCTCCCCAATGGAGGCGCATCAAACACGGCTTAAC,128,68
TATGATCGTTGCAGCGGCATAGGGGGCGCCCACCGGTAATTTGCGACATG,136,51
TTACATTTGACGTGATTGTCGCCTCTAGATGGGCCGTGCATATGTCAGAG,128,58
TTGACACCGGCGAAAGCCATCCTCTGGGCGGTAAGACCAGCCAACATTTG,128,63
CGATCTCTCTAGTGAGGGTCCGGGACTTAGACCTATTGACAACCGAGTAG,128,58
AGGTTATCGCGAAGCCGACGTTTTAGTTTTCCTAAGTGGACTGTGTGTGG,131,51
CGTTCACTTTTCGGTACGGAATGCGCCTCCCTAATTGGTCTCTATGCTCT,128,78
CAATTTGGGAGCAGAGTCGACATGATCACAGACTCTCGAGCTCTTCGACT,124,64
TCGACGATCCCAAGAGATGGAACACCGAATTAGCGGCAACTAGTGTTTGT,122,57
ACTAGACGGTAAAATGTCATTACAGATCCTGGGTACGCCTTTGTGGTCGT,124,59
CTAAGCAGGGGTAGGCCCGCTAGCTCTACTATCCGGAATCTATTAGCAGG,129,59
GGAAGTCTGCCTATCAGTCGTCCGATTCCTCTCGAATAGTCGGTGCGCAT,131,66
TATAACCAAATATATAGCGCGAGCGTTGATAGAAACAAGCGGAATAACGC,110,55
ATCCGACGGGTAGCCGTCAGCCTAGACGAACAAGCAATATTAATCGTCCA,120,65
AGGCGACTTGAAGCCGGACGTTCGAGTACGACGTTAATTTGTTAAGCGGG,131,46
GCCCGTATACCGAGGTAGACGACTGAGACGCACACATAGCTGAATCGCGG,130,55
CCGAGGGTGCTCCTCGGAACGGCGTAGATTTAAACTCCGTTCTAAGACAT,127,62
GTGTTAGCGATGCAAAAGCACCTACGAAAAAAAGGCGAACAATAAGTCGC,113,53
AAAATCGGTTACTCTCAGTCCGCTCTAATCCAGCCTAGCTAGTCGTCGTC,123,78
ACTCCACAGTTACCTGTCGTTCCCGCGGCTTCTACAGGGCTGTTCCTGAC,133,78
GAATAAATTTCGCCCCGGATCAGCATGACGCCTTTCGACGCGCTGTATAA,123,68
TTCTGAGCGGCTTTGCAGACTCTCACACATGGTAAAATCTTGAAGAAATA,114,64
TGCAGATGGGCGGACGTCCACATGTTAGCATGAGTAGGGTGGCGCATCAA,134,44
TAAGGATGGGACACCGAACGGGGGCAATGGCGGTTGGGTTTTAGGATTGC,138,33
TAACACCTCGCTCCAAAGCGGGCGTCAGATAGCTTCGACATTTTACCCTG,124,74
ACCCACGCGACTTCACCTACCACTCTTTGTTGGAATGGTACAAAACCGCC,121,81
ATAATTCGGGACCCAATGGAGAAGATACAACGGTGCTATCCTTTAATCTC,115,65
AATCAGCTTCACAGCAACTCGTTCCGCACCGTACCACCGGAGATTAAAAA,115,75
TCACGGATTACGTCCTACGCACCGCCGGCGGCAGAGTGCGTAGTCTTGGA,138,58
TGAACAAATTCCAAAGTAGTTCAGAGCCCGCACGTTGTTCTAATCAAGCT,114,69
GTACACCCGTGGAATGAGCAGGCCGCAAGATCCTTAGCGCAACAGCCGCG,133,58
CTGCATGCCTGCAATGTCGGCGCGGAATGGCATATTTAATTACTTTGGCG,129,59
ATCCTGCTTCCAGCGAAGGACTTCCTAAGGTGGCTCGCTCATGAAAACGT,126,66
TCTAGTGGTGGGTTCTCGAGTCGCGATCTTCTCGATTGCGAAGCGCAGCA,136,56
ATTTGGTGTCTGTTTTGCGCTGTTACGTTACGTGGTACCGAGTAGAGATC,130,55
ACCACGTTCGGAATAAGTCCGGAGGTGTAGTGGAGAGGTCTTCACCGCAA,130,50
CCGATAGTGTAGATCTGACTCCATGCATGGTGCTTACGTTATGAAAGATT,120,60
AGCCGCACAAACCGTACGAGAATTGGTGCAGGACACGAATCTGTCGAGCG,128,53
AGGCATGGGATGTGGTCTAAACTTCCCCGGTGACGGGGGCGAAGTATGCT,138,43
CTCGAGTGCCTCGAACCGAGGTCACTCCAGGAATTGTATTTAGACTTTAA,121,66
TAGCGTGTGTGTTGCACTGATCGGGTGTGCCAACGTGCTGCGGACCGTCA,141,51
ATCATAGATGAGTTCATAAATGTACGCGGTGTGTTTATCACCAATAGGTT,114,59
TCTACAGCAGGCCACTCTCACGCAGGCATCAGCAAGCTGTGCAATTGTCT,126,71
TTCGGCGTGAAGCCTCGCGCTGGGGACGGTCGTGTAGACATGGGGCATCC,146,46
CGCTGCTGCATGGACCGGGATGCACGACACCGGGGTGGCCCGAAGTGACT,144,49
CGACGGAGGGCACGTGACTGAAGCATTAAGCTAAAAGCCCGAACCGTGAC,127,52
GATCCTATTGGTCGAGCTCCTTTACAGACGAACCGTAACTATATGACTGG,121,66
TAGCTAAGGTTTCTATGAGTGTCTGTGTCAGCTCATTCATAACGAAACGT,118,63
CTATTCCCTCACAACCCAATGGTCACAAATACAAACGCGCTGTATCGGAA,113,78
TAGCGCCTCAAGACAGAACAAGTTCTTATCATCAAGGATAGGCTCGCGCT,120,65
GACTTTGGCCCACGCGACCGTCGTGTACGTAACCGGTTTTTCGTTGTTTA,132,67
ATATGGATTGTCATCGCTTGTTGCTCAGCACCTGAAGACACCACATACGT,120,70
GTTTGAAAGGACCCGATTTTTGCATGGAAATCTCAGGAAGACCACACAAC,116,61
CGGGATAATGGGTAAGCGCGACCGTCCCGCAGGGAGAATTGAATTTGGGA,134,39
TGCAACTTATCACATAGGCAGGGCTCTATAGTGGCTTGTAAGTGAGACTC,123,58
CAAGTGTTTATCGACCGGATTTTCCCATTGCAATGAATTCGCGTGTAGTC,122,67
GGCGATCACTAAAGAAGCATCCTGTTTGGTTATTACCACCATCAAAGCCG,118,68
CAAGGCTCTATCTTACCTTACTATTAACTCGTTTTAGTGGCGCAGAAACG,117,72
GTTCCCATACCACATGACCGACAACAAGGGTCCTATGTCCGCGCACCAGC,126,76
AAACACGACGACGCATCGTTCCCCCGTCCAAGTCCGAACCTAACCGGCAT,124,79
TTATACCGGGTGCGTCTTTGGTCCCATGTTTGCGCATGAACTACGAAATA,124,64
GGAGACACAGCCGAGTCGCTGCCAAAGCATGCAAGAAAAGAATCCTTTCG,122,57
ATGCCTGAGGCTCACCGAGGCGTAGAACTCCAATATTTTTCTTATGGACG,124,64
ATGTGAAATATCCTCCTTAGATTTGACAGCCATAGGTGCAATCAAAAGTT,110,65
AGCTACTACAAGATACGCTGACGTCTTAGAACCCCGTGGACAAGTCTTCC,121,71
AGAGCCAATCATGCCTGAGTGGAAATAATCCAAAATTATGAGCATTACCG,111,61
TACGTCCGGGCTAGGATACTCGCATTGATCGCGTTCATCGGCTTTTGACA,130,65
GGCTGTGACTTTAACGCGACTGAAGACAGTGGGAACAGTGCGCCATGCGT,133,48
GTGACTAGCGTGTCCGCACTTCGTTACTTGCAACAAACAGCCCGGTTTCC,128,73
GGGTCCTTTAACTAGTCGTACATGTAAATTACCTGTGATCACATGGGTCA,119,64
TGAGCGAGGATTCGGTACACTGGCAACCATCCCTCAAGGATTCATCCCTG,127,67
TAGTCTGTACAATCAGAATGGGGGGTATCTGAAGGCCCTCAGGCGCGACC,132,52
AAAGGGCTATAAACCAGCCCCTCCTACCGGGTATGCGTGCTGCAGGCATA,128,63
ATAATATCTTAGGTTACGTAACCGCGCATCCGCTGAAACGAGTTAAACGA,114,64
GAAATGATTGGGACGATAGAACCGAGCAACGACCCGCACTATCACCTATC,119,64
AGTGCTGGCGCGCATTGTCTCTCTTAGTCAACCGACGCACAAGCCACCCA,129,74
CGGCCAGGAGGAAGACTTGTTTTACAAAAGTCGTGAATACACTGAAGACA,117,52
TTGGTATGGAAGAGTCCGGGCTGATTCATTGCGTGCGTCGTCTTCCTACT,134,59
TACACACTGCCTTTTGTTGGTGCCGCAATGGTACTGACCCGCTAGTAATA,124,69
AACTATGTTTGATAGAATAACGCTTGAAAACACACACATTGTAATTAGAG,102,62
GGATGGGTATGGTGGGAATAGTAAGGAATTGTGCGCGTCGGTGGCGTCCC,142,32
GGGTTTTGGAGCTCTGAACCTAGAGTCGTGTTTACCACTCCCGAACGGAA,129,59
TAGCGTATGCAGTGAAGCCCGGCCGGAGCCCCTGGACACACTCGTACAGT,135,60
ATCACCTTGCCAGTTAGACCCGAGGATCTCAGAAAGGCGACGTTGCGATC,127,62
CGTGAGCAGCGACCTATCTAAACAGGGGAGCATCTTCCCGCACAAACATC,123,68
GGGATAGGGGTGGAGTGGCAAAGTATTGTCCCAAAGGACCACCCAAGGGA,132,37
CGACGAGCGTCAACTACAGGTAGAGAGCGAAGCGAAGTGCGATCTTGTCT,129,49
CACGGTACACATTCGTGAGCATCGCCTCAGAGCTCTATGGACATAAAACT,119,69
TAAAAAGACCATTCGCTAGATGCAAAAAGTGCCTCGCTGGATTGGCTCTA,117,62
TTGGCTAGTGAGCCAGGATGCTTACGTATGAGCCTCACACGGAACTTCAT,126,61
TTGAACTACGTGTAATTTTAGTCCGTGTGTATTGCCATTTCCACCTCCCC,121,81
AGAAATGGTGGCCACGTGCTAAAACGTTGTAATCTAGAGACGATTACCAT,116,56
CTTCTACCCACCGTAGCCAACCGAATGGACCGTCTTCGTCTTAAGTCATC,123,83
TCGCCGACGGGAATGACGGTAACCAAGGAAACATATGTGGATGGTGGTTG,130,40
GCTTGAAACCCCACCGCTCGCGTAAAGGTCCCTATTAGTCCACGATATAT,121,76
CCAATCTTATTCTAATGCTGCGCCACAGCACACACTGTAAAAAGAGGTCT,114,74
AAGTTCGTACCTAATTGTAGGGTTGGTACGTAAAGACGATAGCGATTTTA,117,52
TCTGGCCGATTACACGCTCACTATGCGGGTGATACCCCTTGGTCCTATCG,132,72
CAAACGTATGTGTGGTGTCATACGTTGAGGCGTCATGACGTTCACGGGAT,130,50
CAGCGGAATTGGTACTCATCCGACCCGCGTCCCGCATGCTCAGGAAATGC,132,67
TCAGACCCCTATGGGCCATGGTTGCGGTACATCTCTACCTGTCGACAGCG,133,68
CAGTCCAAATAGCTCATCCGGCAGACGAGTACCCCATAACGGTTGGCTGA,125,65
ACTTCCGTCATTAACGTTGTTATACGGCTTAACGTACATCAGAGATACAG,114,69
GCCCCTGACGTGGAGAACGAAAATCGGAACAGTTATGATCTTGCGCGTAG,127,52
CCAAGATAAGATCGCAACCCATAAAGTGTGAACTCCGGCTATCCCTGCCG,121,71
GCGAGGTTGCCTTGTTAAGGAACCTAGATATTAACTGTCCTCAAATCCGA,119,64
CATGCTTACTCAGTTTCTATCTATGGCGCCTCTGGTGCCTACCTGGTTAT,127,77
AATACTGCCTAGTAGTATTAGTGGGTTATATAAGATGGACCTCATGCCTA,115,60
CCTCCTCGCTGGTGTCGGAAGCCTAGAACGACAATCGTTCCGGATGTTAT,130,65
TCTTGAATGAATCGAGTTCGCGATCCCATCGACAATCGCGAGGAATTACC,121,66
TCTTAGATTCGAGTCTATGGTCATCTATATGCTCATACAGGCAGTTTGAA,116,66
TGCGATCAGGAACGTCCGTTCTGACCGCACACAAAAGTGCCCTTAATCTT,122,72
ATAACGTAGAGAGAATCTAAGAATGCAGTATCGCGAGTGTACTTGCGGTA,118,48
TTACGTAGCTGGGAATGCCGGGTCTCTAGACCCGAAGTGAAACAATAGAG,125,50
GGTGGTGTCCACAGCACAAGAGGGGACATGGCAGGAATTTAGGCGGCATG,136,36
TAAATGCATAATTATCGCCTGCGGCTAAGTTTATTAGAAAGCGGACTGGC,118,58
TGCGTGTGAGATGTTCGCCAAGACTGCGTATCATTTTGAGGACCGGCTCC,133,58
CGCGGGAAGAACTGACGTTACGACGGGACCCTATGCATTAGCCCAATCAC,127,62
GTATAGATGCAGAATCCCTCGGTACTAAAAGTGCCTCTAATCGACCCGGT,121,66
TAACTTGATTGCTATGGCCTTTAGCGACAACTGGCGGATTCTATCAGTAG,122,62
TACCACGCAGACGCCGAGAGAAGGTATGTGACATGGAACTGACTTTAGAG,124,49
CCTCGCACAACTGATGATGTGAATGTATATATGGTGAATAGTGGGGCGCG,127,47
CTGTCTCGGTGTCGAAAGTTGCTCAAGCTCTGAGGGGTATATACGCGGAA,131,51
ATTTCTTGTAAGTTGTAGGCCAATTTTAGCCAATATAGCTAGTTGTCGCT,116,66
GTTGACTACAACTCTTCTGGTAAAGCAGCTATGCTCCCAAGCGTAAACTC,118,73
CTGGCGCTTAACATCTTTCACTGCGCATAGCGGAATATATTGGCGAACTC,123,68
TGGCAGCGGAGGATTACAAGCGGTTAGTTCAAGGCTTTAGTACGCTCTAC,128,53
ACCGAGCGATAGAGATTAACTCTGCAGATAGAGTCGGACGCGCTTCATTA,122,57
ATATCTGTCTGAGTGTTGGGCGGGCGGGTTACTCCATAATAAAAGGGGTA,129,44
CGGGACATATCGATTGGATACTTGAGGTACGTCAAGATCGCCGCCAATGC,127,57
CTTCAACTCTGATAGGGGCAAAAAGTAGCCAGGCAAACCTTCTACACACA,114,69
CAATATTGGTGGGACAATAGAGACGCACTTAACTTAACTCGTTGATGCGT,118,58
TGATAAAGCGTGTGCCGAGGACAAACGCACCCCGGCAGTTCCGTCTATAA,126,61
AGGCGCCTATTTTCGGGCCCTCCGTCCGGTCTGGTCGGCATCGCCGTGGT,148,63
GGTAGGTACAATTGCAGGTAATAAAGTCATTGCCAAATATAATGATAAAG,106,51
CGGTTCGGTCGTGGTTAACTGCCTACTCTATTCGGGAAGCAAGGACCCCT,133,63
AAAGGTTCCGTCAATAATTATGAATGACGGCCTGAGCGACGTGATCGCAT,121,56
TGGGAATGCCGGATCCGATGTGATTCGTTCACCTACGACTCGCAAATCCG,129,64
TGCGTACAATACAGGGGTCAATTAACCGCCGACCCCGTAGTACAGTCCAC,124,69
ACGGAATGTATTACCGCTGAAGTATATAACGTCTCCTGATATCACGTGAG,117,62
CAGCACTCAGACAGGATAAGAGCTTATAGAAAGTGTACAATTTCTTCTAA,108,63
GGTGCGCTTTTTACCCGTAGCTGCCGGTGCCGACCGCTTTATCCAGACCT,137,72
CCTACTGATCGGAGACCGGCGGAATCGGTATCATTGGGTGACCAATCGAT,130,55
TCTGGCAATAGCTTAATAATCCTTTACCTATGGTGTGGAACTCTGATGCT,118,68
TACCGTAGATTACGTAACTGAATCGTCTCTCTGCTTGTCGACTGTTATAT,118,73
CCTCGGAGCTCCCACATGCATGGAAAAACGGGAATAGTTCGCGTGAATCA,124,59
TCCGTTGATTGCCGTTCTACATACACACAGTCACTACGATACGGTACCGA,120,75
CCGGGTAGAAGATGGCTCTACCTTCTACCCCCGCACCAAGGCACGGAGAG,133,63
ACCTCCTGGTGAATTTTTAGAGATGAGTCGTTCTACGTTCACTAAATTCA,115,70
CATCAGAGCAGTTTATGCTATATGCATGGGCCGCCTAGGCAACGACAGCA,125,60
GCAAGAGTAAACGGAACAAGACTACCGTGGCCTGCCCAACCTATTAGGCG,124,59
CACAGTGTTTTCAACGTCACTTTTGCGTTTTTTATCCCGAGAGTTCTGGC,124,74
TAATTATCTCTAACAGTCTGGCGCGTCTCTAGCACGACGGTGCGCATTTC,126,71
GCTAGCTTATGTTCGATTGGGCCACTAGGTGTTAGTATAGGGTCACGACT,129,54
TAAAGACGTAAATCAAAACATAATAGAATCCAATTGGTTGGCAACAATGA,99,59
CAAGACGGGATGTTACTTATGCCCTCCCCTCACTTCAAAAAAGGAAGATA,114,69
AGGTAGAAATTATTGATATACTGCAAACTTACGCATCCTGTCACAGACTG,111,66
ATCGCGTATTCGATTCCGTGCAATCGTGAAAGTCAATCCCTTACTGACAT,118,73
TTGAAAGAAGGGGAATTATAACAAATCAACGTAGTGCTATTTTAGAAGAG,107,47
CCATGTCAGTACTCAACCATGCTCGAATACCAGACAACCTACCTCCGCGG,121,81
ACAGCTGCGGAACACGGACCCAGATTAAAAAAAAGAGAAATCAGGCGCAC,114,54
CGAGTACCCCTCATAGTATCATAGCGGGAAATCCATAAAAAGTAGCGTTT,114,64
CTGTACCCCATGCTCGGCCTGCTTGAATCCAGGGGGCACGCGTCGTGGTC,143,63
AAGAGCCTGTTAGCATATCACTAAAGGTCTCAGATAATTGCAACCGAAGA,111,61
AGTACGCTGCCTACGATTTTGGGCTTCTTATTTAAAGATCGTATTTGCGC,122,67
GGTCGTTGATCCCCATATCTTAGGCGTCACAAAGGACCCTTTCTGACATC,124,74
ATACGGGACGTATTTCCAAAGTCAAGAATGTATAGTGGAAACTAGAGATT,111,51
ATTCCATGGGTTATCTGGTAGGCTCCCACAAATACGAGCGTCTAGCTCAA,122,67
GGCGCGCCTTGTAGGATACGTTTCCGACACGCCCACGCTATCGTGAACAG,134,64
ACTCTATTCCATTAGCTACTGGTATAGCAAGCGTCGATCGAGCGGGTAAG,124,59
GCTAGCGTTGAGTAGTATCCCTGTGTGCCTAGCCGCCGACGAATTCGGTT,135,60
GTCAAGGGACAGAAAGTAGCTTCAAATTTGATCTTCCGCCCGCGTGGATC,125,60
CCGCCTTCCGTCGCATTAAATGGTGAAATCAAAAAAACTATACCTTTAGA,108,73
AAAAACGAAGCGAGGTACAACCGATGGCCTATCGAGACCAAACTAATGAG,114,54
TGTTCCACTTTAATTAATATGGACATAGTACGGATACATAGATAGTGTTC,109,64
CTCTAGGGCTCCACCATAGGCGGATGTATTTCCAGCAATTTTAGGGCAAG,126,61
CGTGAGACAGATCGGATGTTCCTATCCACGTCAGAGTTTGGCCAAGGACA,127,57
CAGTCATGGCCGGGAACGACAGCGCGTAACGCGCGCGTGCGAGACGCCCC,144,54
TATTAATTCAATTGATATAGCTTTCAGCTAAATGCCCGAAAGCCACGCCA,109,74
CAGCAGCTATAGCGTGGCCAACCCCACGTGCTCATGTCCCGCGTTTCATC,132,77
GAGCCAGATAGATGTAGTCTAACGAACCATGTACAAAGGGGAACCTCGTT,119,54
TGCCAAATCTTCGAAGTCCTTCACTACTTGATTGTTCAGAGTAAACTGAA,112,72
GAGACTGGACTAATGTGGAGAGACCTCGTAGTCCTGCTGCTTGTCAAGTT,129,54
GGGCGCCGAAGAACAAAGGTGCGAGTATATTGAACTGGAAGTAGTAGACA,123,38
TTTGCGTAGTGGGCCCGTCAGTCCGGCACTAACGAAAGCACAGAAGCGTG,133,53
GCCTGACTAATTCCTTAACCCCTTAGCGTCGATTGTGATTCTATTTGTAA,117,77
GGCTTGCGAAGTCCCGCTGGTCCTGCTGGTGCTGTGCGAATCCATAGGCC,143,58
ATTTAGCGCCTCGTACAGTTCAAAGGTAGCTGCGGGCAGAGAAGCGGTCA,130,50
ACCGGTATAAAAAAAGTGGATGAACGAGACCGGCCGCGCTGAGGCAATAG,124,44
AGAAAGTCCAGACGCGAAAGGTCAAGCTCCCCTCGAGATTCGACGTCCCG,128,63
ACTTGAGATGACTCTCGACATGGGCTAAGATTTCTAGGTATTATGATGGG,122,52
CGCAGTTCTTAATTTAGTTTTCACCTATCGGGCCGTTGTGGAACTACTGT,124,69
AGCTAGCTCGTCATCTTGACAAGTGGGTTTGCCCGACCCGACGCCCTGAG,135,65
CACTAGTCAACGCCAACAAGCTCGTTGAAGTTCAAGATTTGAAAAGGCTA,113,63
AACTAGGATGAGGAACTAGCCCCCGACATCCCCTGTGCGCAACAGGGGGC,133,58
GATGTTGATACAAATTCGGGATCGCTGTCGCCGGCCATAAGCCCTGCGTA,130,60
GCCGGGACGGACATGGCTCGCTTGAGGTCTTCAGACCTTGGATTTCTTTG,137,57
CGCGTGTTTATAGTATTTCTCACTTTTAACCGCCGTCACTGCCTATCCGT,123,83
ATCGGGACATTGGGTTTGTAATAGCTTGGCGCTACTCTGCGTACGGTACA,130,55
ACCGGAAATGTGCCGGTGTCAGTGACGTACCCGCTCACGTAGAGATGCTT,132,57
AAACATTTATTTTTTGTCGCTTCCATTCTGAATGGATAATGAAAGCTTTT,107,72
TCACCCTATACGATAGGCGCCCGGCTGGGGACTACGAACACTGACGTTTA,129,64
CGTTGAGAAAGTGGGAGTCGTCAAGCGGACTCAGTTTTATGCTCGAGCTG,132,47
GGTGTAGCGCCCGTAGTCTGGGGGGCTCTTATAAATCATTAATTAGGAGA,128,48
CCGGGTACGTGTATCGCGACAGAGCACAGTTGATTTCTTAGCCGTGTCCT,132,62
CAGCGCATTGACCAGTACCTGTACGGACCATCGCTGTATAAGTCGCAACC,125,70
TCGCAAGGCTGCCCCGTGTTGATTCCGGGTGAGCCATCGCACTAGGGGGG,145,50
GGATATTGAGTTAGAAGCATCAAAGGTCCCTACCATCGACAAGGTCATAG,117,57
TGTGGAATGGGCCGCAGAACATACTCGCCATGGTGTTGTACGATCGAAAA,126,51
AGTATCTCTACTCAATTCATTTGAAGCACTCGCAGGGAGATTTGGGGAAT,119,59
TACCACATCGCACTCCCGACGCTCTTGGGTAAAATGTTACTCCCTAGTAA,119,79
TATAGAGTTGCTCAGCTAGCCATATGACGACCCTACCGCCCGATAGGCGA,126,66
TTTAGCCCGACTATGAATCAATGATGGACGAGTAGAATGCCGACGGGTAA,121,51
GGTCAATCCTGATAGCTACGTGGTATCACCCGTTTTAATATTGAGATGTG,121,61
TTTGCAGGCCCATCGGCAGGAAAATTGGCCTCTGACCGAATAGGACTCTG,129,59
GGGTGTTGTAAGCCAAGACATGAGTAATCCCCTACCATTTTTTGGCATAG,121,61
ATCGCGTTCCCGTTTGCGTTGGCCCCATCATAGTGATGCCTATTGGAACA,129,69
GTGGTATTCATAGGAAGGGGGTTGAGGCTCAAACAGAGAAAGAGGCATAC,125,35
TCCAGCTAAGTGACTGTATTTGCGAACATCGTCATGGCTATAGGATTGTC,122,62
AGTAACCCCAGTAATCCAGAACAATGGCCGCTAACTGCGAGCGCCGAGTC,125,65
GGAACTTCAATAGTATCCTTTTCAAACTCTCTTATTCGCCTCTTTGTATA,110,85
CGGCATTTGTGCATCAAAGAGTTCGGTGTAGCAGGTTGGAACCCCATTAG,128,53
TATCAATAATAACGACAATGTTCAACCGCTGCTATTGCGCGATCTTGAAC,112,72
CAACGACCCTTGGCAAGATTCATTGGCACTATTCCATTGCCCGTACGCGC,126,76
TTCCTACACTGTACCATACTCAGGACTTCCTTCCTAGGGTGAACTCTAAA,116,81
TCAGACTAGTCTAGTTTAGTATGCCGGGAAACAATTACCGTAACTTTTGG,117,62
GAAGATGCCAGAAAGCAATAACAACTACCTCCCCAACCTCCCAAAGGAGG,114,69
CCGCTCCACTAGGTTAACCCCTGGCACATCTCGGTCAATCAGTGCCGGAT,130,75
CGACAGCTCCGAATACGTCAGAGCTTCGCGCATTGTCCAAAGATAAGGAC,123,63
GAGTTGAATTGATTGGCGGACACGCACAGATTATATCTAGATAGGCCATT,119,54
ATATCTCTAGTCGGTTCGAGAGCCAAAATTTGTTGTCTATTCTTGCCTAC,118,73
AGTGTAACGCGTGTTTGGCTAGGCTAATTCTTCTCTAATATGATCCGGGT,125,60
GTTTTATTGTAGACGTATTAAAGGGCACTCAAGTGATGTTCTTTTCTATG,116,61
CGTAAGCAGACCTATGATCCTGCTCCTAGTGAGGTGACGGGAAGGTAATA,126,51
ACGCGGGCGCCGTGGGCTGACGGACCGACGAATTCCGTCATGGCGAGAGC,146,46
TCATTGCATACTTCCCTTCAACAGATGAGTTGCTACACGATCGCAGTGAG,120,70
TTTTTAGTACTGAGGCCTCCTCTATGTAGGCGATTTACGATAGAATGTGG,123,58
TGCTATCGATACACGGGCATTTCTAAAGGCGCCCGTCGTGCCTCGCCCGA,134,69
TGACGTAGGAATAATAACCTGGTGAAAATTGTGATCCCACCTTAGGGGGG,123,48
GGAGTGCAAAATCCACGGGCTTCGGAGTTGCGACTTCCGCTGAAAGGCCG,136,51
GCTGTGCTATTATGTGCAGCATGAAGCAAAGATATCCAACTGCACTTGTA,117,62
AGTTGGATGGGCGTGACTATGAGTATTAGTGTACCAGCTCGACTGTGTAC,129,49
TTTCACCATGTCTAGGGTCTCCCACCATTACCGGAAGATGGCAAATAAAT,116,71
ACACACGCCATAGCTCCGGTGGCAAGTAACTAAGGATGAACTTTGGTCAC,122,62
GCTAATCTTTTTTATTAACTGACGCACCACTTCAAATAGTAGTCAGGCCA,111,76
TAAAGCGGGATCATTTGACGCGTTTAGCTGTTGCTACTGGTACTGTTTTG,127,57
TCGCAGCCTCTGACAATGTTTGCTTATCCGACTCGTACCACATCCGGGCA,127,77
AGAATCTGGTCAGTGGTTGGGTTTACGTAAAGTAAAGATAACGTACTCGC,120,50
CAGACCCTGTCAGGATCATGATGCTTCGGGGCCGTGGCCTTTAGTCGGTA,137,57
GTTCAGCCTTGAGACGCCGGCGGATGCCGTGGACTTTTGATTCCTGGCCT,140,60
TGGTAAACCAAGATCAATCATCTTTATCCCAATTCAACATTGGGCTAGAG,110,70
TAGGGACCCGACTCCCTTCCCGATACACATATAGGCATCGTAGACTGAGT,124,69
GCCTGTTTGTAGAGACCCCTAGATAGGCGCAATCCTAACGGGTACATATT,123,63
CAGTTGACCCACTATAAGATGTTGGCCGACCCGTTTGGAATTAAACAAAG,117,62
AGTCGCACATACAATAGAATTGTCACATCGTTCACGTGGATAATCGTGCA,115,65
GCTTGATATGCATCACTAGGGGCCCAGCATGTCGTATGTGCAAAAACCGT,125,60
CCTGACCTGCTACCTATGCCACACGCAGCCGCAGATAGTCGGAATTATCG,127,72
CCAACTTGAGGTTTAGACTACAAAGTGCATTCCGTCCGCACTATTTATGG,119,69
CGTAAAATAAATTAGACGTTAGTACAACAGTTCTAGCTGTTCCCTGACAA,108,68
ATAAGTCTACATAGCAGATGTACCTGTCGTTTCATCCCAAGGCCTGTAAG,118,68
TTTAGAAGGGAACCCCTGCTGGAAGTCAATGCTAGGCGGGCCTTTATAGG,130,50
CACTAATGGGCACTACTACCCGATTCTTCTCCCGATGCCAAAATCACCAC,117,87
AATGAGCCCAAAGTTTCGCTCAAGCACGAATATTACGCTGACTTACGGGG,121,61
GCGGCAAAATTATCTTGCTACGGTAGAACGACTGTTTTCCCACTTAGAAC,118,68
ATGCGCCCAAGGGCCAGTTGAAAGTGCACTTTGCTACCAGTTTGTCCTTT,127,67
GTAGGCAGTCGCGTGGGACAAATCCTGGGAGTAAATATAGCGACTTCTGA,127,47
GGCGGTCTGGGTGATTCGGACGAACCTCCCGCTTACTGAACTCTGTATAG,134,59
ATCTTTTCGGAATGCTAGCTAGTATGATAGTCAGTATTCTTTAAGATGAT,112,62
GCTACCTCGTCGCCCAATTTAGTGTCGTGCCCTAGAGGCACCAAGAGGTG,133,63
CTGTTTCCACACCTTCGGGCACCGATAGACGGTTCGGGAGTCCGGGGTAG,140,55
GCGAGCTGTTCATAGTGAGGGCGCAAAGAACGATGGGCAGGTCGAAACAC,131,41
TATAGTTAGCGTCATCCCTGGAAGGCCCAACTGGCTAGGCTAAGCACAAG,125,60
ATATGTTAGGGTCGATTGCTAGTGATCACTCATGTCCGCCGCTGGGCTGG,135,55
GCGATAGCAGAGGTGAGCGCCAATCTAGTGAAATTTCGTTGGTAGGTACA,126,46
TGACCCAACTTCACCGAAAACGGAAGCCGTTCTCTTCAATTGGTCCGTCT,122,77
CAGCCACTCAGGTATGCCTAGAGGCCACTATGGGGCTTACGCTAGACATC,129,64
ACGCACAGCCCGCTAAGCACAGATTGTTATGCGGTAATGGAAGCGAGTGA,126,51
TGTTATTGGGATACGAGTACCTATAATTCATAAACGACGGCAACTCGTGA,115,60
CGCCGACCGAAGTCTCACCACTCTCCTGGTCCTTTAAGCCTCTTTTCGAT,127,87
AGTGACAATTCACTACAGCTTACGTGGTAGTTATAATGCAGAGCAGCTAC,116,61
CCTCATCCACTCGTACATCTAGCCTTAATACATGGTTGAGCTCAAAACTC,114,84
CGGTTGTTGTTTTTATACGAGTGAGGTCTGGGAAACAGATGTAGGGGGTG,134,34
GTCTCGAAACCTGGTCAGGTCAAATAGGTCAGCTCGCCTGCCAGTACATC,127,67
ACGATTTGCCACGGCTTGGATGTCTGTTGACCTATCTGGCCGACTGATAG,131,61
AGTGCAATCTCTTGCCGATAGCCTTTTTCCTCCCACCTTATAGTCGGATA,121,81
TCGTCTGGGTGCGGTACAGCCCTCAGCTCACGGTACGTGTCTCTAGTGAG,139,59
CAATCTCACCGGCTCCACGAAGCAGTGAACTGGGAGCATCAAGACTTCGA,124,64
CTTACTTTAAAAACCTATTATTTACGTGGTAACAAGACTAACGGCCTGAA,106,71
TCGTGTTCTCTTGTGGTGCCATTGTCGCTTTGATTACCCTTTGTACCACG,130,75
CCTCCTCGACATACAATGCGTTATTCGCGATGATCATATATAGGGTCCAG,120,70
TGCCGATCCGGAATAAAAGAATGATGATCAGGCCACACAGTCAACACTGC,117,62
GTCGGTTGTAAGACGCGTGGGAAACGTGAATAATGGGTAGCACGTTTGGT,132,37
CGCAGTTATAATTATGGTGCGTCTAGGATCAGCACACCATCAAATGGAGC,120,60
GTCAGCCGTCTGCAGGATTGTCCATATAGGACAATAACGCCAGTACCGAA,122,62
GTATGTTAACGAATGTCGTGATCTACCGATCTGACAAGTCGTTCGGCTGC,126,61
CCTATACTATCCGCCAGCGGACCACAGGCAAGGTAATAGATATTGACTTG,120,65
