seq,positive_score,mixed_score,target
GCGACCTGGAAGCACCCGGCATTTGGTCGAAAAATGCCGCAACGGAAAAC,126,56,c
GAAAGCGGTAGGGGGTTGTAAGATGGGACGGTTCGTGTGCTCCCGAAGAC,139,34,d
TTTGAAGTAAAGACAGCAAGCATTGGTAGACATCATATTCGTAGAGACAC,111,56,a
CACGCCTTGCCCGAGTCTCTTGACTTTACGACGACCTATAATTCCTAGTT,122,82,b
ATCTATATCGTGCTCAATGCGCCAAGGAACTAGACTATTACCAGAAAGGA,113,63,a
GGGCTTATTCAGAATACGAGCTTATGTTGCCTTACCACCTTGTGGCCCGT,128,68,c
ACCTTAATAGTATGAGAGAATGTGATACATACACTACTTAAGCCTTTGTA,106,66,a
GCGCAGGCCTGGTTGCTAGGTCGCGGAGTCCGTCCGTGGCCCCTCCTGCA,150,60,d
ATTTTGGCAGGTTGTCTTATCGATTCGTAGATTAAAGAATGACACCGTAC,116,61,a
AGCCGTAACGCTCAGTGAGAAACTAGCGTCATATGTAAGTGCTGAGTCAA,120,55,b
CGAAATATGTTGTAACTGCCCGCGGATAGTGGCTCCCCATGTGTTCTTTT,127,67,c
GAATTATAAAACGTATCCGGGGCTAGGTAAAGCTGGAAATGCGCCGTTCT,122,52,b
GTATGCAAGTTGGCCCGTTGTATTGCTTAGACTCTAGGCCAGTTAGCCGT,130,60,c
GTACTTGCGACACAAACTGTATTGACTGTCTTATAAGGGTCAGATAACAG,115,60,a
TGACGTATGACCGCACATATGTGGACCTGGATCCATCACGGGAGCGCTAG,131,56,d
CCTTGACTCCTACTGGATCTAAGCGACCTGGACCATCAACCAGGCTCTGT,126,76,c
AACGTTTTGGAGTGCGATCTTGCACTTAAATGTGCGAAGAACCTGGCAAT,121,56,b
GTGGGGGATTGTATGTGAAGTAGTCCAATACGAAACGAACTGGCGAAGTC,126,41,c
CGTAATGGGCATCTTAACTCGCAAGTATCTTATACCACTAAAGGGGAAAT,113,63,a
GCGCCATAAGTATCACGCGTCAAGCTCTATGACGCAACCGGCAGACAGGG,129,59,c
AGTCACCACGCACAAGAGACTAAGGAAACTTCAACCTTCACTCAGTTGAG,114,69,a
CACTAGCATTCTTTGCTGATTTTTGCCTATTGGCGATGCTTACGAAACAG,120,70,b
GATTTACCGATAGCTGTCCGACAGACCCAACGAATGAAATGTCATTCACT,115,70,a
AGCCCACCCCGGGAAGCCAGACCACCTTTGCACGATTCATAAGATCCAGG,126,71,c
TTGGAGTCTTCCGAACATGCGGCGCCCATTGCCAACCTGATCGAAATCAG,127,67,c
ACAGGTCGCAGCCGTACTGCCAGACCTACTGCTCTGATTGTTGGATTGAG,131,61,d
TGGGACGAAAGTGGCTTTATACGCGTCCGGTTGGAAGAGTGGGCGCGGTC,142,37,d
TAGTGGCCAAGTAAAATACATGTGTTCGGGACAGAGTGGACTTATCCTAG,121,51,b
GACTGGGGGCAGTCGTAATTAGCACGGATGTAATTCAGATGAGTAATCGA,124,44,b
CGTTGTGGAAGCAATAATTGATCCGCTTGGGTACTAATCCTTCACCTCCA,121,71,b
TCCCCGGTCCTGAATGATCAGCCGAAAGGTCTCGCATCCGAGTGCCTGGC,136,66,d
CCACGCACAACGGGGTTCTGTATCTAATATTTCTGACGCTATGCCACCTT,122,77,b
TGTTTAGGGCGGGGACGCGGGGTTGGCGGCGGGACACTCTATGCCGGCCA,152,37,d
CAGGACCCTACGTGATTTGAGATCTGACCTATTTCGGAATTCGATTTGCG,124,64,b
GCCATAGAGGCTCGTTGCTCCTAAATAGTAGTTCGGACGGTCCAGGAGTG,132,52,d
CATATTAAGGTAAGTCATGGTCCCGAGCGTACGCATACTAAATATGCCGA,117,62,a
GGCACCCGTCTACTTTATCGACACTCATCGGATTGCGGAACAATGCGGCC,129,69,c
AGCAAATGGCGATAGTTTAGTTCTGATAGAAGCAACGAAGGTCCAGATCT,117,52,a
TAGACACGTATTGGACATCTGGCGGGGGATACTACATTAGCACTTTCTAA,120,60,b
AGCATGTATAATAGGTACGTATAGCTGCTGTCGTTCCCCGGGACTCAAAC,123,63,b
AGTTAGGTAGTTAAACCTAGTCCTAGATACCGAAGACCCACCTGCTCTAT,116,71,a
ACTGAGCGTGCTCCGCAATGGCAGATCGAATAGTAGCCCGGGTAGACCCG,134,54,d
ACAAGCCGCCAGATTTTGCTCTCGTAGATAAGGAGCCACACACACTAAAA,114,69,a
TTCTAGTTCTATGGGAGAGCAAGGTGCATCATCTCCGCTGCAGCTCCATT,127,67,c
TACGACCGTGGATGCGATGCGTGGTAAGTGAGATTATGCAGGTCTCGAAC,131,46,d
TTGCCCGAGCTGTACGACCGGACTCGAGATGCCCGGAGCATCAAGGGATA,134,54,d
ACCGCGAGGCATTCATCGGGGTGCCCCCGACCAGATGAGGGCTAATTCAG,136,56,d
AGGGATTCGAATCGGGTTCAATCCGTACCCGGCCTGTACGTTTGACGCAA,130,60,c
CGACGGTCTACAGGACCAATCAGTAAAGTACCGAGTGGCACCTATATAAT,117,62,a
GAAAGTGAGCGCTCTAGACCTCGCTGGTCTCTGGCCTACGCACAATCCCG,133,68,d
CGAAAATGCGTTAAGCTATTTGCGACGTTTTAAATCGTTCCCTCCCACAC,117,77,a
GCGCCGTAGCCAAGGTTGCTTGTTCGTCGCGGCGTCTAGACATAATTCGT,135,60,d
TTGAGGACGATTAGTATGAAGTCTGAGGGGCCTTTCCCTTGGACTAAGCA,127,52,c
TCCTCACGCTTTGCTTCTACAGCCCGGCCCAACCACCTTCCTGAGTCGCT,131,91,d
ATGCCAGGATCATACTTTGCCACTCTGTAGACTAAAAAGTTCACGTCAAT,112,72,a
GGATGTTCCATGAGGGTGGCGTAGAGCGGTCGATGTACGCTAATTTGGTG,138,38,d
GACGATCTTGTGTGTGCTCTCTGTTATTTTGCATGATAAACGAACAGCAG,121,61,b
CCTTTTTGCCCTGGGCCTTCTAGATGTTTAAAGCTCCCCGTGCGTTTTCT,130,80,c
GTAACTTGCCGAGCAACCGAGGCGCCGTGTTAAAGGTTATGGTCACCAGT,130,55,c
AGGTGACGCTCGGTGTCCGGGAACGGCGAACGAACGACGTTTTCACCTAA,133,53,d
ATGGGACCGGCATGGGCGCCGAGGCATTTGCAAAGATATGGTCAAGGCGC,137,42,d
GTAGTAAAGGGATGAACCCGTCCGGCTCAGCTTTTGCAAGAGATTAATGA,122,52,b
GCCTATTGAGGCTCGGTCGTACCTGATTAGTAGAACGTCCGAAGCGATGC,131,56,d
GATAGTCGACGTTCCTGCACTGATCCATAGGAGATACATCCTAGCTTCAG,122,67,b
GAGGTTCCTCTGGCGATCCTTCGGATCGCCGCTAGACATGTCAGGCTTAG,136,61,d
CACTACCACGGACCGCTTAGTTGCTATTTTCGATAAGTTTCAATTTGCGT,119,74,a
AGAGGGCAGTCGTAATCATATAGATTGCGACCGCTGATAGTCGGTGTTGG,130,45,c
CTGGGAGCAAGGGCCGCACGCGCAGCTTAAATCGTGGATGTATGAAGTAT,131,46,d
AGGAAATAGGCCGCCAATCGTCTTGCTCGGTCCTTTGAGTTGCATGTTAT,127,62,c
TCCAGTTGGATACAAATTGTACACCGCAACGAATTTATCACAAATCGCCG,112,72,a
TGAAGCTTGTAGGCACTCAGGATACGCGTGGGTCGTCTAACGGTTTCCCT,133,58,d
GTGGAGAGGAATTACCAATTACTTTCGGTCTCTACCGGACAGATGCGATC,124,59,b
TCGCGTGAATTCGTCCGCCAGGACTTTTGTATGAAAACGTAGTATCCCAT,122,67,b
TTCTGGGATTCATGGTCTTATCACATGCGGCCCGCTATCTGGTATGAAGG,130,60,c
ATAATCCTCGAAGATCACTTTCTGAACAGCCATTCCTCCTGTCTCTTTCT,115,90,a
CTAATATGTACCCCAACCTTACCTTTGTGCTGTAGACCGGCTTTTACTGA,119,79,a
GAGAGAAAAAGTTACGTAAATCGTCGCACCGAGTAACGGGTCGAAGACGT,121,46,b
CGACTTTAGTTGGCCGTTTTCGCCGCGAAATTGATGCAGCTACGTATTGC,129,64,c
TCAACAAAGTTAGGAAATACCCGTTGTGGTTGCCTAAACCAATGGGTTTT,116,61,a
AATAACACCTGCATTCCTCATGACTAATTAGCTTCTCAATACTGAGGTTC,110,80,a
CGTGAAAAGCTTTACTTGCAGTCGGTGGTAATCCGGCCCAAAAAAGGTCC,124,59,b
TAGAAATGTGCGCTGGTGTTCTTGGCTATGCTAAATGATTTCTCAGATGG,124,54,b
TTTATACGCCCGTGGGGGACGTTAGGACCTTGTGCCTGCAAAATAGATAG,128,53,c
GCAGCGTCTACCTATCAGATGTCCGTTCGGAGGTGATAGGAATGGCATAC,129,54,c
CGTCCTCTAAGTAAGGCATACCGAAGCGACCCGCAGATTCCTGAGTTTAC,124,69,b
CCCGGGATACGTCGGTGAGTACCGTCCTTTATCGCAATCAAAGTAACTTA,122,67,b
GCTTGTGGGTCTGGCTATCTTCCGAGTGGCGTTCAGAGAGTGGCTGCCTG,144,49,d
GACACGCCATAGCTATCCACACCTGAGTTCATGTGCATTTTTTCTTTGGT,121,76,b
CCGTACCATAACGAGCCGACTACGGCCGCTATGTGATTTAGTGTGACCCG,130,65,c
TGGGACCAGACTTTGGTTTTCTATGCTCCAGGTGACAGAGGTGTCGTAGG,134,49,d
GAAAGTGATCAAACGCAGTCCCTACGCAAAGTCACTCTCCGGCCTAGGGT,125,65,b
TTCTTACCGTCATCGGCCACGCAGGATCCTGGCCTGAGGTCATCTCAGGG,136,66,d
GTTCGGTAGCAATTGATCAACTCCCCCGGTGTGCGACGTTGCCGTCGAAA,132,62,d
TCTGGTAGTCGGCAGTTGGAATGATAAGAGCCGAGCTCGCAGCGCGAGTG,137,42,d
GCTCTCTCAACGATACTTACTAAGGGTTGAGACAACTTCGCGCTCACCCT,122,77,b
TCATTCTAAATCCTGGACGAGTTTGCGAAACAATAGCTCACTGGGTCGAA,118,63,a
ATAATAACCTAGGTATCATGTAATAACGTGATCCGAGCGAAAGCCGGTGG,118,53,a
TCAAGGTACTTCACTATGAAGATCATGAGTAGTATGTTCATAGGTCCGCT,117,62,a
GGTCAACTAAAATAGAGTGCCTATCTCAGGCAGACTGCGGGGAGAGCGCT,129,49,c
ACCCGAACAGTCGCTTGAACACCAGGTCCTCCTCGCATACGTTAATTCCG,124,79,b
ACAGGGCGGATTTGATGTTTTGACCGCTGATTGCCACCACTCAGCCCTAT,128,68,c
TTGTCTCAACGTCCCATGTTTGAGGACCGGTAGAAAGGTATGCACGTATG,126,56,c
TTCCGAACAGTGCAAATAGACATTTTTTTAAGTTGTGAATTACCATCCTT,108,73,a
TATTGGTCTTAATACCTGGTCCCCGTTACTGAGTTAGCCCAAGCCGGAAT,124,69,b
GAAATTTATCGCTACTGGTCTGAGTCCCTTGATATATTTGATTGTCTCTC,118,73,a
ATGGAAACGCGTACACAGCCGGGTATCCTATACTTCTCACTCCATTACGC,121,76,b
CCTTTCTTTGAATGGATGGTATACATATGAATCATGCAAAACGCACATCT,110,70,a
AACCGGAACTAAATAGGAGATTAATCTTGTCCTATAGTCTGACAAATAGC,108,63,a
ATAACGATTAAAGTCCGCTGTCCGGAATATAAACGCATAGTTCTCAACGC,113,68,a
AACTGTGTGCCAAACCCCAGTTTAACTTGGGTGAAGAGGTCCTCATCCCA,123,68,b
AGCATGGGCAATCGGGCAGCACCAACGACGCGTAACGGACGTCGCCGGGG,141,46,d
TATTAGTGCGAGCATCAAGATGAGAATTTCGGGCGCCGGGCTAGTCTAAT,126,51,c
ATGAACGTATTTCATCCTGTCTCTCTGGGCTATGCAGCTCCGTACCTGGT,128,73,c
ATGGGCTTTCACCACTCATTTAGTATTTATACACAAGTGTCAAAAGACAA,106,71,a
CGCTGCGGATATCGGCATAGTACGGCCCGATTCTACCCGCCAAGTAGCTT,132,67,d
TACTTCCCACGATTAGCTTGTCCATAGTCGGGTTCTGCCCAGAAGCGCCC,130,75,c
AAAGTAACCCTTAGGATGCAACCAGAATTCCAAGACGGGTACGTCTCTGT,118,63,a
CTGTACCTCAACGTAGACTTTGTCACCTGGCGTAGACGTTCGGTCAATAG,126,66,c
CACTTGTGGGGAAAATTATACATCCCTGACGCCTGACGTAATGCGTAATG,121,61,b
AGGACAGGTTCATGACCGGAAAGGACTCAACTTAACGGAGTAAACCCCAA,117,57,a
CACTACGATTAGTACTTGACCAGTAGGCCACCATGGAGGCTGGGAACTAC,125,60,b
GCCCCCTGTATGGTACTATGCGCGAGCGTCGTTGTAGTGCCGGCTAATTA,135,60,d
TTGTAACAATCGCAGCTTGGTAATAGCTTAGGTCAGTGTGAGAACGCTTT,121,56,b
AAGTCACTAGCTAGTTTTGGAGAATTAACGTACTTGGTACTAGCGATTAG,116,56,a
GCGGGCTGAGGGAGCCGTTAACAGACTGGCTGCATATTCACCTGTTAATT,130,55,c
CTAATGGTCGTAACGGCGAGTGCTTCGTGCGCTAGGCAGCAGGACTCCCG,139,54,d
TCAAAAATGTATACGCCGAGAGTCTGACCGAAGTCAGCTATCCGCGGGTG,126,56,c
CATGATATGTGTAAACAAACTGATAGTCATGTTTTATAATCTTGCCCACT,107,72,a
GTACAGGTTCACCCTACCGATACCGACCACGGCCCAGCTTACTGGGCACG,132,72,d
AACGTCTAGGGCAAACTCATTCATTAACAGTGCGTTACTGCCTACGGAGA,119,64,a
ACTTTCAGCCCCAGGGTCTAGCTCACTGTTAACGAGCAAAATCAATTTTG,117,72,a
TAGGTTTTTCTGGCTGATTGTACTTGAAACTGGGTCCTGATCATGACCAT,123,63,b
AGCCCGTAACTACTCACTCACCCCCGAGAAACCAATGAGGTCCTTCACAG,120,80,b
GCGAAAACTCAATGGACGTAATAAGCGGGCGCCACGATAAAGAGAATATG,117,47,a
AGACGAAGTCAATCCTATTACTGAGCCGGGGACTTAAGTCTTTCCAAGCG,122,62,b
TCAAATTTAAGTGAGCTCAACTCCTACGATTCCGAACGATCACCTAGACC,113,78,a
AGACACCATTATACGGTTCGCAGAAACCGACCATCTCTTTAGACAGTTAT,113,73,a
CGCGAATCAACCCACTTAGCCTCGGTATACATCGTACTGCTCGTACCGGA,125,75,b
ATACTGATCAGTGCGCGACCCCCTGCTCAACATGCTGGAGCACCGACTTC,129,74,c
TAGTTCCATCCTCCTTCTTTCTCCCGGACTGAGCCCGTGGGATGACCGCA,133,78,d
AGCAGCCGGGTGTAGCATCTTTTCCCACCTATGGTAGTGTTGACCACCTG,131,66,d
GTTTCCATATTCTGCTTGTGTTTTCGGCGATGGATAATGTCAGAGGCTTG,128,58,c
GTCGAAGACAGTCATCTATCTTGCTTACCGCTCCCTGGTCCATATGACAT,122,77,b
CACCTCGCTCATACACATGTTCTGCCAGGGGGCGGGGTCCCCGTATTTGG,139,64,d
GATCACCTCATATGACGCGCGGTGGGTCCTTCGGCGTGTTGACTATGTTA,134,59,d
CGAGTCACTCAATCGAGTCTGCGTCAGTGTCCCTGCACCTTAGATGAGGT,130,65,c
GGTAAGAATCCCTTCTACAACGTATCCAACCGTGCTTGGAGCTAGTATAT,118,68,a
TGAGTCCTGACTTAGGGAAATGTTCGACCGGTCGGGTCGTTGCTGAAGCT,135,50,d
ACCCCAACAGTCTAACTGAATTATTACGAAACCAAGTGCAGACTGAAGGA,110,65,a
TACCAATAGCTGTCAAATGCAAGGCCAAGAGGGATCATTATATTTGTGAC,114,59,a
TCCACTAGTTACTTCGCCCTTGCCGCCGAGATCCGGTGACATACCGCGCC,134,79,d
CGTATAATGTTGCCGTATCTACGACGCCCTACGGTGAGCCGAGTTAACTC,127,67,c
ACCAATATATGTATACTTAACAACTTATGGTTAGGCCTTCCAACTAGTTA,105,75,a
ATACACATACCAGTGAACCTCGCAGAAATCGTGTACTAATTCCGAGGCCT,116,71,a
TATTGGCCCAACAGGGCAGTTCAGGGTTGTTTCTAGTCCAATATCAGGAA,123,58,b
GTCGGGTATATCCATTTGATCGATGTCAGGGTTAAAACTACGCGCGGCAT,126,56,c
TCTGAACATCCAATACATAGCGATCATGAAATATCATGAGCGACTAGGCA,110,65,a
TCCTGCACCCTTGGGGGTCGAGCCACTTTCCTACATTGCTTGTCATCCAC,131,81,d
TGACTACGCGCCTTATTCGTAGGTTAAGTTCCGTTCTCGCGTCGCTGAGG,134,64,d
CCGCCGCGGTTATCGCCATTGTGGTATATTGACGTACGGCGATGAATGGG,136,51,d
AAATAATAGCAAACTCTCAGGCCCCCCAATATGAATGCCCATCGCGAAAG,112,72,a
CCGGTCCCGGCCTCCGCCAGCTTGGCACGCAGGTAGTACTAGAACGACAA,135,65,d
ACAAACCCCGGTAAAACAGTGTGCTCTAGAGCTGTGCGGGACTACGCCGT,129,59,c
TAGCTAGCGCGAGTACTAAAGAAAACCAGCACCCGAATGCATAATTTTAC,111,66,a
TCGCTCGAAGTCGAAGCGGGTCTAGCTATTGAATATTAGGACCTTTCACC,124,64,b
TGACGTTTTGCTTGCGTGCCGCTGTCATCACCCATAATAAACAATATGAT,117,72,a
ACACTCCGGGATGAGCACTACAGCACCGTAATCAGGACTAGTCACTGAGT,123,63,b
CCAAGCTACTAATGAAGGATCGGCTTGCCTTCGTACAGTCGTGCTACTCT,125,70,b
GCGGAGGGCATCAACCTACCCGTTTAAACCAGTACCGAATTTCTATTTTC,119,74,a
CGGCACAGACACTCACTTCTAGGTCGTCTAACCGGCAGTGACATTGATTG,126,66,c
TCTGCTTATTGTTACACCATCGTGTGTTCAACTCCGCACTTATGGAACGC,122,77,b
GCGCTGATTAAATGTTTTCGGCTGCCTCCCTCTTCGCACCCTCCTTGGGC,135,80,d
GTCCGTGCCTTCTTACCGGGAACGGAACCGATTTCGGCCGGCGTCCTTCT,139,69,d
GAACCCCGTTACGGACATCGTACAGGATGCTCTGTTACTCCGTACCCCCA,127,77,c
ACCATAACTATGGGTGTGGCGAGAAGATCGAGGATGCTCCAACGTTCGCC,129,54,c
TGGGTTTCCTCAGAGAGTATTACGATGAAAACGTAATCCTTAACGGGATC,118,58,a
TTAGTTTCGGTAGTTCCAGCTCCCAGTGCGGTTCCGAACATTGCTAACGG,130,65,c
CCCTAATTTCGTCTCGACGCTAGTGTTGACATGATGCCAGGTAAGAAACT,121,66,b
TGGGGCGTCCGGTCCGTGCCCGGTGCGGCGAGCTTTCGGCGTTGGTATAC,153,48,d
GGTGCGGTAGTGATAGCAGAATACCCCTCACGATAATCTATAGTCCAAGC,121,61,b
TTATTCCAGATCGCCAGTCCCGTGCCATCCGCCCTGTCGACCCCGTCAGC,135,85,d
AACAGACGTCCGGCTTCAATAATCAATGGGTAGAGCTCCGAGCTTCACGC,124,64,b
TGACTGTGATGTGCCTAGTTTACGTTTTTACTACCCCGGAGAAAGCGTCC,126,66,c
TTTCCTCGCATGCCCGGGGTTCTTACTTGATCATTTATATGCATGCCTAG,125,75,b
ACTAGCTGGACGCTTAGCTTCGGACGGCGTTTTCGGCCCATTTGCAGTTT,134,64,d
TCGTCCGCCTGTCGACGCCCGCTAACTGGGACTTGAGTAAAAGATGTTCT,130,65,c
TAATTGTAGCTTCGTCAGCGGAGACGGGGGCGCAAAACCCTTCCCGACAC,131,61,d
AGGGCGGTCTCGTCTTGCAGGATGCTTACCTCGCGGATGGGCATATCCAT,137,57,d
AAGCTATATCGTGCAGGTCAATTGGACATCGCAGCCCCGACTCCGGATTG,128,63,c
CATATCGCGTTGATCATCTCTTAGCAGCGATTTTTTTAGGACTAGGAGAT,119,64,a
GTGTTAGTCTGTTGTCCACTGCGACTCCACGCGTGGGTTATGTACTAGAC,132,62,d
AACCTAGCGGGGACAATTGGTTAAATTTGAGTTGGACGACCTGCCTGAGA,125,50,b
GACGCCCCGGTGCATTATGGATCCTTCATTAGCTAAAAGGGTCCAGCACT,126,66,c
AAGCCACCCAGCATTGAGAAGAGCGCGCAGCAAGGCATTCAAGTTTGGGT,127,52,c
TCGAGTACTTCGTCCTTTACACCTGCGATCCTGACTTTATCCATAAAACC,116,86,a
TCGTCACCCGGAGTTACACGTTACCCAACAGTTGGGTTACTTGTACGGGT,129,64,c
CCGCGATCCGATTGAGCGTGCAAACTGTACGCTGTCCATCTGAATTGATA,125,65,b
CAGGGTGTAGCCGATCGACACACAAACACTTCGGCCGGTCCCTTACACAT,126,71,c
TCGGGTCATTTTGCAGGGCCCGGGAGGAGGACAATAGGTCAAGATGCGAA,134,39,d
TCTCAGCCTAGAGCGGCAATCGCCTACGCCGATAGGTTTTGTTAGGCCGG,135,60,d
GCTACCCATACCTTACCCTGTCAACTGTTGGGGCCGAGATCATACCTGCT,127,77,c
ATGATCCGGAGTCGGCGTCATGGGTCGAATGGCATGATCAGTGCCATCGC,136,51,d
GAGAAATAGAAATTCATGATCGTAGCTAGAAACCATTCGTGGTGAACGTA,112,52,a
TCAGGCGCCTCGTCGCGTACTAAAAGTTGCGCTGCTGCTACGTTTCGCTA,133,68,d
CCAGAGAAGGTCTTTCCCATCGCCAGGCGCTCTAGAGACCCAGGTCTGCT,133,68,d
CGATGCCAGTAAAGGGCAGAATATGATCTTCCCTGTCGTGTTAGCAACCA,122,62,b
ATCCTACGGCGACTGGGTGCAGCACCGGTTCGTACGAGTATGTGCGGCCT,140,55,d
GTTTAAGCTGATAAAACAAGGCGCTTCAAACGGAAATTTCGTCCTGCAAA,112,62,a
GCGTATGCGTGAGATGTGCTAGACGAGATGAGTTACCGTTGAATGTCCAC,129,49,c
GAATACCCATGCGGACGACTCCTTCGTTCGTCTGCCATCAGCTTATCCAG,127,77,c
ATTCGGATTCTTATGCTGGGTATCGGGCGGGCATCATAGCGGAAGGCTGC,137,47,d
TTGAGACTGGCGCTACGCACATTCGGTAGTGTGGTGGCAACCGTGAACTG,135,50,d
TAAGTGGGGCTTAACAGTCATCCACAGGCCCTGTGACCTGGGACCCCGAA,131,61,d
TCATCTATGTCATGTATGGTCGGTCATGATACAGAATGAGTCATAAATAA,110,60,a
AACGCCGATTCTCAGCCTATCGAGAGAATGTTTACACCGATGCGTGAACC,122,67,b
GTCGGGCCGCTTCGCATCCATCTCGTGTATAGTTTTTGGAATATTCGCGT,131,66,d
CGTCGCTCGTCGCCCATTTCAAGATGAGCGCGTCGCAGTATATCAAGCAG,130,65,c
TTCTGGGCTATCGTGGCGCTGAGGCTGCATATGTACAATCATGAGACCCT,130,60,c
GGGGTTAGCCCAAGGCCTTCGCTTCGGAATGCCGGCCCCGCTAATGTAGG,141,56,d
TGGCTTGACGTGGACCGGGCTAATCCGGGAGTGTTTCAGAAGCAGCTCCC,138,53,d
AGTAAGTAGGCTAGACGAAATCCACTCTTGCTTAGGAGCTCAGTTAAGAT,117,57,a
GGGTTTAGCATTACCCTAGCTAATTCCCTGTTTACCGTTTAGGAAGTGGA,123,63,b
TGACGCTCGATACGGGGAGCGCGCCTTTAAGGTTATCGGACCTGACCCGC,138,58,d
GGTTAGCGGAGGTACTAACCAGGAGGCGCACCGTGCAGTAACCAGCTATT,131,51,d
TACGAGAGAGCACAATCGCTTCTGGAACTAGGGGTGAAGGATTATGACGC,126,46,c
ATCGGGGACACTCTACGGTGGAGCCGTATCAAGTAGCGGCTCCATCAGCA,132,57,d
AAGAGACAGGGGTAATGGCGTGCAATGTCGACTAAGCGCACTAAGCGGTA,127,42,c
TGTACCCAGATACGCAGCTTAGATAAAATGAATTTAGAGATGACAATTCA,106,61,a
GCTATTGTCGGGGCTTCCAATATCTGCTTGCTGTATTAGGCGAAGCGCTA,130,60,c
ACTCTGGTGCGAGAAACCGTCGTCTACCGTCGATCTCGTACCTGTGTTTG,132,67,d
GTGAGGCTCCGAAACTAGAGAGCGGTGACCGCTTGGTGAGGCTTCAACAC,134,49,d
AAATTGCAACCCTAGTACACGTTACCTGGGGAATACTAACGGGAGCGAGC,122,57,b
GAAACCCCGCCGCTCCGCACAGGACTTGTACCCACAGGCTTGTACGTCTG,133,73,d
CGAATCGAAATCCCCGTATCTGGATTGCAGTCCTAGAACTGAAGCCTCCT,122,72,b
GTGGCGAAGTGCACGGGGTTGTAGCCGCTATGACAGTGGCTTGAGGATGC,142,37,d
AGTGAAGCAAGGGCCTGCTCTAGAGGGTGGTTGAGGCTTGTGCGAACCCT,138,43,d
TTTCGTTCAGGTGTTGATATTGTGTTGACACTCGGAGATTGATACTGCAA,122,57,b
TCGATGGAGTTTCTATCGGGGTGCCCGCGTTGCCCTGATTCTATTAATTA,129,64,c
CGAACCGTGTATGTGTACTGATACATGAAAGTCACGGCTCCAGTAGTGAA,121,56,b
AATGCGCTCACTCATGGCTCAACTTGGTAACCCCAAAGGCCACCCGGTGA,126,71,c
ACGCTTGAATCAGTGCCAATAGGAGGGCCTACCTCTGTGTTCGATTATTT,124,64,b
ACGGGGGCCGATAATTACCGGTGATCGGCTATGGTCTACCCGACTCTGTG,136,56,d
TTCGGAATGGTGGTTTTACTAAGGAGGCCGAAGATACTCTCCCCACGCAC,127,62,c
AATTAAGATCGCAGCCGAGTAATCCCACTTTATAGCATATGCAGAGCGTG,117,62,a
GAAACGTGAACTAGATTTTTGCCAGAACTGCGCAAAATTCGGTGGGGCGG,127,47,c
CATAACGCTTGGTCGCAAAACCGTATATAAGTGTTCACCTGTATTCGAAG,116,66,a
ACCGGAGGAATGCGACATCGCTTAGGCTCTCACATCCCGACAGTGTAACT,126,66,c
CCGTCATAATCCCTCCAATCCTGGTTCCCCCACGAGTAGTGACATCAGGC,126,81,c
AGCATCGTGACCCAAACCACAGCCCTCTAAACTATACATTGGCATCACGT,115,80,a
TAGCGTATTGTCAGCATTAGGTCTGTTGGGTCATAAGAGTGCAGGGTAAT,126,46,c
AAGACGCAGGAACGTAATGTCTACTAGGTAGCCCGGTGAGGACAATCCTC,125,55,b
GCGCAACTCTTTTACTAGACAGAGGTAGGCATCTAGGACAAGATCCAGCG,123,58,b
TCTGTAGACGCAGCGGAAGATGACTCTCTGTTGGCGACTTGTAAAACATG,125,55,b
CCAAATTCCTCTCGTCCTGGCGACCAGAGCGGCGGGAGCGACTTCCCCAC,137,72,d
GTGAACCGGTGGGGAGAAAATGATGAAACGCAACATCTGCGGCGCGCAAC,129,44,c
TTTGGCTAGCTTCGATTGGTGAGCGAACGTCAGGCTAGCTCGGGTGATTG,137,47,d
CCCAAAGGACAGAACCCCGGGGTAGGTGGGAGGTTCACATATCGTAATTT,127,52,c
CCAGCCCTGTTGTCTCATTAGTTTGCCGCAGCACTGTGATCACCGGTAGA,130,70,c
AACTAAAGTTTAGCTCATAGCCGGACAGACAATCCGTAGGGCGTCGGGCA,125,55,b
CGGTAATCAACGAGCAAGGCTGAGTTTTCTGGAGCATTACTGCGCGAGAA,126,51,c
CGTTTCCAGTATGCACCCCTGCACCTTACCTACGTATCATTTGCCTCGAC,124,89,b
TGTACCCGACGCATCCTCCGTTCTATCAGATTCACCATTAGCTGGCTAAT,121,81,b
TTAGGCCACATACAGAAGTAGGCGGACTGATATAAGGGTGAGCGCCCGCT,129,49,c
CCCGGCCTGGAACTTAAGGTCGGTCGATTAAGATATACTTCCGGCTCATA,125,65,b
CGTTGAAAATTTGTATACACTACAAGCACGACCCACTCCTTTACCCATCG,113,83,a
CCATTGCGGCAGTATTGCCGTGCTCCTACAGCCTAAACTACTACACAAAA,117,77,a
TCAGTGTCGCCAACCTCGCCCTACGTTAGTACCTATAGCTTTTCGCATAA,121,81,b
GTGACCAGTCCCATAACCTTTGTAGACTAATGGGATCCATACCCAATGCG,120,70,b
ACCTGGCGCGACGTGACTATTCCCTTAAAACCGCTTTCTGGCCTGTCAAT,126,76,c
GAGGTCTGAATTGTCACCTTACAAGGATTCCAGGCCATTAAACGTCTTTG,120,65,b
TTTACTCCAGGACTCACCATCCGCAACGAGACACTTAGCCCAATGCGAAC,119,79,a
CAACGCAAGGCACCGATTCGTACGTCACCAAGCTCGGAAGGGAGGTTACA,127,57,c
TCAGGCCAACGTTTTTTTTACATACGAGTTATCGCTTTAATGACCCGCAC,117,77,a
ATTGCAGTTGGTGGCGTGATGCGTACAGACTGCTCGCTTTCAATCATTAT,126,61,c
GATAGAAACGATAACAGCTCCCCAATAAGGGACTAGCCGGCTATTGGGGG,125,50,b
TAGTGAGGCGTGTTGAATTATCTGCTCGGAGGGCCTAGACCCAGTGCCGG,138,48,d
CCCCGTACTAACCCCCCTCGTGGTTGAGGATTCTCATCGCGCTATACGCT,131,81,d
CAACATGATCCGGCTCCACGAGTGGCTCGAATCTAGATATGCACGTGGTC,128,63,c
AAGAAGGTAGATTGACAAAAAATCGAAGTCCTTAGGGCGGATCCGCCAGG,121,46,b
AATAAACAATAGGAAAATCGGGTCCACAGATGAAAGGGCTAACGTTGGAA,111,46,a
TTGGTCCATCTTTCGTGACTTCTGACTCTCTCGCACTTTGGTTGAGAGAG,129,69,c
GGAGCGTAACTCTTCAAATTTGGAAAGCATATCATGCTGGGGCCATGCTG,125,55,b
ACGTATATTCTGGCTACCGAGGCCTCGTCCTCCGCCTCTGGTATCGCCGA,135,75,d
GTTGTGCTGTTGTCGTACGTCCCCACGGTGTTTACGGGTTGGTCTAGTTA,137,57,d
TTTGCGGGATCGCCCCGTGCACCCGCCCCAAGCGGAGAGTTGTGAAGTGT,141,56,d
CAATCCGGTTGTTGAAAGTCTATGTAGTGGGATCATTTTAATTCACGCGT,120,60,b
GAACCAGAGCGCGTACTCTCCGCAGGTATGTTGGGCCCGTTGACTCATTG,135,60,d
GCGCGCGCGGGCGTACCGTCTCGGGACCGTCTCTTCAAGTCCCGAGTGTA,145,60,d
AGAATACACTCTGACTCACTAAGTTCTACACCCCCTGTTTTTTAGTTCGA,113,83,a
ACTGACTCCCATTTGCTCACTATCACCGTCTATAGTCGACCTGGTTCCTG,124,84,b
TGGTACGGCTTTTTCGAAAGTCGCTGTAAGCTGCCGCGACCTTCTTTTAG,130,65,c
GAGTCGTCCAACATGAGCAATAAGAAGGCCGTCCGTGTAACGCAAGCCTC,125,60,b
GCACACATTCTTTAACTTGGAGAAGAAGTGGATTCGAGTGCCATCGGTTG,124,54,b
CCCACCTAGACCGTGGTGGTTAACGCCTCGGTCTACATAAAGGGGCGTCC,134,64,d
TACGTTTGTGTTGCGTGAAAAGAAGCTCAGTAGGGGCGTCACGCGACAGA,130,45,c
CTGTCTTCATCAGAATTCGGTGCGAGCCCGAAATTGTGCCACATAGCTGC,127,67,c
CCAAATCTTGTGGCGGTGGTGCGCAGTCGCGTCTACTCTGTATGTCGAGG,139,54,d
AACGTTTATAATACTACTTCGAAGAACACATTATCTTTGTCCAGCAACAA,102,77,a
ATAACCTCGTCCCAGATCACAGTCATCATAAAACGATAATTGTGGTCCAG,112,72,a
CCGTTTACCCGCCGCCCCCACGCTAGTGCAAGCAACTCGGGGTGGTTGGG,143,63,d
TACCGGCAGTAAACGCCAGTCCGACGGGGCAGAGCACCTAGCACGAAAAG,129,54,c
GACACTGATCTAATCTGGTAATGCCCTAGTAGTGTAGTCAGGTGGCTTAT,123,58,b
GAAACAATCGGTCGAATAGCAGACTCGGTCCTCGTCTTAAGCCAGAGTCC,124,64,b
ACATGAAAATGACTGGGGCCTATTTTTGTTCCAGTCTGTTGTTGGATTTC,122,62,b
GAAAGCACGAAGGCCGGGGCGAGGGGGTGATCGTTTACTGGAGCTCTCAG,141,36,d
ACCAAAACCCCATGGTGGGCTCACGAATGGCCTCAATGACTTTCTGTTCC,124,74,b
CGTCCAAAGCTCAATCATCCCGGACACAAACAGAATCTAGAGCGCCTTAT,115,75,a
TGGACATCTAGGGCCCTATGGCGGCGCAAGACAGAGTTTTGAGCTACGAT,131,51,d
CACATGAAAGCAAGCTTGCCATCTGATTCAAGCAATAATCACATTCTGCG,112,72,a
AAACCAAGGGTGATTTCGCAAAGCCCCATTCGAGGAAAGCGTATTCCTTA,118,63,a
AACCCTAACGATGACGTTCCTCACACTCCGGATTCAGTATGGCCTCTGAA,121,76,b
GGGGCCCGATAGGGCCCGGAAGTAGCTATAGTGATACACTATATGTAATT,125,50,b
GTGGCAGCAGCTGGAGTTTGAAAGGAATATAGTTTTTGTGCTCTACTGCC,127,52,c
CCGGATTCAGTTGGTACTCACCTCCAAAAAGTCTTTTCAGCATACCCTTG,119,79,a
TGCTAATCTATACGATTCATCAAACCCCGGGAGATCGAATTGAAAGTGCT,115,65,a
AGCCATCTTGCAAGCGCTTTTTCCTCGTCGCCTATAGTATTGGATACCAG,124,74,b
AAGAGAGATATGTTACGTATACATCGTAGCACCTGTAGGCCCTTCGATTG,120,60,b
GGATGGAGGGTTATGAGCAAGCGAAATAGGGAAGGAAGTATCAAGGCGTC,128,28,c
GGAATAGCAACCCCGATTATTGTCCCCTAAGGGATACACTGTATCAATGC,118,68,a
AAGTTTCGGATATACCAGGCGGTGCACGGCAATCTTCCCACAATGAAGAA,120,60,b
TTAACACTATACGGATTCTCGCGCAAAGGGCACAACATCTAATAAGGAAC,111,66,a
ATGGTGTTCTGCGTGTGTGTCAGATCTCTCGAAACCGGCGGTTCTAGACC,134,59,d
TCTCACCAATGGGCGTGCTTGGTACCCTCGAGGGAGTCATGGGTGAGGTT,139,49,d
CCGTATCGTCAACTTTAAAGTAATATAAGAAATCTTCGGTAGAGTGCTAA,108,63,a
GCCCTCGCCCTTATAAGGCGACCACTCCAGCCGCCATGGTAGGTCCTCAT,133,78,d
TAAGCACGGGCTCAGTGCCTACAGTGTTGCACGGTGCCTTGAAAATAACA,124,59,b
AGCGAGGCCTGCTCGCGTAGTAGGATAACCTCCGGTAATTCTTGCACGAC,131,61,d
TATGGGCCCAACACGAAATAATCCTCCTTCTGATTGTGCAATGGCGCCAC,122,72,b
AGTACTATTAGGCGCACTGTTGGGTGATACTTGTGGGATTTCGAGAGATT,127,47,c
CTCTTGGGGCCAAGGCTTCAAAATTTGAACCGCCCTCGTCATTGCTTAAA,122,72,b
CTACGTCAGCGCATCAGGCGCCATGATGCCGTATAATTAGACGCCTAGGA,127,62,c
GCCCTCTTGACCTATCGCGCCCGGACCAAAAATTTGACCTACGGCACTCT,126,81,c
TAGGTGTCCTCCAACATAAACCTATTTATCTGCGATCCAAAGCGTGCCAA,115,75,a
CCTTTGGAGAGGCGTTACCAACGGGTACACGGCGGTTTAAACGTGAAACG,130,50,c
CGGTAATAGCCCTTTGCCGTCGGGGCCTTTCCATTTCGGGCTGGGAGAGT,141,56,d
CGCAGGTAGCACCCGTTACCTTATGCATTTTTTCATTCACGGGGGTGAAC,127,67,c
AAGTTGAACAAGCCCATCCCATTAGTGTTCTATGACATTTGAGAGATAGG,115,60,a
GTGCCTCCGAAACGTCGCCATGAAATGGGTAATAGCGAAGACTATAGGTT,123,53,b
GATGCAAAACGTCCTTCCGTGCTCTATCGTTTTCTGGTGACCTAATAGTG,124,69,b
CAATGTCGGTGGCTCCTCTATAACTAGGCGTTGGTTGTGACGGGCGTGCA,137,52,d
ATTCCCGCCAATTTTCATATGGGCTGATTTTCGCATACGCAAGAGCGCGC,125,70,b
ACCTCCCCAGCCCGCGACCACTTGGAGACATGTCGTTCGCGGCGGCCACT,139,74,d
TTCATCGCTGCTCACATACTCCGAAAGCATCCGCCTTTAAGCCAAAGCGA,119,79,a
ACAAGCCTAACGACCCCGCGCAGGGTAGGTGTACTCCCTAGTCTAATATT,124,69,b
GATTCCCCGCATTTCTGGAGATGAGGCCCCAATAAAATCTCCACTGGTAT,121,71,b
GTGTCGGTCGAGCACGGATCTAACGGAACCAGCCCTGTAATTTTCGTAAT,126,61,c
AACACCGCATCGTAGAGGTGAATGTCGCCGTCGGAAGTACAGTGGAGATC,129,49,c
AGGGCATTCTAAGCGGTGTGCAGTCAACATTGGGACGAGGAAGCTTCCGA,131,46,d
GTTTATGTAGCAATCGTATTGTCCTATGTATAGCAGAGAGGCAACTCTTC,118,63,a
GCGGGGCCCACTCGTCACTAACCCTGTCGCGACTGGAGCCGGATACACCA,137,67,d
CCACTTAATCACTCAGGCTGTTAGACTGCGTTCTCCCCACTTGACGAGCC,126,81,c
CTCGATCTTTGTGTTCACACAGTATCAGTATTATGGGTGTATTTGGCACT,121,66,b
TTAAGGATGGTCAGGATCCTAGACGATCGCTCTTGCTTTGCCCCTGATCA,127,67,c
TCTCCCGTTGGAGCGGTTTCGTAACTGACAGCCCTCCAGGTCCACAACGC,133,73,d
CCCTCCCCGGGGGAAGCTCCGATGTCTGGACAGGAGATGCTGGCGTCCAC,143,58,d
CCATCGTTTGCACTTGTCCATGGAATAATGAACGACCGTCCTCCGTACGT,124,74,b
GGTCCTGTATTCAACCCCGACATTCATTGATGATCAATTATCAATACCGT,113,78,a
CTGTTTGGGTAATAGAGATCTCCCGGCCTCCTAGATCCTCATCGCAGAGA,127,67,c
GCACTTCTTATACCCACGAAGTAAGCCACCCTACTCAGCTCGATATCACG,118,83,a
CATGCTTCCAAGCCAAGAACTTGTACCATGACTAGAAACTGAGTTGATAG,114,64,a
CCCCTCTTATCGAGGATCCGTGTAGGGATCCCTGGGTCCTGCAGAATAGC,134,64,d
ATAGTTTCAGGGATTACATATATCCCGTGGCTAGTGGTCTCCGAGCCATC,125,65,b
GAAAAGACTTCTAACGCCCGCGCCCGCTCATTGTAAAAGCATATGACAAA,114,69,a
ACTTATTGTTAGTTAGTGCGACTACTGGCCAATAAGGATTTATTGCGCGA,119,59,a
ATCCTCGTAGGTGTTTCACGAGTTCAAGAAGGCGCGTGACGCTGGGTTGG,137,47,d
GTACGTAAACCGGAATATACTCTCTCGGGGTGCGCCCGCGGCATGGCCTT,136,61,d
AGAGGCACAGCGTCCCTCGACGTTGATTAGGAGTTGGTGGGGCGAGCGAA,139,39,d
ATTGTACCCCTGCCGTTAATTTACTCGGACGATTCCGTTTCGGAAGATTC,123,73,b
ATAATTGTGTATTAAGGAGGGACCGGCGTAAGTTTTAATAGCGTCAAGCG,121,46,b
TGCGTGCCTTGCAGGTATGGAGCAATTAGAGATTGTTCAGATGCTCTAAA,123,53,b
GCGGCCGGGGTATTTTTCCTCGCTAAATGGTGGCTCTTACCGGGGTCTCA,139,59,d
TTCATGTATAATTTGCGCACACATATCCAGTTCTCGCGTGATCCTGGTGA,121,71,b
CCAAAGGTACGAGACATCACCAGGGAGCAAACGAATTGTCCTATAAGGTA,116,56,a
CCAAAGGCAAGGTCTAATCACATCGCATGGGAAATTATCATATCCAAGCC,113,68,a
GGTCGGAGTGTTCAAGACTACAGGTTGAACCCAACGGCTGTCTGCACTTT,129,59,c
GCGCGCATCTCCGTGGCGGCGGGGGCCCCTCAGCGGCATTGCACATGACG,150,55,d
TGGAGCACCATGAGCCTTAGGTAGCATGTGTCGCAGAAAGATAGTAGTCA,124,49,b
GATCGTTGCCGCATATCTGTAGGGCATGCCGGGCCCAGGGCCAACCTGTC,140,60,d
GGCTAACAAGCCATCGTACCCTACTATTAAAAGAATATCTTATCAGTTCC,108,78,a
CCACTCATGACCGCTAAGCGAATCGTACCTGCGGGGGGAAAGTCAGCCAA,129,59,c
GTGTGAAGTGATATGAACAAAAGTTGCCTTTGAGAGAACCCGTACAGCTA,117,52,a
TGGCCGACAGCTGACTCCCGAGCCGGTATTCCATTACCTGGTACTTAGTT,130,70,c
TTCATATACCCATTAGGAAGATTGCACTTTGAGCTACGCACTGCTCCCGC,121,76,b
TGTATATATCGTTCTAATTTTGTATTGGCTTTTCCGTCAACTTGCTTCGT,117,77,a
AACTGTAACTCGCCTTGTGCATACGCAGGTGATGTTCACGATTGCTTAAC,122,67,b
GGCCTAGCCCACTCAGCAACTGAACTAATTTCTATGAGGTTGGACTCTCT,122,72,b
CGAAGCTAGCACCTTAAGACTAGGCGGCGATTTGGAGTCTCTCGGGCAAA,129,54,c
TAGATAGTCGTGTTGAGCGCTCGCAACAGAGAACGTCATGGCCGAACCTG,129,54,c
ACGCGACTCGAAAGCACCGGCTCCAGTGCGCTCGTGCTATACCTTGGGGG,139,59,d
GATCGCCGTCCAGTTTCAGACGCGTACGCATCTGGAATTAAGGTTGTTTT,127,62,c
GGATCTCCTTCAGGCCTTTTCTTCTCAAGTGCGGACGGCAGTTATACCTG,130,70,c
GTGAGCGATAATTTGTACCTCGGTAGCAAAAGTTTCCGGCAAGGTACGCC,126,56,c
AATGTTACTTCACGCCACCCCAAAAACTTTCGGGGGTAGCTATCTTGGGT,123,68,b
TCCGGTTGTGCTTTACCCTACATCAACCGCGGACGTGTTCCCCCGAAAAA,126,76,c
TGATTAGGTCCAATTGCCACAAGGATCGCAGCAGAAACGGCAGACACTTT,120,60,b
CAGGGGGGGCCCACGGACACAAGTTCCATCGTGCATTCTTAGCTCCGTGC,137,62,d
TCAGAGAAACGTGGTCCGTTTCACGGAACCGTGACCATTACATGTAATGC,122,62,b
AAACGAAGACTGCAACGACAATAATTAGAACGCTCTTTAACGATTGACCA,106,66,a
GCTACATGATCGTGTGGTCGGCGGACAAAAAGGAGGGAAGGCGAAGTAGT,132,32,d
TAACCGATTGCGAACAGTTATTCCTCGACTCTAAACATAATGGTTGCATA,111,71,a
CTAGACTCACCCACTTAATAGCAAGCAGTCCCGCGAAAGGGAGAACTGAG,121,61,b
TCGTCTCTAATGCGCTATGTTCGTTAGACCGTCGGAGGGGTGTCGCAGCT,137,57,d
GCAACACCATTGGGTCGGACCGCGATCGCTCGATGTCAGACGGGTACCAA,133,58,d
TGGGAGAAAGGGGCAAGTCTGGGTACGCATCTTACAACCCTTCTGTAATC,126,56,c
TTCTTGTCCTGTATAGAGTGTTCCCGTACAGCCACGGCTAAGTGCGGCTA,130,65,c
TTTTAGTCAGTCCGATTACGCTTGAGTGTCAGTCAGATAAGACGAGAAGC,121,56,b
GATCTTTCCTTTCAAAAGCGGGATTGGTGGGTGACTCGCAGGTTAGCATC,130,55,c
ATTTAGTCTTAACGATTTATATTACGTGTCAAATTAGTAGAGACTAATGT,104,64,a
CATAGGCAATGTATAAACTACGACTTGCATTATGTGACTTTCTAGCGAAC,112,67,a
CCCACGACGTTAGCAAAGCCTGATCGGATAGTGTCACAACCAGTTCAGTC,123,68,b
TTTGTCGAAGCTTCCAGTGTGAGCATGCTTGGCCTGGCCAGGACAGCTAC,134,59,d
AGGCCAGCATCTTTGACACCAATATTCGCTATTCCCCACCTATGATTGTG,119,79,a
CGATGGTCCTATCATTCCTCATACTTGGTAGTACCGTCTTCACGTTGCTT,124,79,b
TCCTTATTACTCCAGGGTGCATTGGTGCAGCATATTTCCATGGCGACAAC,124,69,b
CACTCACGGATTTTAAATCAACTTCAGGTTTATGTCCCGACTTCAGCCAG,117,77,a
ATATTTGGCCAGTCGCCTCTTAACCTGTAGGTCACGCATTACGTTAATGT,121,71,b
CGCGCTTTCCTCTGGCTCCGGTAGATCCCCGGCTGGTGCGTAGTATTGGC,144,64,d
CCCCGTACGCCTGATACAAACTTGCTGCGAGGGTATGATGGCCTCGGGGC,138,58,d
AGCGCGACTTGATGATGGTCTTACAAATTCTTATGAACGAGACGAATAGA,115,55,a
CAGCAAGCGCCAGAGGTCCTAGCTATTCTCCAAAAAGGAGGTTTTCATAA,118,63,a
GACCATTACGCCAGTCTACGAGCCCGCAACGGAATTAGTCAATATGTTCG,122,67,b
CCCGACGGGCTCATATAGACGCTACGGCAATCACGTACTTATGCTGCTCA,126,71,c
GCGCGTCAGTGCGTCATATTAAGGAGTGGAATAGCGTGATCGTGACGTAA,129,44,c
TGACATGACCAACGGGCAGGCGCAGGAGGTCACGCCAGGAACGCGCTCAA,135,50,d
GGCGATGGGAGGCACCAGTGACCCGAGAATCATGGCTGGAATGCTTTACA,132,47,d
TTCAGTACCGAGCTTGCGAGACATCGTACCGTCGCTTAGTATAGGGTTGA,128,58,c
GCGCCACTTGCTTTTATGCTTCTTAACCCATTAATCCCAGAGGCGTCTCA,122,82,b
AGCGAGATTGCTCTCTAGAGGTAATTCGCAAGGCAATGTGGTAGAGAACC,124,49,b
AAATGTAGATAACTAGTGGTGTGAGTGACTAAGAAGAAATTCGGACCGCA,115,45,a
GTGGAACTATCTACCCGTGATTCCTGCATAATAAAGGAGCTGGGGATCAT,122,57,b
CTGCACCTCCAGGGTATAGTTAAATTGTAACCAAGCCTGGCGCTGTGGCC,129,64,c
TCGTATGTCCAATTAGGTTCCGTCCTGAAGGATCTCTCCGTAACATAATC,119,74,a
CTACAGATTGATATTAGATGCGTCCCCAATGTATGCGCCCCGAAGGTTCT,123,68,b
CCCCCCTAAAACCTGACCGCCAACGACACTGAGTACGACTGGTAAGGACC,124,74,b
TAATGATCGCACCTACCTCATATAATAACTTGCTTGCCCAAGATTGTCAT,110,80,a
CCTCGGGAGTGTAGGCTACTCAGTGGCGGTACGCCCCACTTAAGCAGCTG,138,58,d
GGCCTACGGTAGTATCTCTCCTGGTTCCGGAAGCCCTGATGTTCGGAATT,133,63,d
CTCAATCGGGTTCTACCAATGTGTAGCTGCCGCCTGACCTGTGTTCGCCG,135,70,d
ATTAGCTGCTCCCCCGCTTCAACTAAGCGTCTGTGAACTCTGGGACGCTG,131,71,d
CCCGAAATCCGGGTATGATAGGTTTTAACTTAGATTCGGTTATGGGTATT,121,56,b
GTAGTACACTTTGTCATATTTAAAAGCCTCTGCATTCCGACCATATGGCC,116,76,a
GCTCTTGCACAGTCCCGTCCTTTGAAATTTGTATGACACTGTGGGTGTTT,127,67,c
CAAAACGACTATGGTCGTTACGCTATTCGTGTGAAGGTGGACAGACATAC,121,56,b
GAAACAGATTGGAGTGGTCACAGTCTATTGCGTTCTCTGATAATCGCTGC,124,59,b
CGGGCAGACCGCGCCTCAGTGTTGCGTTATACCCTCGGGCTATTGTTCGC,140,65,d
AGATAGACAGATCTTAGAAGTGGCACCGGCGGGTGTTGATTTCCTACGCT,128,53,c
TCACATCACGTTGGCGGCTAATCGTAGTTAGGGGCGCTAATAGCTTAGCG,130,55,c
CAATACCTGTATGTTGCGACGTGGGGGATTGCGCCCACAATGAACACGGT,130,55,c
ATAGCAGGACACCAATAAGATCTAGCTACTATACCTGTGGGTCTCGATGG,120,60,b
TGGTACCAATTATGACGATAGTTAGCCCCTCGTTCATGGTTGTTTGTAAT,120,65,b
TGACATGGGCTTCGAGAGTGTCTAGTGTATGAGAGGTTGGTAGGGATCAT,132,37,d
TCTAAGCTTCTAGACACTAACTGGACTTACATAAGTAGTCCCTCCACTGA,113,78,a
GTTCCTTATGCACCACTCAAAGATGGCTGTCATTTGGTTATTATGTGATA,117,67,a
GCGGATTGTGTGACAAACCGGAATTCAATGCGGAAGCTCGAGGTGTCGCG,134,44,d
ACCCACCACTATACGCCCCTGATGTTGCTACGGCGCTTGAGTAAAGATTT,123,73,b
CCTGCAAAGTTATTGTTCTCCGGAGGCGGGTAGTAGAGTTGATAAAGTAT,124,49,b
TGATTATAGCTGGTGTTTCAGAAAGGAAAACAATAAACGGATGAATGAGT,110,45,a
TCTAGTTGCCCTAGGTGCAAAATCGCACAATCAACATATTCTCACCAACC,112,82,a
AAATAACATTCCACGTCGCAAACGGCAGTTCTAGTTCTTCTGAAAACTTG,112,72,a
GCGCACACGCACTTTCCTATTACCCATGCTTTAACGCGTCGTAGTATTCC,123,83,b
TACACTGAGCATATGCTTTGTTTTGATTTAGCCAAAAGCATACCCAAGCC,113,73,a
CTTTTCTCAGGACTGCGGTGATCCTGGGAGACTTAATATAAATGTCCAGC,123,63,b
GTCTGGTACGACGGCCGGCCTCTTTCCGCTAATCCTATAGCGTATAAACG,129,69,c
TATCAATTCCGTGGGTAAACATACTCTGCTTGAAAGTGGTGGGCCCACTG,125,60,b
CGGGTTGAAAACCACCACTATGGGCGGAGTTTTCCATCCGAATCCTGAGG,129,59,c
GGTGTACGGTGCGTGGCGTAGGTTTACGAGTGTTATCTCAGTATGAACGT,134,44,d
ACGTGGAGTTAGACCCCACGTATAATGACGTCCTACGTCTCCTAATGGTT,123,68,b
TCAATACAGAAACCAGTACTACAAAAGCTGCATAGGCCATCGTTGTAATA,107,67,a
CTTGTAAGCCGCCACAGCGGCCAGGATACGCCCCCCGCTAGCACAGGATT,134,69,d
TCACCTTGCTAGCTACTGGCAAGTTAGGTTAACCGGTGACAAAAACTGTT,119,64,a
CAGGTTAAAACCTTAGTGGCGTTAAACATTTCCAGTAACGTGCAAAGATA,111,61,a
CGACAGGAGCAACACCGTTCGCACGCGGCCGGTGCAGTAGTTAAGCTACC,134,59,d
AAGAACCCTACTGTTTGGTAACTCATAATTATAATTTCTTTTGTGGGGGA,113,63,a
CCCTGTGGACTAGTGCGTGACCGCAGAACAGTGTTGATGTTAGAGGCCAA,131,51,d
CAAGAAGCATTGGGTCAAAATAATACGGTCTTTTCGAGTTCCCACTATTA,112,67,a
CGAGACATGAACTCCGCAAGATTCGAGATTGGCCCTAAGACATTTACTCT,118,68,a
CCTGTCTTGGACTGGCTACAGGTGTCGCGCATCTCCTCCCTCCGGAGCTG,141,71,d
TCATCCAGACACGTGGGAGAACCCCCCTTTTAGCGAACACCAAGATGGTG,125,65,b
GTTCCACAAGTCTTGTTCGCGTTTCATTCTCCCAACTTACTTGATTACCA,117,87,a
ATGCTCGTATACGTTCCTAACCTCAAGGGAAGAGCAACTAGGTTAGTCCA,119,64,a
TGTTGGTTGGTTCAAATGACTTTCTGAAGATAGACCCAGAAGAAGCAATT,115,55,a
CAGTTGACCGTGATAAGATGATGAGAATCTACCGACTAGCATCTGTTATG,118,58,a
TATCCGAACTTGACATTTGAACCGCTCTAGGGGAGTCGCTGCAAAGAGTG,126,56,c
GGTTAGGACCTTAAAGAACCTCCACACGGATGGCTGTTTAACCCAAGGCG,125,60,b
GTTGCGAAATTATAACTCGCGTCCAACCTATAAGTCAGGGGAGTTCGGCA,123,58,b
AACCAGCTTAGCGTTCGTCAAACTTTCAACTATTCATTAGAACTATAATG,106,76,a
TACGTTCCGGCGAGGGGTAGTGTCTAGCCCTTGTCATGTCGAATCCGGCG,140,55,d
CATTCCCGTGCAGCCTTAAATCTTATATTAATGCACAGGCCTCCACTAAT,113,83,a
GCAAGTGGCTTTCATCAGACCATCTTGATAGCAGAAATGTAATGTGCTTT,117,62,a
CAATTACTAGACACACGCTAGGGGGTCTACTATAACTAGACTTGATTCAA,112,67,a
TACTGAATGTGCGATTGGTCCATATTATGACCCCTGTCAACGATGTCTCC,122,72,b
AATTGCGAGCATAGTTTCCAGAATGGTCAACCTTTCGTATTGAGGCAAAC,117,62,a
GGCGTTCCTTATATCAATGTTAACAACCCACCTATCTCTGATCTATATAC,110,85,a
TATAATCAGAGTACCTACCTTAAGGACGCGACTGGGCATCGCTCGTGGCG,129,59,c
GATTAGGCTTTTAACGGCCAACACGCATGTTAATTAAGGAAGGATTTACA,113,58,a
TGAGCGGACACGCAAGCGATCCTAGGGAAGAACCGGGGCTAGCACACTTG,133,48,d
ATAGTCGCAATGCTTATTAGCACTCTATTGTGCCGCGAAATAATGCGATG,118,63,a
TACGTGGAGATAGGTATCCGTGACCAATCAAGTTTGGGCGAGATTTACCA,123,53,b
GAACTCTCGTGACCTCACGGGCGTTCTAAAAGCCCTATTTATGCTTGGGC,128,68,c
ATAAGCGGGCGTTCGGTAGACGCTACGGCTGTAGGTCGATACATGCTTTT,132,52,d
TATATTAGGAAACGCTTGACGCATGGTGTTTAATATAATAATATGCGGAG,112,52,a
GTAAGGTGACCCTGTTAGTGTACTCTACGACTACTCGTAGGTTCCCCATC,126,71,c
GAACACGGGCGAGCGTCCGAGCCTAATTCCACGCCCTGTAAAGTCGTGTC,133,63,d
ATCCCTTATTGATATAAGATATACAGGCTAAACTGAGCTCGCTCATACTG,111,71,a
GCTTTCCAGCACTCGGCTGTTGAGAACTGAAGAGCAATTGATTTCCCCGG,128,63,c
CCGGATATGCAGGCCGGTACCCCTTTCTTCCTTATTTAGCTTTGTTTCAA,124,79,b
TTACGTGTCTTAGGCGCCCGGGAAAGATCGTGTAGCAACTCTAGCAGTAT,127,57,c
AGCGTCCGAACGAATCATAGGTTTAGACCATGTTCTAGTCGAATTTAGCG,120,60,b
GGTTTCTGTATATATGACTGAAGCACCATCCGTATAGACAATCACATGCA,113,68,a
CATGGATAAACCTGACAAGTTAGTAGAGCATTATGTCGACGCTAATTGTT,114,59,a
GGTCAGTCGGCATGTTCACTAAGCGGATCGTATGCCCCGTTTACAGTTGC,132,62,d
CCAGTCTCAGGCTCCACTTTTTGCTATAATGATATTCTACTGGGTGTGCA,122,72,b
CGATTTTCCCGGAGCATTCGGTAGAATAGCCCGCTGCCAGCACGAGTCTA,130,65,c
TTTTTCCGCTTGAATTGTGAGATCCGCCCGATCGGGTGTAGCGCAAGGAG,134,54,d
GCCAGTAACAATCGTCGGTCCGTTCTCTCTTTCTTGATGAGTAGATTGAC,124,69,b
CAACGACGTATCAGTACAGATTAAATCCAGGAAGTCGCCACCGTAATTCT,114,69,a
CAAGCTAGTTGTTGCGACCTAACTGGTGAAGGTACTTTTACATACAAGCA,117,62,a
ATTCTAGCACGTACAAGATCATGGCTAAGAATACACCGCCGATGGATTTG,117,62,a
AAGGAGGCATTTTACTCAGTTCCCAATCGAAGAGATCCCGGATGCAGCTC,123,63,b
GCCCGAGATGGGGTCTACGCGGTGCTACCCTACGTCCAGGGCGGACGGGC,149,49,d
TGGGAACCAGCTTTACGAATCCCAATCCGGGTGCACATGCTGGTGGTTGG,134,54,d
TCCTGACCCCGATGCTTGTCAACGCTTGCTGGCTTGAATACTCTACACGC,128,78,c
GCAGCCGGAGGGCAGTCACGTGATAGCATCGCCTTTCTAAACTACGCTCC,131,66,d
GCGGGTTTTGTTACGAATCGATGACCAGTCTACCTTAATTTGAAAACGCA,118,63,a
TTTGCTTCTGACCGTGGTGTTACCCCCTCCCGTGCAGGGGATGAGCAAGG,139,59,d
TGGTGGGTCGGATAGTAATAATAAAACAAGCCGAACTCATCAACGGGTTT,117,52,a
GACTACATTAAACGGAAACATATCAAAGAGACCACGCACGAGAATGATTA,105,60,a
GACGCCGCACGGCGACAGTGGGACGGCCGCTCCTGCCCGGCTTAGTGGCT,150,55,d
ACGCTCCGATCACAATCGGAGCTGGGAGTGACCGTAGATGCCAGGTCCGG,137,52,d
CTCAGAGTGGAGCGCACGCGGCCCGATGCTTCATGCGCGTGGTTTAAACG,139,54,d
CAAAAGTATTTCGTCGCATTGTCTATAGAGCATCGTTTGCACTCAAAAGT,113,68,a
CCATCATGGGGCTCGACACCATTGTAAACTATGGGATGAGAAATCTGTTA,119,59,a
CCCGCGATCTGTTTCTGAGATGAGTTACGCACTACTGGACACGTTGGAGC,131,61,d
TGTTATGTTCTAACCTCACTGATTTGGGTGGTCCTTCCACCTATTGGCAA,123,73,b
TGGACATGCCAACCTGAGGTGGCGGTTCCAGGGTACCCACCAGATCAACC,132,62,d
CTCAGATGGCTGGGCCTCCTCTACTTAAACTTTACCACTGTAAAATGTAC,117,77,a
TGATTAGAAGTTTCCGATGACGCATATTTATAGTATCTCCTAAGTCAACG,112,67,a
CTGTCCGGATGAGGGCAAGCCGTCCACCGGCATTCTACATTAAATTCCAC,126,71,c
ACTTGCCCATAGGTAGCGAGGTGGACAGCTAGCATGATTAAACCCCTTCC,125,65,b
CTGAACACGCACAGACAGTCTCTAGATCTGGACTTCGTTTAAAGGTGCCC,123,68,b
CATTGTCCACTGGTGCTTACGATTTCGGAACAGCAGCTATCTGCTTAAAC,121,71,b
GGCTTTGGGCGACCGTAGCGCGAAGCAATTTAGTTTCGGCTTGTGGTTTC,137,52,d
CCAGCAATCCTGAAAAACATATTCAACCTAAATGCTGACAATACAATACG,101,76,a
CCATACAGGGCAGTAGCAGTCAGCACCGAGAATTCTGCAACCACGGTCAG,126,61,c
CATCCTATCTCCTGGATACTCAGAGTGACGTAGATTAACACCGAGGAATC,118,68,a
CCACTATAGTACGCTTAATCAACCCCTGGCTTATCTGGCTCATCGTGCGA,123,78,b
TTATAGCGGGAGCCCTATAGTTAGATACGGGTATTCGAAGTCCTGCCGGA,128,53,c
TTCACCTCTCCCTGTCAGTACCTTGTATGATTCGGATCAAACGGCTTAGT,122,77,b
TACAGTTAACTCGGAGGATACATAGGGGCCCGTGGGCACTGCTAGTAATT,127,52,c
TGGCAGCGAAGGCAAACGGGAGAGTTACCGCGGCGGGGATTGTGCTTAGC,141,36,d
ATCCCTCCACTACCTACTGACAGTGCGCGATCGTTTACTCCCACTAGGCG,127,82,c
GCGTTGTTTGGAACAATCGATGATTGGCCGGTACACTCGCTTATTGGGTT,130,55,c
TAGATTCCGGAAGGTCATGTCCTCTGCAGTATTCGCTATCCTGCTGTGGG,132,62,d
TGTGAGGGTTTCGCGCCAGACGACTCGTTGAGAGAAATGTTCAGTTTTTA,127,52,c
CGGTTCTTTCACCTCCATAAGTGGCTCCTCCGAGTGATCACCTATATGCG,127,77,c
CCGTAACGCTAGTTCTTGTACGTGCCTGCTTAGCCCTAAGGTGTTTGCGA,131,66,d
ATAGCCCGCTAATTCGAGGGAGCATGGTTGTGGTTTGTGGATCCGCGCTG,138,48,d
TGCGATCATAATTCTAGTTTCAGAATACCTTATCTCGTATTACAGAACTT,107,77,a
TCCGCACGGATATATCACACATCCATCCAAATTCATGCTACCGCCCTGTG,119,84,a
AGTTGATGATTACGCGGGTGAGGAGCGATACCTGCCAGCCGTTATTCGAT,131,51,d
GCTCGTCGGCGCAGCATGGCCCAGCCTCCTGCGTCTAGAGTTTTGGGCTG,145,60,d
TTGCAAGGATGGCGCCACCCTTCATTAGCATTTGTACGCCGGGCCCGCGT,136,66,d
TCTTTCGAGTTGGACCATCCCCGCTATACACGCTGCAAGGGGTCTAATGA,127,67,c
CATTACTTCTTCTTAATACTGCTACCTCTGGGACTTCTTACTATCAGTAG,114,84,a
ACGCACTTGTAATATGTGTCATCTTAGCAGTGTCAAATGCCCTGTCCGGG,125,65,b
ACTTAGTGATACGTCTGGCTGGATCCGGGCTCAGGCGATACGACACTTGA,131,56,d
CTTTATACCTCGCTGTAATTAATGTAAATCGCGTTCCGTATGTTACTGTG,117,72,a
AAGGTAGTCTAGACGTATTCTGCTCCTGGGTACTTTTCACGCTATGTTGA,124,64,b
GGCAGTGGCGCCTCAGATCCAGATTCTCTCGTCAGGCCGAGAGTCCCCTT,137,67,d
TATGGAGGCATAAGTACGGACAATGCTCAAAACACCCCCTACCCCTTTTA,115,75,a
AGTCCACGTAAGGGCATGCCATCCTAACGCCTTATCGAACATACTGGGTG,125,65,b
CTATGGGTGTGTTAGGCCAGGGCAGGACCTTTCGTTGAGTTTAGTTCTGT,135,50,d
GCAGGTCCACGAAGCCCCTGATCAACATCCAATCGCGATGTCCCCACACG,127,77,c
GTTCACACGAGACTGGCTCCCCGCAGAAGAACATAAAGCCGCGGATTACC,125,65,b
AAAAGATCCGGATTACTAGTGTAATAAAATTTGGTGAGTTCCAGTACTCT,110,60,a
ACACATTGGGCCCTCGACCCACTGTGTACTACGATCCTGATGCATGATGG,128,68,c
AGCCGATGGGCGCGAAGTTCACCGCTCGTCCTACTGGAGAGTCGATAAGC,135,55,d
CTGTGCGTCTAAAACTTAATCTTACAGGTCTCTAGTAGAACTACAGAGCT,114,69,a
GAAGTTCTACTTTTTGACCCTATTCTGAGTCCCACTTAGCTATCAAACGG,117,77,a
CAAACCCTTAGGAGTATAGTTACAAAATATAAGGGAATTCGCCGAGGACA,111,56,a
GCCTAGGGCCCTTAGCATGCGACCTTGACGTCTGAACTTAAGCCTACGAA,127,67,c
AGTGACTTGCCCCCCCACTTTGTTGTGGAGAAAGTACACGAACGAGCTGA,126,61,c
GGCATCCGGGTGGCTGTTTGTCCCACAGAGTTTATAGGCATACGCTAGGC,135,55,d
TATTATTTCCAGGGGTACAACTTGAATCCGCTGCCGTCACCACAGGACGG,126,66,c
AGTTAGGAGCGGCGTTTTCGCGTACTCCCGCGCGTTGCCAGTATAGCCTT,137,62,d
AGTCCGACTTAGGTCTCGCGTTCGGTAGGGCAGGGACGCCCTGGTTAAAA,136,51,d
ATCGTCCCCTGCCTTACGTCACCAGCAAATTGATTCTGGACACGGAGCTC,126,76,c
GTGTAACTCGGAAGACAGCTCGGTACACCATAAAACGAAGTATAATCATT,111,61,a
GACGGAAACTACGGACGAGACGTAGGCCCTGCACTAAACCCAAGTGTTGT,126,56,c
GGTGGGAAGTTGCATGCAACTTTGCGAACATGCGGAGTGTCCGCACCTAC,133,53,d
TTCTGCCGCCTGCTGACGACCCGTAAACCGTACACCTTACGTACTATGAT,124,79,b
CTAGACGACAGTATGCTACCTAACGGACTACATCCTCCAGATGCAGCTGC,122,72,b
ATGTAGGACGTCGTACCATACTCCCCCTCGTTAGGGCCAGAACGATTGAA,125,65,b
CCCGGTGAAATCTGGGCCCCTCGGCTTTTGGGAGAATGCGCTTAATCCCG,137,62,d
GGGTCCACACGAGCCGAGCCACAATACGAAGCATTGGACAGTGAGCTTAT,126,56,c
GGAAAGTACCATTCCAACTACTTACTCGGTTGATCACACATCCACATGTA,112,77,a
AAAAAATGATACAGTCCCCTTGTTCATTCCCCTTAGGAGTCCCAAAACGT,112,77,a
CGTTCCTACCCTAAGTGGTCGATCTGTATACGTATGTGTTTAAGTCTTAT,120,70,b
TAATGGCGGTGAAAGACCGGGTTAGCAGGATAAGGGTAGTACTGTTTTGG,130,35,c
GGCATTTAAACATTTAGGTACTTTATCAACTGGAGAATGATGAAGAGTAC,110,55,a
GGGTGCTTATGCTCGCCCACATCCCCGACACTTGAAGTCCTCTACCCCCT,131,86,d
GGTACCATAATGAAATCCTCACCTTCCAAGTCTTAAGCGAGGCTCTGGGG,124,64,b
CGTGGATCTGGGCATGCGCGGTCAGTGGAGCGTACGGGCTTGGCGCCTGG,153,38,d
CTACCTATCGGTCCAATAGCGTTAGACGGCATTCGGCGGTTGACCCTCCC,132,72,d
AAGCCTCGTTCGTTAGCACAACAAGGTCTGCGCCGTTCACCATTAGCTGT,126,71,c
TAAACGCACTCACAAAGGATGTAGTATAGGAGTGGGTTGTATTAGGCATT,118,48,a
TCTCCTAGATATTGCTAGAGTGTCGCCTCTAGCTGGACCAATGAGACAGA,123,63,b
TTTGCACGAACATAGCGGTTTATATAAGTCCAGGATAAACCCTACCGATC,114,69,a
AACTTAGTGACGCTCCCGGTGCCCCCGACTTTATCGAGCTCAGCCGCCGC,136,76,d
TTGTGGCGCAGGACACGTATCCGAATAGCCACGCTAAGATTCGAGGCGAA,128,53,c
CGCCGATGGCGGCTTTCCTAATCCACTACTGTTCGTTATCACATACTAAG,122,77,b
AGTAGATCCGACTCCTAACCTCCATCCTAAAAAACTCTGGCTTAGATGCT,114,79,a
CTCAAAGCTATTCCCATGGACATAGTGTGCCAAGGGGTGCTCTAGAGCCT,127,62,c
GGCTTGGCCCACCAGGCACGGAGTGGCTTCGAGTGCTACCGATAAAGGTC,138,53,d
CTTCGTTTCACGCAACTCCCATTGTTTCCCACTCCAGTGTTACCCAACCC,122,97,b
ATTGTCATAGCTTGAAACCTTCAAACACGTCTCCGGAATGAGTGAGGTGT,120,60,b
ACTAGGGGCTTAGCTCGGTCCTTACTCTAGCCCCAATTGTCCAGACGCTT,129,74,c
GCTCCAGAGGCCTAGCGATTGGGTGTGTGGGCAGGACATTGGTAAATCTA,134,44,d
TTAATACCCGCATATTCGACATGCAACCCCCTTCGACGCATTCACGTGTA,118,83,a
ACGCGCTATGGCCCACGATTAAATTTTTGTCGCTACGGTTGAATCAATAT,118,68,a
CAGTATAGCCTAACAGCAGTCATCTCTCTCAGGCGCCGAAATAAATATTC,114,74,a
CCCCGTATGGTTAAGGAGTTCTGATCATTAGGCCTTGTTATTGCATCCCT,125,70,b
TATCGTCATTAAAATGGATGGGAATATGTCCTGCACTGTAACCGCGCCAA,118,63,a
AATGCGATGCTAGATATGATCACGGCAATTTATTGTCTTTACTAGCGTAA,113,63,a
CAGCGCAGAACACGGCGATCTTTAATGACCTTATTGAATACGAAATAAGC,113,63,a
TCGGTGCCCATATATCGGACCTGTTTCGAATGACCATACAACTGTACGAG,122,67,b
GCGCGAAGACTGTCTGCAGCGAGTATTCGTATGTGCCTCCGGGACGGAAT,136,51,d
GAGTATTTGCTGCGCGCGACATTCCACTCGGGCCGTTGTCGTTAATTCCC,134,69,d
GTCGAACACAACTGACCAGAATCACAATAGGAATGTTTGTAGTATTTCTG,112,62,a
ATGACGAATATAATCCATTGGTCTCCAAGTTGATGTTTACCCACATATGG,113,68,a
TCGCTACTAGTATGAGCAAGCAGTGGAGACTGGGTTTGGAGTTTTTCAAG,127,47,c
GATGACCGTTGCGCCATTGAAGTCACTAGAACCCCCTGCGTGCACTGATG,130,65,c
CCTCTAAACCCCCGCCAATATCCGCGATCCGTCAGCTACTTCAGCTCGAA,123,88,b
AACAGCAAGTATGCGGGAGAGATAGCGGGGTCTAACCTCTTGTCAGTGTC,129,49,c
TTTGCATATGATGATCCAGCAACCTGCACGGGCATAATCGATATGGGCCC,124,64,b
GCATATGAGGAGCAGTGCTGACGCACTGTCGAATGCTCGGTTCCTATGCA,131,56,d
ACGTATCCAAGAGTCTACTACCTTGTATACGACAGACCCGGAAGCGCTTT,120,70,b
AACAAGCCCCTCCCGGCACCTCACCCTGTTGTTGGTAGTTAGAATCGGAA,126,71,c
AACAGCCGCGGGGCGGGTTCAGGCATCGCAACTCGGATCACACCTGATGA,135,55,d
GGGGCGTTGAGAACGAACTCTCGAGGTGCTACACTCGGTGTATTCAGGAC,134,49,d
GCTATTATTCAAAGTAAACCACAGTATCTATCGCGAACGGGTCAATGTGA,113,63,a
CTGAACGTTCTAAAGGTCCCATAACGACGGTTGGGTCCCCGTGCAGTGCC,133,63,d
GGGTCCTTAGCCGTAAAAAGCGGATAAACTAGGCTGCTCTAGCAGTTACC,124,59,b
GGAGCCTACTCTAACCCCTGGAGTTAAACCGGCTCCAGATATCGTCCAAT,123,73,b
TCTTCCTCGTTCTAGAGACCGTAAGCACGTACAGCTGATGGAGCGGATTT,127,62,c
GGCGCATTAGTAATTGCTTCACGGCCCCAGTTACTAACTCCTGCGCGGCG,133,68,d
TCTATGCCAAGAGATCCAACGGTGGGAACAGTTACACAAATTTAGTCTTG,116,61,a
AAGATGCCGCTACATCACCTCTCAGCGGCAGCATTCCGTACATAGGTTTG,125,70,b
CGTGTTTTACGTCCAGGAGTGTAGCCTCGCCGACTCACGGCGTTCGGGCA,140,60,d
AGAACGGAGAAGCTCTATATACCGTTAAGGAACCACAGACGGGCGGGCCG,128,48,c
TCGCGCCGGGTAATGGCAGGCGTGTAACGTACACGAATGCAATAGCTCTA,129,54,c
TATTAGGTCACTGCCGTATGTGCGATTCGTTTGTCTTAGGCTCTACTTCG,128,68,c
TTATTGGTCCGATGGATGATCACAAATTAAACTCGAGGCAGCTAGGGTAC,120,55,b
GGACGGAGTTGGAGGCTCCGCATAAGTCACCGACTGCGGGTTGACGAGGA,140,40,d
TAAGCGTGACTCCGAAGCCATTCGGCGGGGCAAAGGCTGAACTACAGGAA,129,49,c
ATAGTCGAATCATGCTCGAGCCGTGGGCGGGCATGGTGTAGATCCGTAAG,135,45,d
AGCTTGGATCTGATAATACCCCTCCATAAAGTACACAGGCTAAGTTCGGC,118,68,a
CGACAGCATCTTTCTTGCCACCGATTAGCATCACAAAACGGCTATACGGA,118,73,a
AAATAGATCCGGCGGGTGTCTGTTGGAATCACTTTCAGCGCATCCGGGTC,132,57,d
AACCTTGAGACCACGTGTGCACCAATAAGTGGGGGGTATGTACGGATCTC,128,53,c
AGTGTAACAACCGGTTAATTCAGTATTGTGTAGTTGTCATTTTCGACTTC,116,66,a
GGTTTATCTTGAGCCTTCGCGAACCAACGACAAATGCGCTTCCTTGATTT,122,72,b
TGCTTGAGTCAAAACTAGTGTCGGTTGTGGGGTTGTGTGAGGGAATAGCA,132,37,d
CTTTCAGGGTGTAAAATGACTGTTCATTACATCAAGTTGGTCTACCCTCG,119,69,a
GAGAGGAGCTTACATTGAAAATTTTCTTGATACAGCGAAAAGCGCAGGTT,116,51,a
GGGACCTAATGCAGGACAACAGCCCTCGCGCGTAATTACATGGTGTACGC,129,59,c
GAGATTGGTATCCAAAAACTTAAGTGTGGTTGGTCTCGCGGTTCACTTTC,124,59,b
GTGGACTTCGTGCTGAGGTCCAGTCCAGGGTCCGTACGAGCTTTCAGCGA,139,54,d
AATGGGCGGCTATACATACATTTGCAAGCAGTTCAGCGCTACATCCGGGA,124,59,b
CGGGACGGGCGTTCATCTGTCGGAGACACGTACAAGCACGAGGTCTAATA,131,51,d
CGGTTCCCTACGTTATCGGCCGGCGTTGGAGTAGAGACAGTAAGATTAAT,128,53,c
GTGTCGGAATAGTGAGACTAGGAGAAGTTTGTGGACACTATACCTGTCTA,123,48,b
GAGGACACAGCCCTTAGGACTATAGCTCATTACTCTGTACGTTCGTTGGC,126,66,c
GCCGCCACAAAGAGCTACATGAGCTAACAAAGGTGTATATTCCGCGAGAG,121,56,b
TAGCGGACCCACTGTCGCCTAAGCCTGCCGTAGTACGGGACAGCGCCATC,136,66,d
TCCGAGCACGTATGTAATCCCACTGAGGCGCCCAGTGTGAAGTTCCTACA,127,67,c
TAACAATTCCGGAACTCGGGTTCGCTCGATGTCAAGCCCTCCTCCACTAC,125,80,b
ACTCTGGAGTGGAACCGGTGTTTTTTAATTGGTATCAGTGGCACAGATGA,125,50,b
TAGAGAAGCTTATATGAATTAATTCGGGTCCTTGTAATCCCTACGCCGGT,119,64,a
ACAATATAGGGGTATGTGGTAGACTTGACGTAGGTGGGGGACATAATGGT,128,33,c
CCTACGACTAGGCCTTTGCATCTCATTCGCCCTACGTTCTGGACGCTCCT,130,85,c
AAAGAGAAATCACTTTGTTGGGGTGCCGTCCTTTAACATTTCACCTGTAC,118,68,a
CGCGATCACACTAGGTCATTTCATACGGCCGGCAATTGAGGTTCGACACT,126,66,c
CGACTTAAATTGCGGGCCCTAACTGACCCCCTGCAAACACATGATCTATG,120,75,b
CCCCGGATGCGTGGAGCCCAGGTCTTACTGAGTTTTGGCGGATCAGTGCG,142,52,d
GAGAAATCTTAGATTTTACTTGCGAGCAGACCGGTATCACAAACGATGTA,114,59,a
AACTTTGCCGCAAGCGTAGATGTATCACAAAACCGTGCGAAGGTCATTAA,116,61,a
AATGAAAAGTAGCCGTTCAGAAGACTTCCAACGCAGCTATTGACCCGCGC,120,65,b
TTTGAAGCTATGAAGCATATCCGTGGAGGGTACTACACGGTCTATTCGAG,124,54,b
GTTCCTAATAGCCTTTAATTTTGTTGTTGTGACAACATTGCGCCTCGGGC,124,69,b
TCAAAACAAGCAGTGTTCGGAGCTCCACTAATCTCGTCTATACGGCGGCT,123,68,b
CACCTGTCAGGGACAGAGCCCCGCCATTAGCCTCCGCTAAACTTCCCGAG,131,76,d
GCAACGGTTCGTGTGCACGATCGTCTCATACGCAAGCAACTAACACTTAG,122,67,b
GGACCGTTTACCGGTTCGCTACCCAGATAGATCGTGCGCGACGCCACTTC,134,69,d
AGGTTTATGAAACGATGGTGACGGGTATATCTTGCATGAAACCTAATCGT,118,53,a
GCCTTCAAAGCTCCGCCACACTAGAGCCGCCGAACTTTAGTACCCTGCGC,129,79,c
TTTCGCTACAATAATGGAAGCGATCATAACCTCATGTACTTGTCTCCAAA,110,75,a
AAAGCCATGAAGAGCATAGCCGATATTTGCGCCAAGCTGTAGCTGCGACT,123,58,b
GTAATCTATTCTTCGATAGTCAGTAAGAAACTTTCCGGCCTTGTTAATGT,114,69,a
TAGCCCGAGCAACCGCAGTGGCGTCAAGCAGCCTGGGCCCTTTAAGAAAA,129,59,c
TCATAACTCATTCAAACCCCTGAGTTCGGACCGGTCGCCTGCTTAACCTG,124,79,b
AGATATAGGAAAATATGCCTGAGAGTCAGAGCGATAGGACTTCCAAATTT,112,52,a
CATCTTAGATTTGAAGGATAAAAAAGTAACTTGTTATTCTGATTTCAAAC,101,66,a
CCCTGGCGAAGGATTCCTGCCCCAAGTCCCCTTGGTCGCCAAAAATAACT,126,76,c
GCCTGTGTGCGTTAACCTCCCCAATGGAGGCGCATCAAACACGGCTTAAC,128,68,c
TATGATCGTTGCAGCGGCATAGGGGGCGCCCACCGGTAATTTGCGACATG,136,51,d
TTACATTTGACGTGATTGTCGCCTCTAGATGGGCCGTGCATATGTCAGAG,128,58,c
TTGACACCGGCGAAAGCCATCCTCTGGGCGGTAAGACCAGCCAACATTTG,128,63,c
CGATCTCTCTAGTGAGGGTCCGGGACTTAGACCTATTGACAACCGAGTAG,128,58,c
AGGTTATCGCGAAGCCGACGTTTTAGTTTTCCTAAGTGGACTGTGTGTGG,131,51,d
CGTTCACTTTTCGGTACGGAATGCGCCTCCCTAATTGGTCTCTATGCTCT,128,78,c
CAATTTGGGAGCAGAGTCGACATGATCACAGACTCTCGAGCTCTTCGACT,124,64,b
TCGACGATCCCAAGAGATGGAACACCGAATTAGCGGCAACTAGTGTTTGT,122,57,b
ACTAGACGGTAAAATGTCATTACAGATCCTGGGTACGCCTTTGTGGTCGT,124,59,b
CTAAGCAGGGGTAGGCCCGCTAGCTCTACTATCCGGAATCTATTAGCAGG,129,59,c
GGAAGTCTGCCTATCAGTCGTCCGATTCCTCTCGAATAGTCGGTGCGCAT,131,66,d
TATAACCAAATATATAGCGCGAGCGTTGATAGAAACAAGCGGAATAACGC,110,55,a
ATCCGACGGGTAGCCGTCAGCCTAGACGAACAAGCAATATTAATCGTCCA,120,65,b
AGGCGACTTGAAGCCGGACGTTCGAGTACGACGTTAATTTGTTAAGCGGG,131,46,d
GCCCGTATACCGAGGTAGACGACTGAGACGCACACATAGCTGAATCGCGG,130,55,c
CCGAGGGTGCTCCTCGGAACGGCGTAGATTTAAACTCCGTTCTAAGACAT,127,62,c
GTGTTAGCGATGCAAAAGCACCTACGAAAAAAAGGCGAACAATAAGTCGC,113,53,a
AAAATCGGTTACTCTCAGTCCGCTCTAATCCAGCCTAGCTAGTCGTCGTC,123,78,b
ACTCCACAGTTACCTGTCGTTCCCGCGGCTTCTACAGGGCTGTTCCTGAC,133,78,d
GAATAAATTTCGCCCCGGATCAGCATGACGCCTTTCGACGCGCTGTATAA,123,68,b
TTCTGAGCGGCTTTGCAGACTCTCACACATGGTAAAATCTTGAAGAAATA,114,64,a
TGCAGATGGGCGGACGTCCACATGTTAGCATGAGTAGGGTGGCGCATCAA,134,44,d
TAAGGATGGGACACCGAACGGGGGCAATGGCGGTTGGGTTTTAGGATTGC,138,33,d
TAACACCTCGCTCCAAAGCGGGCGTCAGATAGCTTCGACATTTTACCCTG,124,74,b
ACCCACGCGACTTCACCTACCACTCTTTGTTGGAATGGTACAAAACCGCC,121,81,b
ATAATTCGGGACCCAATGGAGAAGATACAACGGTGCTATCCTTTAATCTC,115,65,a
AATCAGCTTCACAGCAACTCGTTCCGCACCGTACCACCGGAGATTAAAAA,115,75,a
TCACGGATTACGTCCTACGCACCGCCGGCGGCAGAGTGCGTAGTCTTGGA,138,58,d
TGAACAAATTCCAAAGTAGTTCAGAGCCCGCACGTTGTTCTAATCAAGCT,114,69,a
GTACACCCGTGGAATGAGCAGGCCGCAAGATCCTTAGCGCAACAGCCGCG,133,58,d
CTGCATGCCTGCAATGTCGGCGCGGAATGGCATATTTAATTACTTTGGCG,129,59,c
ATCCTGCTTCCAGCGAAGGACTTCCTAAGGTGGCTCGCTCATGAAAACGT,126,66,c
TCTAGTGGTGGGTTCTCGAGTCGCGATCTTCTCGATTGCGAAGCGCAGCA,136,56,d
ATTTGGTGTCTGTTTTGCGCTGTTACGTTACGTGGTACCGAGTAGAGATC,130,55,c
ACCACGTTCGGAATAAGTCCGGAGGTGTAGTGGAGAGGTCTTCACCGCAA,130,50,c
CCGATAGTGTAGATCTGACTCCATGCATGGTGCTTACGTTATGAAAGATT,120,60,b
AGCCGCACAAACCGTACGAGAATTGGTGCAGGACACGAATCTGTCGAGCG,128,53,c
AGGCATGGGATGTGGTCTAAACTTCCCCGGTGACGGGGGCGAAGTATGCT,138,43,d
CTCGAGTGCCTCGAACCGAGGTCACTCCAGGAATTGTATTTAGACTTTAA,121,66,b
TAGCGTGTGTGTTGCACTGATCGGGTGTGCCAACGTGCTGCGGACCGTCA,141,51,d
ATCATAGATGAGTTCATAAATGTACGCGGTGTGTTTATCACCAATAGGTT,114,59,a
TCTACAGCAGGCCACTCTCACGCAGGCATCAGCAAGCTGTGCAATTGTCT,126,71,c
TTCGGCGTGAAGCCTCGCGCTGGGGACGGTCGTGTAGACATGGGGCATCC,146,46,d
CGCTGCTGCATGGACCGGGATGCACGACACCGGGGTGGCCCGAAGTGACT,144,49,d
CGACGGAGGGCACGTGACTGAAGCATTAAGCTAAAAGCCCGAACCGTGAC,127,52,c
GATCCTATTGGTCGAGCTCCTTTACAGACGAACCGTAACTATATGACTGG,121,66,b
TAGCTAAGGTTTCTATGAGTGTCTGTGTCAGCTCATTCATAACGAAACGT,118,63,a
CTATTCCCTCACAACCCAATGGTCACAAATACAAACGCGCTGTATCGGAA,113,78,a
TAGCGCCTCAAGACAGAACAAGTTCTTATCATCAAGGATAGGCTCGCGCT,120,65,b
GACTTTGGCCCACGCGACCGTCGTGTACGTAACCGGTTTTTCGTTGTTTA,132,67,d
ATATGGATTGTCATCGCTTGTTGCTCAGCACCTGAAGACACCACATACGT,120,70,b
GTTTGAAAGGACCCGATTTTTGCATGGAAATCTCAGGAAGACCACACAAC,116,61,a
CGGGATAATGGGTAAGCGCGACCGTCCCGCAGGGAGAATTGAATTTGGGA,134,39,d
TGCAACTTATCACATAGGCAGGGCTCTATAGTGGCTTGTAAGTGAGACTC,123,58,b
CAAGTGTTTATCGACCGGATTTTCCCATTGCAATGAATTCGCGTGTAGTC,122,67,b
GGCGATCACTAAAGAAGCATCCTGTTTGGTTATTACCACCATCAAAGCCG,118,68,a
CAAGGCTCTATCTTACCTTACTATTAACTCGTTTTAGTGGCGCAGAAACG,117,72,a
GTTCCCATACCACATGACCGACAACAAGGGTCCTATGTCCGCGCACCAGC,126,76,c
AAACACGACGACGCATCGTTCCCCCGTCCAAGTCCGAACCTAACCGGCAT,124,79,b
TTATACCGGGTGCGTCTTTGGTCCCATGTTTGCGCATGAACTACGAAATA,124,64,b
GGAGACACAGCCGAGTCGCTGCCAAAGCATGCAAGAAAAGAATCCTTTCG,122,57,b
ATGCCTGAGGCTCACCGAGGCGTAGAACTCCAATATTTTTCTTATGGACG,124,64,b
ATGTGAAATATCCTCCTTAGATTTGACAGCCATAGGTGCAATCAAAAGTT,110,65,a
AGCTACTACAAGATACGCTGACGTCTTAGAACCCCGTGGACAAGTCTTCC,121,71,b
AGAGCCAATCATGCCTGAGTGGAAATAATCCAAAATTATGAGCATTACCG,111,61,a
TACGTCCGGGCTAGGATACTCGCATTGATCGCGTTCATCGGCTTTTGACA,130,65,c
GGCTGTGACTTTAACGCGACTGAAGACAGTGGGAACAGTGCGCCATGCGT,133,48,d
GTGACTAGCGTGTCCGCACTTCGTTACTTGCAACAAACAGCCCGGTTTCC,128,73,c
GGGTCCTTTAACTAGTCGTACATGTAAATTACCTGTGATCACATGGGTCA,119,64,a
TGAGCGAGGATTCGGTACACTGGCAACCATCCCTCAAGGATTCATCCCTG,127,67,c
TAGTCTGTACAATCAGAATGGGGGGTATCTGAAGGCCCTCAGGCGCGACC,132,52,d
AAAGGGCTATAAACCAGCCCCTCCTACCGGGTATGCGTGCTGCAGGCATA,128,63,c
ATAATATCTTAGGTTACGTAACCGCGCATCCGCTGAAACGAGTTAAACGA,114,64,a
GAAATGATTGGGACGATAGAACCGAGCAACGACCCGCACTATCACCTATC,119,64,a
AGTGCTGGCGCGCATTGTCTCTCTTAGTCAACCGACGCACAAGCCACCCA,129,74,c
CGGCCAGGAGGAAGACTTGTTTTACAAAAGTCGTGAATACACTGAAGACA,117,52,a
TTGGTATGGAAGAGTCCGGGCTGATTCATTGCGTGCGTCGTCTTCCTACT,134,59,d
TACACACTGCCTTTTGTTGGTGCCGCAATGGTACTGACCCGCTAGTAATA,124,69,b
AACTATGTTTGATAGAATAACGCTTGAAAACACACACATTGTAATTAGAG,102,62,a
GGATGGGTATGGTGGGAATAGTAAGGAATTGTGCGCGTCGGTGGCGTCCC,142,32,d
GGGTTTTGGAGCTCTGAACCTAGAGTCGTGTTTACCACTCCCGAACGGAA,129,59,c
TAGCGTATGCAGTGAAGCCCGGCCGGAGCCCCTGGACACACTCGTACAGT,135,60,d
ATCACCTTGCCAGTTAGACCCGAGGATCTCAGAAAGGCGACGTTGCGATC,127,62,c
CGTGAGCAGCGACCTATCTAAACAGGGGAGCATCTTCCCGCACAAACATC,123,68,b
GGGATAGGGGTGGAGTGGCAAAGTATTGTCCCAAAGGACCACCCAAGGGA,132,37,d
CGACGAGCGTCAACTACAGGTAGAGAGCGAAGCGAAGTGCGATCTTGTCT,129,49,c
CACGGTACACATTCGTGAGCATCGCCTCAGAGCTCTATGGACATAAAACT,119,69,a
TAAAAAGACCATTCGCTAGATGCAAAAAGTGCCTCGCTGGATTGGCTCTA,117,62,a
TTGGCTAGTGAGCCAGGATGCTTACGTATGAGCCTCACACGGAACTTCAT,126,61,c
TTGAACTACGTGTAATTTTAGTCCGTGTGTATTGCCATTTCCACCTCCCC,121,81,b
AGAAATGGTGGCCACGTGCTAAAACGTTGTAATCTAGAGACGATTACCAT,116,56,a
CTTCTACCCACCGTAGCCAACCGAATGGACCGTCTTCGTCTTAAGTCATC,123,83,b
TCGCCGACGGGAATGACGGTAACCAAGGAAACATATGTGGATGGTGGTTG,130,40,c
GCTTGAAACCCCACCGCTCGCGTAAAGGTCCCTATTAGTCCACGATATAT,121,76,b
CCAATCTTATTCTAATGCTGCGCCACAGCACACACTGTAAAAAGAGGTCT,114,74,a
AAGTTCGTACCTAATTGTAGGGTTGGTACGTAAAGACGATAGCGATTTTA,117,52,a
TCTGGCCGATTACACGCTCACTATGCGGGTGATACCCCTTGGTCCTATCG,132,72,d
CAAACGTATGTGTGGTGTCATACGTTGAGGCGTCATGACGTTCACGGGAT,130,50,c
CAGCGGAATTGGTACTCATCCGACCCGCGTCCCGCATGCTCAGGAAATGC,132,67,d
TCAGACCCCTATGGGCCATGGTTGCGGTACATCTCTACCTGTCGACAGCG,133,68,d
CAGTCCAAATAGCTCATCCGGCAGACGAGTACCCCATAACGGTTGGCTGA,125,65,b
ACTTCCGTCATTAACGTTGTTATACGGCTTAACGTACATCAGAGATACAG,114,69,a
GCCCCTGACGTGGAGAACGAAAATCGGAACAGTTATGATCTTGCGCGTAG,127,52,c
CCAAGATAAGATCGCAACCCATAAAGTGTGAACTCCGGCTATCCCTGCCG,121,71,b
GCGAGGTTGCCTTGTTAAGGAACCTAGATATTAACTGTCCTCAAATCCGA,119,64,a
CATGCTTACTCAGTTTCTATCTATGGCGCCTCTGGTGCCTACCTGGTTAT,127,77,c
AATACTGCCTAGTAGTATTAGTGGGTTATATAAGATGGACCTCATGCCTA,115,60,a
CCTCCTCGCTGGTGTCGGAAGCCTAGAACGACAATCGTTCCGGATGTTAT,130,65,c
TCTTGAATGAATCGAGTTCGCGATCCCATCGACAATCGCGAGGAATTACC,121,66,b
TCTTAGATTCGAGTCTATGGTCATCTATATGCTCATACAGGCAGTTTGAA,116,66,a
TGCGATCAGGAACGTCCGTTCTGACCGCACACAAAAGTGCCCTTAATCTT,122,72,b
ATAACGTAGAGAGAATCTAAGAATGCAGTATCGCGAGTGTACTTGCGGTA,118,48,a
TTACGTAGCTGGGAATGCCGGGTCTCTAGACCCGAAGTGAAACAATAGAG,125,50,b
GGTGGTGTCCACAGCACAAGAGGGGACATGGCAGGAATTTAGGCGGCATG,136,36,d
TAAATGCATAATTATCGCCTGCGGCTAAGTTTATTAGAAAGCGGACTGGC,118,58,a
TGCGTGTGAGATGTTCGCCAAGACTGCGTATCATTTTGAGGACCGGCTCC,133,58,d
CGCGGGAAGAACTGACGTTACGACGGGACCCTATGCATTAGCCCAATCAC,127,62,c
GTATAGATGCAGAATCCCTCGGTACTAAAAGTGCCTCTAATCGACCCGGT,121,66,b
TAACTTGATTGCTATGGCCTTTAGCGACAACTGGCGGATTCTATCAGTAG,122,62,b
TACCACGCAGACGCCGAGAGAAGGTATGTGACATGGAACTGACTTTAGAG,124,49,b
CCTCGCACAACTGATGATGTGAATGTATATATGGTGAATAGTGGGGCGCG,127,47,c
CTGTCTCGGTGTCGAAAGTTGCTCAAGCTCTGAGGGGTATATACGCGGAA,131,51,d
ATTTCTTGTAAGTTGTAGGCCAATTTTAGCCAATATAGCTAGTTGTCGCT,116,66,a
GTTGACTACAACTCTTCTGGTAAAGCAGCTATGCTCCCAAGCGTAAACTC,118,73,a
CTGGCGCTTAACATCTTTCACTGCGCATAGCGGAATATATTGGCGAACTC,123,68,b
TGGCAGCGGAGGATTACAAGCGGTTAGTTCAAGGCTTTAGTACGCTCTAC,128,53,c
ACCGAGCGATAGAGATTAACTCTGCAGATAGAGTCGGACGCGCTTCATTA,122,57,b
ATATCTGTCTGAGTGTTGGGCGGGCGGGTTACTCCATAATAAAAGGGGTA,129,44,c
CGGGACATATCGATTGGATACTTGAGGTACGTCAAGATCGCCGCCAATGC,127,57,c
CTTCAACTCTGATAGGGGCAAAAAGTAGCCAGGCAAACCTTCTACACACA,114,69,a
CAATATTGGTGGGACAATAGAGACGCACTTAACTTAACTCGTTGATGCGT,118,58,a
TGATAAAGCGTGTGCCGAGGACAAACGCACCCCGGCAGTTCCGTCTATAA,126,61,c
AGGCGCCTATTTTCGGGCCCTCCGTCCGGTCTGGTCGGCATCGCCGTGGT,148,63,d
GGTAGGTACAATTGCAGGTAATAAAGTCATTGCCAAATATAATGATAAAG,106,51,a
CGGTTCGGTCGTGGTTAACTGCCTACTCTATTCGGGAAGCAAGGACCCCT,133,63,d
AAAGGTTCCGTCAATAATTATGAATGACGGCCTGAGCGACGTGATCGCAT,121,56,b
TGGGAATGCCGGATCCGATGTGATTCGTTCACCTACGACTCGCAAATCCG,129,64,c
TGCGTACAATACAGGGGTCAATTAACCGCCGACCCCGTAGTACAGTCCAC,124,69,b
ACGGAATGTATTACCGCTGAAGTATATAACGTCTCCTGATATCACGTGAG,117,62,a
CAGCACTCAGACAGGATAAGAGCTTATAGAAAGTGTACAATTTCTTCTAA,108,63,a
GGTGCGCTTTTTACCCGTAGCTGCCGGTGCCGACCGCTTTATCCAGACCT,137,72,d
CCTACTGATCGGAGACCGGCGGAATCGGTATCATTGGGTGACCAATCGAT,130,55,c
TCTGGCAATAGCTTAATAATCCTTTACCTATGGTGTGGAACTCTGATGCT,118,68,a
TACCGTAGATTACGTAACTGAATCGTCTCTCTGCTTGTCGACTGTTATAT,118,73,a
CCTCGGAGCTCCCACATGCATGGAAAAACGGGAATAGTTCGCGTGAATCA,124,59,b
TCCGTTGATTGCCGTTCTACATACACACAGTCACTACGATACGGTACCGA,120,75,b
CCGGGTAGAAGATGGCTCTACCTTCTACCCCCGCACCAAGGCACGGAGAG,133,63,d
ACCTCCTGGTGAATTTTTAGAGATGAGTCGTTCTACGTTCACTAAATTCA,115,70,a
CATCAGAGCAGTTTATGCTATATGCATGGGCCGCCTAGGCAACGACAGCA,125,60,b
GCAAGAGTAAACGGAACAAGACTACCGTGGCCTGCCCAACCTATTAGGCG,124,59,b
CACAGTGTTTTCAACGTCACTTTTGCGTTTTTTATCCCGAGAGTTCTGGC,124,74,b
TAATTATCTCTAACAGTCTGGCGCGTCTCTAGCACGACGGTGCGCATTTC,126,71,c
GCTAGCTTATGTTCGATTGGGCCACTAGGTGTTAGTATAGGGTCACGACT,129,54,c
TAAAGACGTAAATCAAAACATAATAGAATCCAATTGGTTGGCAACAATGA,99,59,a
CAAGACGGGATGTTACTTATGCCCTCCCCTCACTTCAAAAAAGGAAGATA,114,69,a
AGGTAGAAATTATTGATATACTGCAAACTTACGCATCCTGTCACAGACTG,111,66,a
ATCGCGTATTCGATTCCGTGCAATCGTGAAAGTCAATCCCTTACTGACAT,118,73,a
TTGAAAGAAGGGGAATTATAACAAATCAACGTAGTGCTATTTTAGAAGAG,107,47,a
CCATGTCAGTACTCAACCATGCTCGAATACCAGACAACCTACCTCCGCGG,121,81,b
ACAGCTGCGGAACACGGACCCAGATTAAAAAAAAGAGAAATCAGGCGCAC,114,54,a
CGAGTACCCCTCATAGTATCATAGCGGGAAATCCATAAAAAGTAGCGTTT,114,64,a
CTGTACCCCATGCTCGGCCTGCTTGAATCCAGGGGGCACGCGTCGTGGTC,143,63,d
AAGAGCCTGTTAGCATATCACTAAAGGTCTCAGATAATTGCAACCGAAGA,111,61,a
AGTACGCTGCCTACGATTTTGGGCTTCTTATTTAAAGATCGTATTTGCGC,122,67,b
GGTCGTTGATCCCCATATCTTAGGCGTCACAAAGGACCCTTTCTGACATC,124,74,b
ATACGGGACGTATTTCCAAAGTCAAGAATGTATAGTGGAAACTAGAGATT,111,51,a
ATTCCATGGGTTATCTGGTAGGCTCCCACAAATACGAGCGTCTAGCTCAA,122,67,b
GGCGCGCCTTGTAGGATACGTTTCCGACACGCCCACGCTATCGTGAACAG,134,64,d
ACTCTATTCCATTAGCTACTGGTATAGCAAGCGTCGATCGAGCGGGTAAG,124,59,b
GCTAGCGTTGAGTAGTATCCCTGTGTGCCTAGCCGCCGACGAATTCGGTT,135,60,d
GTCAAGGGACAGAAAGTAGCTTCAAATTTGATCTTCCGCCCGCGTGGATC,125,60,b
CCGCCTTCCGTCGCATTAAATGGTGAAATCAAAAAAACTATACCTTTAGA,108,73,a
AAAAACGAAGCGAGGTACAACCGATGGCCTATCGAGACCAAACTAATGAG,114,54,a
TGTTCCACTTTAATTAATATGGACATAGTACGGATACATAGATAGTGTTC,109,64,a
CTCTAGGGCTCCACCATAGGCGGATGTATTTCCAGCAATTTTAGGGCAAG,126,61,c
CGTGAGACAGATCGGATGTTCCTATCCACGTCAGAGTTTGGCCAAGGACA,127,57,c
CAGTCATGGCCGGGAACGACAGCGCGTAACGCGCGCGTGCGAGACGCCCC,144,54,d
TATTAATTCAATTGATATAGCTTTCAGCTAAATGCCCGAAAGCCACGCCA,109,74,a
CAGCAGCTATAGCGTGGCCAACCCCACGTGCTCATGTCCCGCGTTTCATC,132,77,d
GAGCCAGATAGATGTAGTCTAACGAACCATGTACAAAGGGGAACCTCGTT,119,54,a
TGCCAAATCTTCGAAGTCCTTCACTACTTGATTGTTCAGAGTAAACTGAA,112,72,a
GAGACTGGACTAATGTGGAGAGACCTCGTAGTCCTGCTGCTTGTCAAGTT,129,54,c
GGGCGCCGAAGAACAAAGGTGCGAGTATATTGAACTGGAAGTAGTAGACA,123,38,b
TTTGCGTAGTGGGCCCGTCAGTCCGGCACTAACGAAAGCACAGAAGCGTG,133,53,d
GCCTGACTAATTCCTTAACCCCTTAGCGTCGATTGTGATTCTATTTGTAA,117,77,a
GGCTTGCGAAGTCCCGCTGGTCCTGCTGGTGCTGTGCGAATCCATAGGCC,143,58,d
ATTTAGCGCCTCGTACAGTTCAAAGGTAGCTGCGGGCAGAGAAGCGGTCA,130,50,c
ACCGGTATAAAAAAAGTGGATGAACGAGACCGGCCGCGCTGAGGCAATAG,124,44,b
AGAAAGTCCAGACGCGAAAGGTCAAGCTCCCCTCGAGATTCGACGTCCCG,128,63,c
ACTTGAGATGACTCTCGACATGGGCTAAGATTTCTAGGTATTATGATGGG,122,52,b
CGCAGTTCTTAATTTAGTTTTCACCTATCGGGCCGTTGTGGAACTACTGT,124,69,b
AGCTAGCTCGTCATCTTGACAAGTGGGTTTGCCCGACCCGACGCCCTGAG,135,65,d
CACTAGTCAACGCCAACAAGCTCGTTGAAGTTCAAGATTTGAAAAGGCTA,113,63,a
AACTAGGATGAGGAACTAGCCCCCGACATCCCCTGTGCGCAACAGGGGGC,133,58,d
GATGTTGATACAAATTCGGGATCGCTGTCGCCGGCCATAAGCCCTGCGTA,130,60,c
GCCGGGACGGACATGGCTCGCTTGAGGTCTTCAGACCTTGGATTTCTTTG,137,57,d
CGCGTGTTTATAGTATTTCTCACTTTTAACCGCCGTCACTGCCTATCCGT,123,83,b
ATCGGGACATTGGGTTTGTAATAGCTTGGCGCTACTCTGCGTACGGTACA,130,55,c
ACCGGAAATGTGCCGGTGTCAGTGACGTACCCGCTCACGTAGAGATGCTT,132,57,d
AAACATTTATTTTTTGTCGCTTCCATTCTGAATGGATAATGAAAGCTTTT,107,72,a
TCACCCTATACGATAGGCGCCCGGCTGGGGACTACGAACACTGACGTTTA,129,64,c
CGTTGAGAAAGTGGGAGTCGTCAAGCGGACTCAGTTTTATGCTCGAGCTG,132,47,d
GGTGTAGCGCCCGTAGTCTGGGGGGCTCTTATAAATCATTAATTAGGAGA,128,48,c
CCGGGTACGTGTATCGCGACAGAGCACAGTTGATTTCTTAGCCGTGTCCT,132,62,d
CAGCGCATTGACCAGTACCTGTACGGACCATCGCTGTATAAGTCGCAACC,125,70,b
TCGCAAGGCTGCCCCGTGTTGATTCCGGGTGAGCCATCGCACTAGGGGGG,145,50,d
GGATATTGAGTTAGAAGCATCAAAGGTCCCTACCATCGACAAGGTCATAG,117,57,a
TGTGGAATGGGCCGCAGAACATACTCGCCATGGTGTTGTACGATCGAAAA,126,51,c
AGTATCTCTACTCAATTCATTTGAAGCACTCGCAGGGAGATTTGGGGAAT,119,59,a
TACCACATCGCACTCCCGACGCTCTTGGGTAAAATGTTACTCCCTAGTAA,119,79,a
TATAGAGTTGCTCAGCTAGCCATATGACGACCCTACCGCCCGATAGGCGA,126,66,c
TTTAGCCCGACTATGAATCAATGATGGACGAGTAGAATGCCGACGGGTAA,121,51,b
GGTCAATCCTGATAGCTACGTGGTATCACCCGTTTTAATATTGAGATGTG,121,61,b
TTTGCAGGCCCATCGGCAGGAAAATTGGCCTCTGACCGAATAGGACTCTG,129,59,c
GGGTGTTGTAAGCCAAGACATGAGTAATCCCCTACCATTTTTTGGCATAG,121,61,b
ATCGCGTTCCCGTTTGCGTTGGCCCCATCATAGTGATGCCTATTGGAACA,129,69,c
GTGGTATTCATAGGAAGGGGGTTGAGGCTCAAACAGAGAAAGAGGCATAC,125,35,b
TCCAGCTAAGTGACTGTATTTGCGAACATCGTCATGGCTATAGGATTGTC,122,62,b
AGTAACCCCAGTAATCCAGAACAATGGCCGCTAACTGCGAGCGCCGAGTC,125,65,b
GGAACTTCAATAGTATCCTTTTCAAACTCTCTTATTCGCCTCTTTGTATA,110,85,a
CGGCATTTGTGCATCAAAGAGTTCGGTGTAGCAGGTTGGAACCCCATTAG,128,53,c
TATCAATAATAACGACAATGTTCAACCGCTGCTATTGCGCGATCTTGAAC,112,72,a
CAACGACCCTTGGCAAGATTCATTGGCACTATTCCATTGCCCGTACGCGC,126,76,c
TTCCTACACTGTACCATACTCAGGACTTCCTTCCTAGGGTGAACTCTAAA,116,81,a
TCAGACTAGTCTAGTTTAGTATGCCGGGAAACAATTACCGTAACTTTTGG,117,62,a
GAAGATGCCAGAAAGCAATAACAACTACCTCCCCAACCTCCCAAAGGAGG,114,69,a
CCGCTCCACTAGGTTAACCCCTGGCACATCTCGGTCAATCAGTGCCGGAT,130,75,c
CGACAGCTCCGAATACGTCAGAGCTTCGCGCATTGTCCAAAGATAAGGAC,123,63,b
GAGTTGAATTGATTGGCGGACACGCACAGATTATATCTAGATAGGCCATT,119,54,a
ATATCTCTAGTCGGTTCGAGAGCCAAAATTTGTTGTCTATTCTTGCCTAC,118,73,a
AGTGTAACGCGTGTTTGGCTAGGCTAATTCTTCTCTAATATGATCCGGGT,125,60,b
GTTTTATTGTAGACGTATTAAAGGGCACTCAAGTGATGTTCTTTTCTATG,116,61,a
CGTAAGCAGACCTATGATCCTGCTCCTAGTGAGGTGACGGGAAGGTAATA,126,51,c
ACGCGGGCGCCGTGGGCTGACGGACCGACGAATTCCGTCATGGCGAGAGC,146,46,d
TCATTGCATACTTCCCTTCAACAGATGAGTTGCTACACGATCGCAGTGAG,120,70,b
TTTTTAGTACTGAGGCCTCCTCTATGTAGGCGATTTACGATAGAATGTGG,123,58,b
TGCTATCGATACACGGGCATTTCTAAAGGCGCCCGTCGTGCCTCGCCCGA,134,69,d
TGACGTAGGAATAATAACCTGGTGAAAATTGTGATCCCACCTTAGGGGGG,123,48,b
GGAGTGCAAAATCCACGGGCTTCGGAGTTGCGACTTCCGCTGAAAGGCCG,136,51,d
GCTGTGCTATTATGTGCAGCATGAAGCAAAGATATCCAACTGCACTTGTA,117,62,a
AGTTGGATGGGCGTGACTATGAGTATTAGTGTACCAGCTCGACTGTGTAC,129,49,c
TTTCACCATGTCTAGGGTCTCCCACCATTACCGGAAGATGGCAAATAAAT,116,71,a
ACACACGCCATAGCTCCGGTGGCAAGTAACTAAGGATGAACTTTGGTCAC,122,62,b
GCTAATCTTTTTTATTAACTGACGCACCACTTCAAATAGTAGTCAGGCCA,111,76,a
TAAAGCGGGATCATTTGACGCGTTTAGCTGTTGCTACTGGTACTGTTTTG,127,57,c
TCGCAGCCTCTGACAATGTTTGCTTATCCGACTCGTACCACATCCGGGCA,127,77,c
AGAATCTGGTCAGTGGTTGGGTTTACGTAAAGTAAAGATAACGTACTCGC,120,50,b
CAGACCCTGTCAGGATCATGATGCTTCGGGGCCGTGGCCTTTAGTCGGTA,137,57,d
GTTCAGCCTTGAGACGCCGGCGGATGCCGTGGACTTTTGATTCCTGGCCT,140,60,d
TGGTAAACCAAGATCAATCATCTTTATCCCAATTCAACATTGGGCTAGAG,110,70,a
TAGGGACCCGACTCCCTTCCCGATACACATATAGGCATCGTAGACTGAGT,124,69,b
GCCTGTTTGTAGAGACCCCTAGATAGGCGCAATCCTAACGGGTACATATT,123,63,b
CAGTTGACCCACTATAAGATGTTGGCCGACCCGTTTGGAATTAAACAAAG,117,62,a
AGTCGCACATACAATAGAATTGTCACATCGTTCACGTGGATAATCGTGCA,115,65,a
GCTTGATATGCATCACTAGGGGCCCAGCATGTCGTATGTGCAAAAACCGT,125,60,b
CCTGACCTGCTACCTATGCCACACGCAGCCGCAGATAGTCGGAATTATCG,127,72,c
CCAACTTGAGGTTTAGACTACAAAGTGCATTCCGTCCGCACTATTTATGG,119,69,a
CGTAAAATAAATTAGACGTTAGTACAACAGTTCTAGCTGTTCCCTGACAA,108,68,a
ATAAGTCTACATAGCAGATGTACCTGTCGTTTCATCCCAAGGCCTGTAAG,118,68,a
TTTAGAAGGGAACCCCTGCTGGAAGTCAATGCTAGGCGGGCCTTTATAGG,130,50,c
CACTAATGGGCACTACTACCCGATTCTTCTCCCGATGCCAAAATCACCAC,117,87,a
AATGAGCCCAAAGTTTCGCTCAAGCACGAATATTACGCTGACTTACGGGG,121,61,b
GCGGCAAAATTATCTTGCTACGGTAGAACGACTGTTTTCCCACTTAGAAC,118,68,a
ATGCGCCCAAGGGCCAGTTGAAAGTGCACTTTGCTACCAGTTTGTCCTTT,127,67,c
GTAGGCAGTCGCGTGGGACAAATCCTGGGAGTAAATATAGCGACTTCTGA,127,47,c
GGCGGTCTGGGTGATTCGGACGAACCTCCCGCTTACTGAACTCTGTATAG,134,59,d
ATCTTTTCGGAATGCTAGCTAGTATGATAGTCAGTATTCTTTAAGATGAT,112,62,a
GCTACCTCGTCGCCCAATTTAGTGTCGTGCCCTAGAGGCACCAAGAGGTG,133,63,d
CTGTTTCCACACCTTCGGGCACCGATAGACGGTTCGGGAGTCCGGGGTAG,140,55,d
GCGAGCTGTTCATAGTGAGGGCGCAAAGAACGATGGGCAGGTCGAAACAC,131,41,d
TATAGTTAGCGTCATCCCTGGAAGGCCCAACTGGCTAGGCTAAGCACAAG,125,60,b
ATATGTTAGGGTCGATTGCTAGTGATCACTCATGTCCGCCGCTGGGCTGG,135,55,d
GCGATAGCAGAGGTGAGCGCCAATCTAGTGAAATTTCGTTGGTAGGTACA,126,46,c
TGACCCAACTTCACCGAAAACGGAAGCCGTTCTCTTCAATTGGTCCGTCT,122,77,b
CAGCCACTCAGGTATGCCTAGAGGCCACTATGGGGCTTACGCTAGACATC,129,64,c
ACGCACAGCCCGCTAAGCACAGATTGTTATGCGGTAATGGAAGCGAGTGA,126,51,c
TGTTATTGGGATACGAGTACCTATAATTCATAAACGACGGCAACTCGTGA,115,60,a
CGCCGACCGAAGTCTCACCACTCTCCTGGTCCTTTAAGCCTCTTTTCGAT,127,87,c
AGTGACAATTCACTACAGCTTACGTGGTAGTTATAATGCAGAGCAGCTAC,116,61,a
CCTCATCCACTCGTACATCTAGCCTTAATACATGGTTGAGCTCAAAACTC,114,84,a
CGGTTGTTGTTTTTATACGAGTGAGGTCTGGGAAACAGATGTAGGGGGTG,134,34,d
GTCTCGAAACCTGGTCAGGTCAAATAGGTCAGCTCGCCTGCCAGTACATC,127,67,c
ACGATTTGCCACGGCTTGGATGTCTGTTGACCTATCTGGCCGACTGATAG,131,61,d
AGTGCAATCTCTTGCCGATAGCCTTTTTCCTCCCACCTTATAGTCGGATA,121,81,b
TCGTCTGGGTGCGGTACAGCCCTCAGCTCACGGTACGTGTCTCTAGTGAG,139,59,d
CAATCTCACCGGCTCCACGAAGCAGTGAACTGGGAGCATCAAGACTTCGA,124,64,b
CTTACTTTAAAAACCTATTATTTACGTGGTAACAAGACTAACGGCCTGAA,106,71,a
TCGTGTTCTCTTGTGGTGCCATTGTCGCTTTGATTACCCTTTGTACCACG,130,75,c
CCTCCTCGACATACAATGCGTTATTCGCGATGATCATATATAGGGTCCAG,120,70,b
TGCCGATCCGGAATAAAAGAATGATGATCAGGCCACACAGTCAACACTGC,117,62,a
GTCGGTTGTAAGACGCGTGGGAAACGTGAATAATGGGTAGCACGTTTGGT,132,37,d
CGCAGTTATAATTATGGTGCGTCTAGGATCAGCACACCATCAAATGGAGC,120,60,b
GTCAGCCGTCTGCAGGATTGTCCATATAGGACAATAACGCCAGTACCGAA,122,62,b
GTATGTTAACGAATGTCGTGATCTACCGATCTGACAAGTCGTTCGGCTGC,126,61,c
CCTATACTATCCGCCAGCGGACCACAGGCAAGGTAATAGATATTGACTTG,120,65,b
