,Seqs,True,Preds
0,CCAATTAACTTAGCTCAGAC,0.0,0.0
1,AGATTATATGTTCACGAGAT,0.0,0.0
2,TGCGACGCGGCGTGTGCCAG,1.0,1.0
3,TTCATGTATTGATAAATACC,0.0,0.0
4,TTGTTCAGTCTGGGCCTAAT,0.0,0.0
5,GTAGTTTGGTTCTCATACTC,0.0,0.0
6,TCTTGTCATCTAAGAAAGTG,0.0,0.0
7,AATAGCAGACCAATACAATT,0.0,0.0
8,GCTTAGTGCTCGGTAGTGCT,1.0,1.0
9,TGAGCGAGGGCGTGGGAGAG,1.0,1.0
10,TAGGTTTAAACCTATATTTT,0.0,0.0
11,TGACATCCCTACGATAGCCT,0.0,0.0
12,CTAGTCGCAGGTAGCACGAT,0.0,0.0
13,GGCGGCAGCGCCAAGAGAGG,1.0,1.0
14,TGTCTGGCACAAGTTCGGTC,1.0,1.0
15,CCGTTATGGGGCCAGGCGTA,1.0,1.0
16,GGCAATAATTCTACACATAA,0.0,0.0
17,AGACGGTGCCCCCAATGGCG,1.0,1.0
18,TATAACGGATCGAACATCTT,0.0,0.0
19,TGTGAACTAGAGGTACAAAC,0.0,0.0
20,ACAATAGAAGCTACCCTTAA,0.0,0.0
21,CGCAAGTAAAGTGACAGCAA,0.0,0.0
22,CTGAGAGGTGTCAGCCCAAC,0.0,0.0
23,CGACTAGTGGGCCACAGACA,0.0,0.0
24,TCGGGAGCAACGTCCCGCGA,1.0,1.0
25,GAGATACGGCCAGTGGGAGT,1.0,1.0
26,GATAATATGATTCGACTTTG,0.0,0.0
27,AGCCAATTCGCAAGGAGAAC,0.0,0.0
28,CGGTGGGGATAATAGCGTCC,1.0,1.0
29,CACGTCGGATACGCCATCCT,0.0,0.0
30,TTGTACGTAGCCCATAGTTC,0.0,0.0
31,GGGGCAACTGATGAGGTCCG,1.0,1.0
32,GTGTACCGGATACTATGGTC,0.0,0.0
33,TCCACTTAACGTTTCAATAT,0.0,0.0
34,AAGGCGTCGAGACGGGCTTC,1.0,1.0
35,AGGCGAAATTATCCTTCGCT,0.0,0.0
36,TCAACTATCTGGTGTGGCAC,0.0,0.0
37,GGTTCCACTCTGGACCTGCG,1.0,1.0
38,GAAAGGATCACATCGTCCGT,0.0,0.0
39,CGTTCGAGGGTAAGGGAAGA,1.0,1.0
40,TGAAGCAGTCACGGGCTCTA,0.0,0.0
41,TCGGAACGTATCATAGAAAG,0.0,0.0
42,CTTTATACCATTAAGCCTAG,0.0,0.0
43,TCCGGCTTTCGCGATAGAGT,1.0,1.0
44,TGACGATCCTGGTGAACTAG,0.0,0.0
45,TGCAAGACGATTGTGCTACT,0.0,0.0
46,CTCGCCGTAAATCGCCATCC,0.0,0.0
47,GAGTAGCAGACCACGGCCGC,1.0,1.0
48,GCAGAATAAGACGATTTTAC,0.0,0.0
49,CAGCCTAATAGAGGCACCGC,0.0,0.0
50,TAGGTAAAGGGCTTTATTTG,0.0,0.0
51,TCCGGAGCGGAGTCAGAGAG,1.0,1.0
52,CCGAGCGTCATATAGGTCGC,1.0,1.0
53,AGCTGAGTACACGGCAGGAC,0.0,0.0
54,TTGCGCTTAGGGCACCACAC,0.0,0.0
55,AGACGGAGTTGTTATCCTTC,0.0,0.0
56,TGCAAAAGTGCTTGCGGTTT,0.0,0.0
57,ACTTTTATTGAATTGACGGG,0.0,0.0
58,CATCCCGGGGATTCGCTGCA,1.0,1.0
59,TTTCCAAATAGAAAAATTGA,0.0,0.0
60,ATAGCTAAATGAGCCCTCGG,0.0,0.0
61,ATAACACATGAGGACCCACT,0.0,0.0
62,AACTAAATTCTTTTCCGTAT,0.0,0.0
63,TAGCAAAGTCCGTAAAGGAA,0.0,0.0
64,TACACGGGGAACTGCGCCAA,0.0,0.0
65,CGCCTTTGAATTACATGTAC,0.0,0.0
66,ACGTGAGGATGGTGCGAGGA,1.0,1.0
67,GTCAATTTACTTCCAGGGAC,0.0,0.0
68,AGTTCCAGTCGTCGTATAGC,0.0,0.0
69,GTGATTAGAGATGTCTGTAA,0.0,0.0
70,ATACATGAACAACCATGTTA,0.0,0.0
71,GTGTGGTAGCGGGTCACACG,1.0,1.0
72,GAACACTCAATGGAAAAGTT,0.0,0.0
73,AGACATCGCTGGACGACGGG,1.0,1.0
74,CATCTCCGCAGCTCACAACG,0.0,0.0
75,GCAGACGAGAATGCAGCTCC,0.0,0.0
76,CGTAAACTCTCGGAAGGGTA,0.0,0.0
77,TTTCCGCATGGAAGCTCCCG,1.0,1.0
78,GACCATACTGCAGTGGTATA,0.0,0.0
79,TATGAATAGTTTTAAGGAAC,0.0,0.0
80,AGTAGGAAACGGCAGGAACT,0.0,0.0
81,GCTCCTCGACCGTGTGATTT,1.0,1.0
82,TGTAGGCTGAATTCGGAGGA,0.0,0.0
83,TAGTAATCAAGTCGACCGGT,0.0,0.0
84,CAACTGAATACCGATTTCTT,0.0,0.0
85,TAGGTGCATGGACAGCCGTA,0.0,0.0
86,GACGCTGGTAAAGGACCTTA,0.0,0.0
87,GAATTGCGCATTCATGCTTG,0.0,0.0
88,CGGCCCCTAACCTTCTCGGT,1.0,1.0
89,ACGCATTCTATGCGAGATCA,0.0,0.0
90,AAAATAACTCCCGCATTACC,0.0,0.0
91,GCCATGCTCCGCACCAGCGG,1.0,1.0
92,GGAAAAATAGGAACGACAAT,0.0,0.0
93,CTCTTAAACTCTTAGACTTG,0.0,0.0
94,GTTAAAATTGACGTAGCCGA,0.0,0.0
95,GTACCTTGGCCGATCCAGCG,1.0,1.0
96,GGGCTGAGATCTAGGGACCA,1.0,1.0
97,CAGTCCCCCAACCTAACAAG,0.0,0.0
98,CTCCCGATGAGAGAAATACA,0.0,0.0
99,TAAGTTGTCGACAAAGGTGC,0.0,0.0
100,AGGCGTACAGTCTCGCTGCT,1.0,1.0
101,AGGGACAAGTAGCAGCTGTG,0.0,0.0
102,GCTCCGGAGGGACGGCCCCA,1.0,1.0
103,ACTCACATTGGGGAGGTTCC,0.0,0.0
104,TTAATATGTGGTCACATGGC,0.0,0.0
105,GGGAGAGACATAGAGTGGAG,1.0,1.0
106,AGAGCATAGATCGACAGCAG,0.0,0.0
107,CCACCGCTTGATCTTCACCA,0.0,0.0
108,CCGGTTATCTCACTACTCCC,0.0,0.0
109,CTCCAGCCAACATGTCCACC,0.0,0.0
110,TAGTGAAACAATCCCAAGCA,0.0,0.0
111,CTGAAAGTTGTCCATGCGAT,0.0,0.0
112,CGGGCAGAGACGACTACGTA,0.0,0.0
113,CGTGCCTGTCGGGTACGCTG,1.0,1.0
114,CAGTCCCGGACAGCGTGGAT,1.0,1.0
115,TACGTCACCCATATTTGATC,0.0,0.0
116,TATCGCTGTCTGTGCTTTAC,0.0,0.0
117,CTCCCGAGACAGGTGAGAAT,0.0,0.0
118,AGGATGACCTCGGAGACTGT,0.0,0.0
119,GCGCAAAGGGCATAACCGGC,1.0,1.0
120,CCGTACCTGGAGAGTACGGT,1.0,1.0
121,TAATAACTCTCGGAGCTATG,0.0,0.0
122,GCGCTGTGGCGAGCACCTTC,1.0,1.0
123,CCGTCTGAATCTAGTGGTAG,0.0,0.0
124,GAAGGCGAGAATCCCCGGTA,0.0,0.0
125,GTCAGCGAGCTCTGTACTCT,0.0,0.0
126,TATTGCTGATCTCCGGCCTT,0.0,0.0
127,CAGACACTGTGCAGAGCCTT,0.0,0.0
128,GCTCCTCACCAAGACATCGA,0.0,0.0
129,CAGTACATAATACGCTCGGA,0.0,0.0
130,AACCAAACGAAGTGACAAGC,0.0,0.0
131,TATATGCCTCAACCACCCAC,0.0,0.0
132,GGGGAAGCTGAAGTTAGCGT,1.0,1.0
133,GCCGTTACTATTAAAAGGAG,0.0,0.0
134,GACATCGTAAAGGCTATACG,0.0,0.0
135,CCTAAGACGTGGCGGTGGAT,1.0,1.0
136,ATTTACACGCTCGACTGCGT,0.0,0.0
137,GTGAGTTTACTTAGATCCTG,0.0,0.0
138,TTCCTCGACCGGTTCAATTA,0.0,0.0
139,AACGCAGAGATCGTCAGGAG,0.0,0.0
140,GGGGCCTAGGTATCTGTCGG,1.0,1.0
141,TCCCCTCGCTTTGACGGTGC,1.0,1.0
142,TCGGGCCCCAGACTCGTTCC,1.0,1.0
143,ACGGAGAGACTGGTAAACTC,0.0,0.0
144,GAAATATTATTCGTGAGGAA,0.0,0.0
145,AGTCATAGAGACCTCACCTA,0.0,0.0
146,GGGCGCGCACTTTACGCCCT,1.0,1.0
147,CCTCGTCTGTCAAGGAGTCG,1.0,1.0
148,TCATTACCGAGAATGATCAA,0.0,0.0
149,AGATGAGTGAGGTGGAGCCG,1.0,1.0
150,GTCCTCGGTCTTAAGCTGCT,1.0,1.0
151,GTATACAATCATGATCAAAC,0.0,0.0
152,ACTCCCCTCTTCACACATTG,0.0,0.0
153,TGGGTGTTGACCACCGTAAT,0.0,0.0
154,TGGCTCTCCAGCTATCCAAG,0.0,0.0
155,ATCGTCGCATCCGCATCCTT,0.0,0.0
156,GTTCCTGGTGTAACGAAATT,0.0,0.0
157,CCCTAAACGATCCATTGACT,0.0,0.0
158,CTCCTCGCGTAAGTACTGCT,0.0,0.0
159,AATCGACACAGAGTGAATCA,0.0,0.0
160,AACCCTCTTGCATCGTAAGG,0.0,0.0
161,CCGCGTAGGGGGACGAAACG,1.0,1.0
162,GGTGTGGACCCGGGGCCGCC,1.0,1.0
163,GTATTCTCGAAACCGGCATG,0.0,0.0
164,ATATCCATGGCTAATTACGA,0.0,0.0
165,GTTCAGATTCACCTTGCTTG,0.0,0.0
166,GTCGGCTAGCCATTAGTTGT,0.0,0.0
167,GCCTCATCAATATCGTCAGG,0.0,0.0
168,CCTGACTACTCGATAGATAA,0.0,0.0
169,ATGACGCATATCAATCGGCT,0.0,0.0
170,TAATCCTATTTACATTACCT,0.0,0.0
171,AGTCCCTCCATGTGGTGTGA,1.0,1.0
172,TGGGCGGGTACTAGTTATGA,1.0,1.0
173,GGGCAATTGACCCGACTTAC,0.0,0.0
174,CAGTGTACCATCCCTTCTGA,0.0,0.0
175,ATGAGTCCCTGTCTAGCCGT,0.0,0.0
176,CTCTATCATAGTCTGGCGCT,0.0,0.0
177,CCCGGGCTATAAGTTCCCTA,0.0,0.0
178,CGTTGTCGTCGGGCATGTCG,1.0,1.0
179,GAGGCTCTGCAGATGGAGGG,1.0,1.0
180,GAAATACACGTCCTACGGCG,0.0,0.0
181,TCGATTCCCCGAGATAGAGA,0.0,0.0
182,TAGTCACGGTCTTACCTCAT,0.0,0.0
183,GAGCAAGTCATACAATATAA,0.0,0.0
184,TTCAATCAGACTTTTGGGCT,0.0,0.0
185,GTCCTAATAGGGGGCGTATG,1.0,1.0
186,GCGATACGGTGAAAGTACAT,0.0,0.0
187,CCCGCGGTAACCTTGGGCGC,1.0,1.0
188,GAGTCCGGATTATCTGAGTG,0.0,0.0
189,AGTACTATCGTCTTGGGGAG,0.0,0.0
190,GCTGATAGTTTCCAATAACA,0.0,0.0
191,TTACCAATGGAAGCGGTAGG,0.0,0.0
192,TGGTGCTATGCAACCGTTAT,0.0,0.0
193,TGGGCGCGAGCGCATCTTGA,1.0,1.0
194,AACATGCTCATGATGGGCGC,0.0,0.0
195,CAGATAAAAGTTCTCGGGGT,0.0,0.0
196,AGACTGACCCCGGTTCACTG,0.0,0.0
197,CAAACCCCCCTTGTTAAGGG,0.0,0.0
198,AAGCAAGCATAGTGCAGTCA,0.0,0.0
199,CCGACTAAGCCGGAACAGGC,0.0,0.0
200,GAATGTGCCTTTGGTGGTAA,0.0,0.0
201,CTAACCATGTGCGCGGAATT,0.0,0.0
202,GCCTCAAGTCCGAGACAGGC,1.0,1.0
203,TATACTCGATGGCGTGTTAG,0.0,0.0
204,GTGATGCAAAGTAGTTATAA,0.0,0.0
205,GGACTGTATCTTTATAGAAG,0.0,0.0
206,TGAGCTCACGCTTCTTTCTC,0.0,0.0
207,TTAAGACTGCAAGGATTCCG,0.0,0.0
208,GCGACTCACTGATAACAGCT,0.0,0.0
209,CACATAATGGGTAGCAGGCG,0.0,0.0
210,CGAGATAGCGGGGTAAGCAA,0.0,0.0
211,GGAGCAATCATCACGGCTCA,0.0,0.0
212,TCTGCGCCCATGGGTGTACT,1.0,1.0
213,GACGACATGCAGCGTAGGAC,0.0,0.0
214,CTTTTGCGTCTTGGAGAGGG,1.0,1.0
215,CATGCCAGCGTTGCTTGGAA,0.0,0.0
216,TTGGGGAGGGAGTGGCCACA,1.0,1.0
217,ACTACCCACGGAGAATCGCA,0.0,0.0
218,GTAGGGGCTTAACTCGCTTG,1.0,1.0
219,TCAGTATGCACACTTGATAG,0.0,0.0
220,GGTAACTGACCTTCTGAAGA,0.0,0.0
221,GTTCGAACAAAGAAGGACGT,0.0,0.0
222,GAAGCGACTCGCGTAATAAG,0.0,0.0
223,CTGACGATGTCCTTTCACCG,0.0,0.0
224,GACCCCCGGCGGTGATCGTT,1.0,1.0
225,GCCATCACAGATGTTCCGGA,0.0,0.0
226,ACGACCGTTATTTAGTGAGG,0.0,0.0
227,TGGTGAGTGCCTGTGTTAGC,1.0,1.0
228,CTAGTGGTAGGTAATTTAGT,0.0,0.0
229,CCCCGCTTACCAGCGTACTC,0.0,0.0
230,CCAATCTTATCAATATTAAC,0.0,0.0
231,GAAACACAGCCCTCGTCGCA,0.0,0.0
232,TTGTTTAATTCGAATGGGGT,0.0,0.0
233,GTGCATGAAGTCTGTGTTCG,1.0,1.0
234,ACGGGCAAGCTTGCCTACTC,0.0,0.0
235,GATACTAACTCTGTCACGAG,0.0,0.0
236,CAACAATGAAACCCATATAC,0.0,0.0
237,GTGGCGTACTCTCACTACAC,0.0,0.0
238,TAAGGCGACACCAAAGTTGG,0.0,0.0
239,GTAAAGGCAGAACACAATTA,0.0,0.0
240,TGTAGTTGTCGTCCATCTAT,0.0,0.0
241,GCTAAAGTTAACTCCAGCCA,0.0,0.0
242,TAACCGCGGGCTATCTGGTT,1.0,1.0
243,CAAACCACTTGCACATTTGA,0.0,0.0
244,TGGAATCTGATCACACGTGG,0.0,0.0
245,CACTCGACCTCACATTTCAC,0.0,0.0
246,TCCCTCCGGCCGGGTATAGA,1.0,1.0
247,CTGTTGTAAAGAGAATCCTT,0.0,0.0
248,CTTGCAGAGAGCATATCGTG,0.0,0.0
249,GACCAAATCTAACTGAGAGT,0.0,0.0
250,TACAAGAGTTAAAGTGCACG,0.0,0.0
251,TCAGGCCGCATTGAAGAAAG,0.0,0.0
252,CAGGACAGCGTTCAGAGTCC,0.0,0.0
253,GGTAGCCTTGCCAACCATTC,0.0,0.0
254,AAACGGCAACACCTTACTCA,0.0,0.0
255,ACCTGTGTTCACGTGTAGTG,0.0,0.0
256,CCAGCTGAAGTCACCCGTCT,0.0,0.0
257,TTACATCAATTAGGACTCGG,0.0,0.0
258,TTAGAAGGTATGCCAAAGAG,0.0,0.0
259,TGATGTAACTCGGATGTGAG,0.0,0.0
260,CATGGTGTCTCAGAAACCCC,0.0,0.0
261,TGTATACCTTGGTAAAATAT,0.0,0.0
262,TGTATCAGGCCGCGCCAGCG,1.0,1.0
263,GTGGAACCCGGCGACGAGCA,1.0,1.0
264,TTGCAAACGGTAGTTTTCTC,0.0,0.0
265,GTGTTTGATACAGGGGGTGA,1.0,1.0
266,CGGTGTCGACGAGTAAGCCT,1.0,1.0
267,ATGAACGCGATTTTAGAGGT,0.0,0.0
268,AGTTGCCAGCCGTGGACAAA,0.0,0.0
269,CGTAACTCGTCCTCTGACGC,0.0,0.0
270,TGCTCGGCTTAAGTATTTCT,0.0,0.0
271,CCTAGTCGACTGACGTTCGT,0.0,0.0
272,TTACCGTCTGGGGACTACGA,0.0,0.0
273,TGTGCCACCGTTAAAAATAT,0.0,0.0
274,TGGTGTGCATGAATCCTAAT,0.0,0.0
275,AACATGATGTGCGATAACGC,0.0,0.0
276,GGATCTACCGAACACGGTCC,0.0,0.0
277,CACCCCGAATATAGTTCAAC,0.0,0.0
278,GCTAATGCAGAACATGAGTG,0.0,0.0
279,CGTTCTGTCACGTCGGGCGC,1.0,1.0
280,ACCGCGGCGGGTCAGAAGAG,1.0,1.0
281,CAATATTTTTCTTGATGAAC,0.0,0.0
282,AGTGTGGTAAGAGTAGCTAA,0.0,0.0
283,GTAAATAGGCGGGCGACTCG,1.0,1.0
284,CCATGTGTCGTCAATCGCAG,0.0,0.0
285,GATGACACGCGTGTGAGGCA,1.0,1.0
286,ATTACTTCACGCACAAGGGA,0.0,0.0
287,AGGGGCTGGTCGTTTTGCGC,1.0,1.0
288,GTACGCGATATTCGGGCCCT,1.0,1.0
289,CCTGCCCATGCACCGTACGT,1.0,1.0
290,AGTGTTCGTCGACACTGACC,0.0,0.0
291,AGGCAGTAACCGATCCGAGC,0.0,0.0
292,TGCCTTCTTTGTGGCCTCCA,1.0,1.0
293,CCTAGCAGTTATCTGGAGGT,0.0,0.0
294,AAGCTAGAGACTAAGAATAG,0.0,0.0
295,TCACGCGTAAGTAGCGGGAT,0.0,0.0
296,CTAAGAAGAAGTCAGTCCTT,0.0,0.0
297,CCCGTTGGATGTTTCAGTCC,1.0,1.0
298,CTGTCGTGGAGCCCGCGTAC,1.0,1.0
299,TCGCCAAAATCCACTCGCCT,0.0,0.0
300,TTCACAGCTGGTACTCCTGG,0.0,0.0
301,GCGATATGGCCTGAGCTCTC,1.0,1.0
302,GCTACATTGTCAGCACCTAA,0.0,0.0
303,CTACCCATTCACATATACCT,0.0,0.0
304,TTCGATCCGCGTACAGCTCG,1.0,1.0
305,AAACGAAATCGGGTGCAAAC,0.0,0.0
306,ACTAGGCATCATAGTTTCAG,0.0,0.0
307,ATGCTAATAAAAATGACAAG,0.0,0.0
308,ACGGTATATAGCCTGCTACG,0.0,0.0
309,CAGCCTATCATCACGGAAAG,0.0,0.0
310,CGCTCAAAGTTGCGTCTCGT,0.0,0.0
311,TGTACTACAGTTAAGTCCTA,0.0,0.0
312,TTCGCTCTCTTTCAGGACGC,0.0,0.0
313,AGCCTGCCGTATAATTAAAG,0.0,0.0
314,TGGACCATTGAAACATGAAA,0.0,0.0
315,CAGGACTTCTTCAGTAATAA,0.0,0.0
316,AGGGACTGAGCTAGAGAGCT,0.0,0.0
317,GCCGCCGGGCTTGTAGAAGA,1.0,1.0
318,CTCCGTCACGAAGAGCTAAT,0.0,0.0
319,GACGATCACCAAAAGTGCGC,0.0,0.0
320,GATACGGAGGCAAATGTAGA,0.0,0.0
321,CGCCCGTCCTGGTCGTCAGC,1.0,1.0
322,AAAGAACACATACTCGGATC,0.0,0.0
323,GAGCAAGCGTGTTTGACCAT,0.0,0.0
324,TTGTAGACGGATCAGCAGCC,0.0,0.0
325,TCAGTTCGATGCCTGACTTG,0.0,0.0
326,CCCCATGTACTTGATTTAAT,0.0,0.0
327,TGTATTAGGTGGCAACAGGA,0.0,0.0
328,GTAGCTGAATCAGTGGCAGG,1.0,1.0
329,GGATACCCGCGGCCACTTCT,1.0,1.0
330,CACATATGGTTCACCTCTGT,0.0,0.0
331,CGACCCTGCCGTCCACCTCA,1.0,1.0
332,CAATAAAGAATCGAAATCTG,0.0,0.0
333,GAATTACTAGCACTCAGCAG,0.0,0.0
334,GAAGGTGCAAACTCTACGGT,0.0,0.0
335,GTAAGATTTTAGGCTCTTGA,0.0,0.0
336,TGTCCGCCTCATTCTCGAGC,1.0,1.0
337,GTATAAACGTCACCCTGTCT,0.0,0.0
338,GATCCGACTCGGCCGTCTGC,1.0,1.0
339,ATTCCCACTTTATGCAGGAC,0.0,0.0
340,CTGTGTAGAGAGCGCGCGAG,1.0,1.0
341,GTCAACAGGCCGATCCTGAT,0.0,0.0
342,GCCCAAGCTATGGCCTAGTG,1.0,1.0
343,CTGGATCTTATTTGGTGAGG,0.0,0.0
344,GTGAGCGTCAGTTTTTTTTT,0.0,0.0
345,AGCGATGGCGTTTTTCGCAG,1.0,1.0
346,CCTCTTATGGGGAGCCACTG,1.0,1.0
347,CAACTGGGCTGGAGTTTGAA,0.0,0.0
348,AAGAGAAGAGCTGGACACGC,0.0,0.0
349,GTTTCAATATGTACCTGGGA,0.0,0.0
350,CGGTAGGTGGTAAATTTGTG,0.0,0.0
351,TCCTCCTTTGTTAACCAAGG,0.0,0.0
352,AAGAATTAAACTCCTGGCGT,0.0,0.0
353,ATATGAAGCCTCTAAGCCCG,0.0,0.0
354,CCGAAGAGCCCTATCCCCCT,0.0,0.0
355,CTGATCCGCAGGTGGGGGTG,1.0,1.0
356,AAGACTGGGGCGTACTGCGC,1.0,1.0
357,ATCGCGATGGCGGATGGTTG,1.0,1.0
358,ATTCATTGACTCTCGGTACA,0.0,0.0
359,CCTGTAAGCAATTTACTTGA,0.0,0.0
360,CGGAGATACCTGTGGATCGT,1.0,1.0
361,GTTGGTCAAAGTGCATCAAC,0.0,0.0
362,GTTATCCAACTCACTCGCAC,0.0,0.0
363,TCTAGTCAAGTTCCCAACTA,0.0,0.0
364,CTCTCATGGGCAGTCTAAAC,0.0,0.0
365,GCTACTTTACTATGCCATGA,0.0,0.0
366,GAGCGTCCCTAGCGGGAACT,1.0,1.0
367,TGACCCCTCATCAATTGGAT,0.0,0.0
368,TCTGCCTGTTACAAATGCGG,0.0,0.0
369,CATGGGGACCTCAGTAGTAA,0.0,0.0
370,GCCCTTACCACGAGACCAAT,0.0,0.0
371,ATTAATGACTCCTACATAGC,0.0,0.0
372,GAGAAAGGATGCTCTGAGTT,0.0,0.0
373,GTAACGAGCCGAACGAAATC,0.0,0.0
374,GCCCGCATGCTAAAAAGTAA,0.0,0.0
375,ACGGTAGGCTAATTGGGGAA,0.0,0.0
376,GACGAACAGGAAAAGGAATA,0.0,0.0
377,TGGTCTGCACTGCAAGCACA,0.0,0.0
378,CAGTCTTTGGCGTAACTCTT,0.0,0.0
379,ATTGGGTTTTGGCTAAGAAG,0.0,0.0
380,CGTATTATGACTCCTCTACG,0.0,0.0
381,GACCGGTCGATCTAGCGTAA,0.0,0.0
382,GGCTGTACTATTTCCTAGTG,0.0,0.0
383,CCATGAGTAGCAATTTGCGC,0.0,0.0
384,TCCTCGAAAACGCACGAAGG,0.0,0.0
385,GAGGGGCGATACATGCTGAC,1.0,1.0
386,AACACTGGCCGAATTCGCCC,0.0,0.0
387,ATTTCACTTGGTCTCAAGGT,0.0,0.0
388,TCCGTAGGTGGGCAAGTCCG,1.0,1.0
389,AACGAGACTCTCGGCCCTTT,0.0,0.0
390,AACTCACTTGCTAGGTCGAT,0.0,0.0
391,AGGTTGAGGATTCGTGCGAA,0.0,0.0
392,TTCAAAAAAACTGCCGAGTA,0.0,0.0
393,AGTAAGGTTTCACACGCTGT,0.0,0.0
394,TATGTTCCCCTCGTGGTTGT,1.0,1.0
395,GATCCTTGATGCACCATCAC,0.0,0.0
396,TCCAGCTTCAGAGACGGAGA,0.0,0.0
397,TCAGGGGTGATTTCTATAGC,0.0,0.0
398,TTTTTCCGAGATGGTGTATC,0.0,0.0
399,TCGGGGGGTCGTCCCGGGAC,1.0,1.0
400,GCTATGAGTCCAATCCCACA,0.0,0.0
401,CGTCGATTGATACGGTTAGT,0.0,0.0
402,ATGGAGGGAAGGGGCTCCAA,1.0,1.0
403,AACTGGAGCCACTCCCGCAG,0.0,0.0
404,GGGAATAATCTGGCGAACCG,0.0,0.0
405,ATTCTACCCTCATAATCTAA,0.0,0.0
406,CGGTAGCTCCTGGCGTAGTG,1.0,1.0
407,GGTAGGAACCTCCTATGTAG,0.0,0.0
408,ATATCTCCGACTTTTCTGTA,0.0,0.0
409,TTGCTAGATCTCCACATTCG,0.0,0.0
410,ACATATCGTGGGTTGCATAT,0.0,0.0
411,GACAACTGCTCCCGAAGTGG,0.0,0.0
412,ACTCTCCCTATCCATGGAGA,0.0,0.0
413,CTGTCGAAATACATACGTAC,0.0,0.0
414,ACCTGAATCGACTCCTCCGA,0.0,0.0
415,CTTGAAGGGGCATCGTAAAC,0.0,0.0
416,TCTATCCTTTACGGATCTTC,0.0,0.0
417,CCTATTCAGTTCCCGCCGAA,0.0,0.0
418,CGGGACGGGCTCAGTTAAAT,0.0,0.0
419,GACTCTACATCCAACTGAAC,0.0,0.0
420,TTGTCGTGGACAGCGTACTG,1.0,1.0
421,GATCATTAAGACACTTGACG,0.0,0.0
422,GACTTAGCCGGCGTCTATAG,0.0,0.0
423,GCCACTATTAATGTTCGATT,0.0,0.0
424,TACTCCTGGAAATAGAAACA,0.0,0.0
425,TAACGTTCCATCTCATACCG,0.0,0.0
426,AGTCCAGTCCCTTGGGGTAT,1.0,1.0
427,GCAAGAGTTCCTCGCACTAG,0.0,0.0
428,TTGGGCTAGGTCCCTTTGTT,1.0,1.0
429,CAAACTAAATTACGGTTCGG,0.0,0.0
430,GCTGCCGCGTTTGTGTGTAG,1.0,1.0
431,TGACATGGACCGCGGGGAGC,1.0,1.0
432,TGTGTAGCTAGGGATGGACA,0.0,0.0
433,TTGGTCGGTGATCAGCATCG,1.0,1.0
434,ACGAAAGCAAGCGGCACTTT,0.0,0.0
435,GACCCGGCATGCGCTTTCTG,1.0,1.0
436,CCAAGGCATTCGCAGATACA,0.0,0.0
437,GCGCGGATATGTTCCAGTCC,1.0,1.0
438,GCATTAATGCTACTACCATC,0.0,0.0
439,GAGACAAAGGCCCCTTATGT,0.0,0.0
440,CAATAGAGGCTCGGCATGTT,0.0,0.0
441,CTGATTGTATTTGTGAAAAT,0.0,0.0
442,CGACCTCAAAACTCCAAGAA,0.0,0.0
443,TCTTGATAGACGAGTACTGA,0.0,0.0
444,TCCCATGAAAAGGCCCAATG,0.0,0.0
445,ATAGGCGGCGCCAACTCGTA,0.0,0.0
446,GCTAATTATAGTCCATACAG,0.0,0.0
447,GGGGAGCAATGCCGGGCAAC,1.0,1.0
448,GACTAGAAGGCATCAGAGGG,0.0,0.0
449,TTAATCGACCGCGCTCCACA,0.0,0.0
450,TCGCTGCATGCAGCTCTTAC,0.0,0.0
451,CATTTTCAGAGTTGCCATGG,0.0,0.0
452,GGGAAAAGCAGTTGGCTCAC,0.0,0.0
453,CGCACAATATCCTAGGTCCT,0.0,0.0
454,ACCACAGTTCAATAATTTGT,0.0,0.0
455,GTTCCTTAGTTTAGTAGCAC,0.0,0.0
456,CTAGGTGTTGCTCTTCCAGA,0.0,0.0
457,GTAGCTGAGTTTGCGGCAGA,1.0,1.0
458,CGGTTTCTCGCTTCGGCTGC,1.0,1.0
459,CATCAATGTAGTGGAAATGA,0.0,0.0
460,GCTGGGTATGAGTTGGGTGC,1.0,1.0
461,GACCCGAGCTGTGGACAGGG,1.0,1.0
462,TAGGACACTCAAAATCTATG,0.0,0.0
463,CCAGGGTCGTATCAACCTCT,0.0,0.0
464,ACATACAAAAAAAACGTAGC,0.0,0.0
465,TAACCAGTATTGCGGACGGT,0.0,0.0
466,CAGTACGTGCTGGGGGACTT,1.0,1.0
467,GCAGTTCGTGTAATAGACGT,0.0,0.0
468,TAGCATTGCGGGATAGGCTA,0.0,0.0
469,TCGGCGTCTGACGAATTGGG,1.0,1.0
470,AGGCTGGACCTGATTTACGT,0.0,0.0
471,ATGGCTGGTGGGATCTAAGC,1.0,1.0
472,CGTTTACCCAGACAGGACCC,0.0,0.0
473,GCTGCGAGCTTCGGCTATGG,1.0,1.0
474,CGCACAGCCCGTTTGCGCAC,1.0,1.0
475,CATACTATCAGCATTTACTG,0.0,0.0
476,GAGTGCGACAGTTAGATTTA,0.0,0.0
477,ATAACGTCTCTAATACAATG,0.0,0.0
478,ACGGCTCAACAATAGCGCAC,0.0,0.0
479,TGTTGGTTGCACAAACCACG,0.0,0.0
480,CCATTGCATGCCAACGGGAT,0.0,0.0
481,GCGCTATAGGTACACCTGGC,1.0,1.0
482,GCCCCACTTAAGCGGAATGG,0.0,0.0
483,CGCCTTTAAAAATTTTAGCC,0.0,0.0
484,GCCCAATCATAGTGGATCTC,0.0,0.0
485,AATCCAGGACCCCTTCGTTG,0.0,0.0
486,AATTACCGCCACCTCGCGAT,0.0,0.0
487,GTACATATCCATAGTTTGTA,0.0,0.0
488,GGAAGGTTCTGCGACGTCTG,1.0,1.0
489,GGATTTACAGCCCACCGAAG,0.0,0.0
490,GCGTACCTGTTCCCCCTATA,0.0,0.0
491,GAAAGTTTATGCGTGAGTTC,0.0,0.0
492,CATAAGGCTAAGAGACTGGC,0.0,0.0
493,AGGCGAGCACGAAAGCATTT,0.0,0.0
494,TTACTTGGACTCCGCTTTGC,0.0,0.0
495,TCGTATCTGCGCACGGTGCG,1.0,1.0
496,CTTTCCCTGTCCGCCTGACA,0.0,0.0
497,TAAGTGATACCGGCAGTATA,0.0,0.0
498,TGCGAGTGCTCGACAATAAT,0.0,0.0
499,TCAGGGCGCCTCAATATGTG,0.0,0.0
500,CTATAGTCGGGGGATAAAGG,0.0,0.0
501,TATCGTTCTCCCGTAATAGT,0.0,0.0
502,CTTCGATCTGCCTCATTTCG,0.0,0.0
503,AGTCATCTCACGATTGGATA,0.0,0.0
504,GAGAGGGGTGGGATCTCTGT,1.0,1.0
505,CCACCAGTGCACTTGTGCGA,0.0,0.0
506,GATATAACACCCGCTGAAGT,0.0,0.0
507,TACGGTAACTTGGAACCGTT,0.0,0.0
508,ATATCTGAATGACTATCATG,0.0,0.0
509,ACAGAAGGGCTGGTGATGGT,1.0,1.0
510,GGGCGTGTCGAGCCATAGGA,1.0,1.0
511,TGGAGTTTATCTTGGTCCTG,0.0,0.0
512,TCACACTGCGTCGTGTGAGC,1.0,1.0
513,GCCTCCCCGGCTGTCTAGTT,1.0,1.0
514,AGCATAGAAAGATCATAGCC,0.0,0.0
515,AGCTCACGGGACGATACCGA,0.0,0.0
516,GATGGGACTTCCGTGAACCC,1.0,1.0
517,AGTTTATCGGTTCACGCCAC,0.0,0.0
518,TCGCAGCCAACCCTTGGGAG,1.0,1.0
519,AGCGCCTCCATATTCGATTT,0.0,0.0
520,CAAATTGCTACGCGTCGAGG,0.0,0.0
521,GTCACACGTGCTCGAAGATC,0.0,0.0
522,GATCTCAGTCTCAAGCTAAC,0.0,0.0
523,TAAGCGCCCGGGTTCAAGTA,0.0,0.0
524,CCTCTTGGAGTATTTATTAC,0.0,0.0
525,GGACCAGGTCGCTGCTATCG,1.0,1.0
526,TTCAGCCCGTGTTGCGTGAA,1.0,1.0
527,CCGACGCACTCCTCGGCACA,1.0,1.0
528,GACGCTCGAGGTTTTCACTG,1.0,1.0
529,ACGCCATACTGGGTTACGTT,0.0,0.0
530,CCGTGCGATATACATACCCA,0.0,0.0
531,CTGAGGCTCTTGTTCACTTC,0.0,0.0
532,TCAGCGGGTCTTTGATTTAG,0.0,0.0
533,AGGTCGTAAGGTGCACAATA,0.0,0.0
534,TCTGCGTTCCATGCACGGGT,1.0,1.0
535,GGTACCCTACCTGTAGGGCG,1.0,1.0
536,ATACACCCAAGAACCATATT,0.0,0.0
537,GAAGACCAAGCCATGATCAT,0.0,0.0
538,TACATCCGCTCAGATCTTGG,0.0,0.0
539,CCACATATGCCCAGATAAGC,0.0,0.0
540,CTTCACCAAGAGTCGGTACA,0.0,0.0
541,CCATAAGCGGGTCGGCCACC,1.0,1.0
542,CGCAATGACTTGCCGTAACA,0.0,0.0
543,GATGCCCACACTCCCATGAG,0.0,0.0
544,GTGGTGCCCCCTTCGTGCGC,1.0,1.0
545,GACCCGCTCGTGGTTCAACC,1.0,1.0
546,AGCCATATGTCCCCAACTTC,0.0,0.0
547,TACCGCAGCCCAAATTTGGC,0.0,0.0
548,TCGAATCACCTAGGTAGTGT,0.0,0.0
549,TCTAATCACCCTCATGGTTA,0.0,0.0
550,TGCCCAGAGGTTCAGGTAAT,0.0,0.0
551,TTACATTATTAGGTCCCGCA,0.0,0.0
552,GACGGTCCCCTTAACGGCAA,0.0,0.0
553,CCTCTACCTGAGACTCTCGC,0.0,0.0
554,GCCGCTTTTGCCTATTACAT,0.0,0.0
555,TCGACTTCGGCGCCGTGTCC,1.0,1.0
556,GGTAATGCATAGTACAAGTT,0.0,0.0
557,TACACTAAAAGAAACGATCA,0.0,0.0
558,GACCGACTCTAGGCAGAATC,0.0,0.0
559,TGTAATTCCGTGTGGGGGCG,1.0,1.0
560,CGCTCTGCGGTCCGTTGAAT,1.0,1.0
561,AGATTCGCCCGATTACTATA,0.0,0.0
562,CTTAGACGGTGCACAAGCCG,0.0,0.0
563,GAGCCGGTTTTCATTGTTTG,0.0,0.0
564,CCAAGCACTCGTCTGAAATG,0.0,0.0
565,CTGGCGCAGGGCTAGACACC,1.0,1.0
566,AGCAAAGGCCGTTCACAATT,0.0,0.0
567,CGTTAGCGACTACCTGCAAG,0.0,0.0
568,CGGAGCCACAGGAATGAGTC,0.0,0.0
569,ACAGGGGGTCTGAACGCGGG,1.0,1.0
570,AAGTTTTATTGGACATATAA,0.0,0.0
571,AGCCCCTGACAGAAAGTTAT,0.0,0.0
572,ATGTAACACCCCTTGGCATA,0.0,0.0
573,GGATTCGACAGGTAGGATAT,0.0,0.0
574,GCGGTTTTGGTCCATTGAGC,1.0,1.0
575,CTTACTATTGGGGCTCGTGC,1.0,1.0
576,TTGTGTGTTTAAGCATCAAG,0.0,0.0
577,TAAGCATGAAATGTTTTGGT,0.0,0.0
578,TATGGCCCATGTGCCCTTTC,0.0,0.0
579,ATTGGTCACGCTGGGAAGGA,1.0,1.0
580,CGACAAGCCCCTTCTGCGGT,1.0,1.0
581,AGGTAAGAAAGTCACCTATT,0.0,0.0
582,GCCTTCCCCCGGAGATTGTC,1.0,1.0
583,CCCCGGCGAAATCACGTACC,0.0,0.0
584,GGCGACCTCCACACTGGGCC,1.0,1.0
585,ATCTCTATGAACTGAACAGT,0.0,0.0
586,CTGATGCACAAGAGCTCATT,0.0,0.0
587,CCAAGTCGCATGGTACTGGG,1.0,1.0
588,TGTGTTGCCCAGTCGTCGCC,1.0,1.0
589,TCGGTCGAAGTTCTAGTAAT,0.0,0.0
590,TGAATCGGCCCGATCAGAAG,0.0,0.0
591,GAGGCTTTGGGGCTGTCTCA,1.0,1.0
592,ATATACCTCATCAAGTGCGT,0.0,0.0
593,GACCCTGCACTGATCCCCTT,0.0,0.0
594,GAGTCCTCATCGCCTGTTTC,0.0,0.0
595,CGCACCGGCATCTCTGAGCC,1.0,1.0
596,GGCCATAGCCACCTAGGACC,0.0,0.0
597,TAACCGGTGGCTAATCGTCC,0.0,0.0
598,TGAGTCTCCATGACCTGGAC,0.0,0.0
599,GAAATAATTCTGGTCGCAGA,0.0,0.0
600,GCAAGATTGTTACGATATCC,0.0,0.0
601,TTGACCGATCTAGGTGGCGA,1.0,1.0
602,CATTGCGGATACTCTTTTAC,0.0,0.0
603,AAGCGTAGAGGCCTCTACAG,0.0,0.0
604,TTAACTTTAGAAACATCATA,0.0,0.0
605,TGAGGTGCCGCGGCTGCATT,1.0,1.0
606,CCTTCTGAGCATGGAAACTC,0.0,0.0
607,AGCTTTCGCCGAAAGCCGTA,0.0,0.0
608,AGTCGTCACAGAACCCCAGT,0.0,0.0
609,TCCTCTAATACGGCGGCTTA,0.0,0.0
610,CGTGCTAAGAAAATCTAAGT,0.0,0.0
611,TCTCTGGTTCCATTACGGTA,0.0,0.0
612,ACGCGCATTTACCGCGAGCG,1.0,1.0
613,CACTGCCGCTCATAGGACGT,0.0,0.0
614,TGCATGTAGGAACGTCGACT,0.0,0.0
615,GCAGTAGGCTCCCTTATTCG,0.0,0.0
616,GACGAGTAGAAAAGAAACTA,0.0,0.0
617,CTAGACGGTTTCTGCGTGTG,1.0,1.0
618,CGGGGGAAAGGAGAAACCCG,1.0,1.0
619,TGGGGTCTTTTAATAAAGAG,0.0,0.0
620,ATCCCACGGGTCAGCGTGAC,1.0,1.0
621,GGACCTAGTCCAAGAGATTG,0.0,0.0
622,GACTGCTCGAACGCTGGCTG,1.0,1.0
623,ACTACTCTCTACAAAGCAAT,0.0,0.0
624,TTCTCACGGTTCAGTAACTC,0.0,0.0
625,GAGAGTAAGTTCTCTACTCG,0.0,0.0
626,TGTGGGCGCCTAGGGTCGAC,1.0,1.0
627,GAGCCTCACGCCCCACGCCT,1.0,1.0
628,TAGTACTTAACGCTCAAATG,0.0,0.0
629,TCTATACGTTAAAGCGAACT,0.0,0.0
630,TTACGATGGTGAGGTGTTTA,0.0,0.0
631,GAAGCGACCACCTACGGGTT,0.0,0.0
632,TGAAGATAGGGCCTCAGGTA,0.0,0.0
633,CCGGAGTCCTCTTGTCAAAG,0.0,0.0
634,CGCATTTTTCTCGAACCATT,0.0,0.0
635,AGCGTGCTAGTGACACACTA,0.0,0.0
636,AGCTAGGATCTAGCTCTTCC,0.0,0.0
637,CTGAAAATGGGCGAACACCA,0.0,0.0
638,GGTCTCCAATCAGCCCGGGA,1.0,1.0
639,ATGTTCTGCTGATTGGTTAT,0.0,0.0
640,GCCCCGGATAAAAATAGCGT,0.0,0.0
641,TGAACCAAGGTTGCATCCCT,0.0,0.0
642,CTATTCCGCCCGGGCCATAT,0.0,0.0
643,TCAGGGATGGCAGAAAGCCG,1.0,1.0
644,ATCAAGCTCGGTCCAATTAG,0.0,0.0
645,GAACAGCAATGACTTAATTT,0.0,0.0
646,AACCCGTGCAATTCGTCCTT,0.0,0.0
647,AGCCGAGGAGGGAGGGAGTA,1.0,1.0
648,TGCTGAATAGCATACGCAAA,0.0,0.0
649,AAGACTGTATGAGTGACAAA,0.0,0.0
650,CCAAGACTATCTCCGTGGCT,0.0,0.0
651,TTCCCGTTACTCGTCGCCAA,0.0,0.0
652,ACAACCTATTCTACATTTGA,0.0,0.0
653,ACTCCCATGTGACCTCTGAG,0.0,0.0
654,TCGTGGCGCGCTCTACATAT,0.0,0.0
655,CTCAAACAGCTTGAGACCCT,0.0,0.0
656,GATACGTATCAGTGGATCGC,0.0,0.0
657,GAAGCGCGATATGGGAATAG,0.0,0.0
658,GAGAAGGTTATTATACCCCA,0.0,0.0
659,ATACTATGCTCTTTTGTTCC,0.0,0.0
660,CTTTGTAGAGCTCACCGCGG,1.0,1.0
661,AGGCCCTTCCCCATTTCTTT,0.0,0.0
662,ATGAAGTGTTGGTTATATCG,0.0,0.0
663,GGGAGTGAACAGTTGTTGGT,1.0,1.0
664,CTATACTTCAATAATCAAAG,0.0,0.0
665,TTGATGACCGCTGGAGCGAG,1.0,1.0
666,ACTGAGCACCTGCTATTTAG,0.0,0.0
667,CCTAAAAAACATGGACTTAC,0.0,0.0
668,GATGGTATGGGTTCCATTCG,1.0,1.0
669,TTCTTGCCTACCCTATGCAT,0.0,0.0
670,AATTTCATGTTCCGAGAACC,0.0,0.0
671,AGAAGCAGAGTTCCCTTCGG,0.0,0.0
672,CCCCGAACTCTGCTACCTAT,0.0,0.0
673,CAAGCATTAACGTTGCGGAC,0.0,0.0
674,CATGGCCGGAACCACGCGTC,1.0,1.0
675,CAGGTCGACCGAGCACACTT,0.0,0.0
676,CATTTCGGGGAGCCTCCGCT,1.0,1.0
677,GTGGATCAGTGTATGGTGTG,1.0,1.0
678,CTCAGCGGACCTCATTTGTC,0.0,0.0
679,TTCTTCCTAGACGTCCACCC,0.0,0.0
680,AGGTAGCCGCAGGTGCCCTC,1.0,1.0
681,ACCGTTAGAGCTGGGATATA,0.0,0.0
682,GCTTAGGGTTTAAAGTTAGT,0.0,0.0
683,AGCCATTGAACGCAGGCGTG,1.0,1.0
684,GTGCACTCCACTCGGTTCGA,1.0,1.0
685,CGGTAGAAATCCATTAGTTC,0.0,0.0
686,GCACGTCACCTATCGTACTA,0.0,0.0
687,GGAAACATAGGGAATCCGGG,0.0,0.0
688,AGATACGGAGCTCTGTGTTC,0.0,0.0
689,ACCTGGTTACACATCGTAAT,0.0,0.0
690,TTCGTTGCCCAGGAAAGGGT,1.0,1.0
691,GGTCGTTATACTGCCAAAAA,0.0,0.0
692,TAGATTTTAGACAGTACGAC,0.0,0.0
693,GGCATTCAACCTCGTAGAGC,0.0,0.0
694,GAACTATCTTATCCGCATCG,0.0,0.0
695,ATTGGATGGTGCCCGTTCCA,1.0,1.0
696,TGAAATGGAATCATAAACCT,0.0,0.0
697,ATAGGGCGCACGGTCAGGTG,1.0,1.0
698,GCTAGGACGAGTTAATATTA,0.0,0.0
699,TCGGTGGTAATGCTTGCTCT,1.0,1.0
700,CCTGTGACTCACGTTAGGAC,0.0,0.0
701,AAGACAAGAGTGCCATCATG,0.0,0.0
702,CCCGGAAGTGGGCGGTGGAA,1.0,1.0
703,GCGTGAGGGGGACAGATTGA,1.0,1.0
704,AGCATCCGGATTCTTCGGCC,1.0,1.0
705,AACGTGTTGTGCACCGGATG,1.0,1.0
706,TGTCACGGAGGTAATAAGAC,0.0,0.0
707,AGATGCCATGGTGCGGACGG,1.0,1.0
708,TCCGGGCGACTCAACCATGC,1.0,1.0
709,TTGAGGACTAACCCGTAACA,0.0,0.0
710,ATTCTTTCGTACGAGTGCTG,0.0,0.0
711,CCGTGTTGGGTGCGGTGGTG,1.0,1.0
712,CTGGGTCTTTTATCTATACC,0.0,0.0
713,ACTATATTAACCGATCCTGC,0.0,0.0
714,CTCCTAGACCGGGGTGCAGA,1.0,1.0
715,TTAGACTGCCCCCACCATGG,0.0,0.0
716,ACACTCATACCCCACCTTGA,0.0,0.0
717,CCGGGAAAGAGTTTCGTGCC,1.0,1.0
718,CTGGCGGGGCTCGTTAGTCA,1.0,1.0
719,CGACCTTCCGGAGGTCAGTT,1.0,1.0
720,TCCTATATCTCTTCGGCCTT,0.0,0.0
721,TCGGTGAGACCCCCGGCAAG,1.0,1.0
722,AAAGTGTACGGTCACCCGAG,0.0,0.0
723,CTTTTAGATTCGTTCCACGG,0.0,0.0
724,CTCGTATCACAATCTGAAGG,0.0,0.0
725,TTTGATCTGGTCAATGAGTC,0.0,0.0
726,CCAGTCAGTAATTTAGCCAC,0.0,0.0
727,AAGCAAGACTTGGCGCCCCA,0.0,0.0
728,CGTAGTCCTCCATGGTGCCT,1.0,1.0
729,CCTGGCCTTACGAGTACCAT,0.0,0.0
730,TCACGGTTTTCGACCTTGAG,0.0,0.0
731,GTAGTTTGAAATCAAGTCAT,0.0,0.0
732,GCGAATAATGTATTGTTCGC,0.0,0.0
733,AGATGGGCTTGGCTCTCCAC,1.0,1.0
734,TGGGAAATGAATCAATTTTT,0.0,0.0
735,TTTCTAAGACACTTCTGTCA,0.0,0.0
736,AAAGCAAAAGGTAAGCCCCC,0.0,0.0
737,GTATTCATAAATACAAACAC,0.0,0.0
738,CCGGACTAGCTGACCCTGCT,1.0,1.0
739,GAACGTCCCGGGAGTGCCGC,1.0,1.0
740,CAAGTCTTCTCTAGTAAGGC,0.0,0.0
741,TGAATGCCCACCCAAAGTTC,0.0,0.0
742,TTGATAGTTCACGATATATG,0.0,0.0
743,AGAAAGAAACCTATTCTAGG,0.0,0.0
744,GTTAGGGGAGGTGTTTATTC,1.0,1.0
745,AGGCGGACCGACTTTCGAGT,1.0,1.0
746,CCATGATTCGACTTAGGTGC,0.0,0.0
747,GAGTGCTTAGGTGGATAACT,0.0,0.0
748,CACATTCCGCTGTAGTCCCG,0.0,0.0
749,AATCACGATCATAGTCTATA,0.0,0.0
750,CGCGTCCTCCGCCACATAGG,1.0,1.0
751,AGGTGATCTCGTAACCGGCC,1.0,1.0
752,CGTCACGTGGAATGCACAAC,0.0,0.0
753,CTGCCTGCTAGACATTGAAT,0.0,0.0
754,GCGTGGATTCTTCTTAGCAT,0.0,0.0
755,CCTCCAGTGAATCTGCCGCA,0.0,0.0
756,TATCGTTCCATATCCCTAAG,0.0,0.0
757,CGATCCCGGAACTATCCATC,0.0,0.0
758,TCGCTCTCTACAGTCCAACA,0.0,0.0
759,ACTTGAGAGCACTGCTTATA,0.0,0.0
760,GTCGCAGTCTCTACAGCTAA,0.0,0.0
761,CTACAGGTCCCCTTCAAGGA,0.0,0.0
762,GTCGGGTGGTCTAATAAGTT,0.0,0.0
763,CCTGGGTCTCCTCGACTGAG,1.0,1.0
764,CCCGCAAAATCAGATTAATT,0.0,0.0
765,TGGGGCACTGACTTCCGTAT,1.0,1.0
766,GTAACGTGAGCACTAGTCAA,0.0,0.0
767,TTGTTCTTCGGCGCAACTCG,1.0,1.0
768,GAGATCTTCACTCACTTTGC,0.0,0.0
769,AGTATGAACTGCCATCTGAC,0.0,0.0
770,CAACTTTGTTCCATCGGGCC,0.0,0.0
771,ACTGATGTGATCTATAGTAC,0.0,0.0
772,GACTTCAAGGGTAGGAGTTA,0.0,0.0
773,CTGTAACATTGTTCGAGAGA,0.0,0.0
774,CCCGTCTGGAGGGGCTTGTT,1.0,1.0
775,GGATGACCAACCTCACATGA,0.0,0.0
776,GCTCATCTACTACCGTTTGT,0.0,0.0
777,CACAATCTGGCAACCTAGGG,0.0,0.0
778,GTTACACAGCGGGGTGCGTA,1.0,1.0
779,TCTCTTTTTGCTAAGTCTGC,0.0,0.0
780,CTAGGAAGGACTTCAATTTA,0.0,0.0
781,TTCGGCCTGTGGAATTTACC,0.0,0.0
782,CTATATGCTGGCGATCCCAC,0.0,0.0
783,CTGGTCGGTTGACACATTCT,0.0,0.0
784,ATAGTTGACACGGTGCCGAC,0.0,0.0
785,AAGGGGGCTGTTCTTTTACA,0.0,0.0
786,CCCCTTCCGTCGCGCAGATT,1.0,1.0
787,ACAGTAGATGGCGTAGAGCG,0.0,0.0
788,ACGCGAAGGATACGCAGACG,0.0,0.0
789,CTTAACCATTGTTCCCAATA,0.0,0.0
790,TTTCGGTGACCCGCGTTCTT,1.0,1.0
791,CGTGACAGCGCTCAGCATAG,0.0,0.0
792,TATGCAATCCGACCACCTTG,0.0,0.0
793,GAGCAGGGGCAGCAAGAGGC,1.0,1.0
794,GCGAGACGAGCCGCTCGGGG,1.0,1.0
795,ACATAGCCAGAACCGATAGG,0.0,0.0
796,AAATGCGATCGGTAATGTAT,0.0,0.0
797,GGATAAGCGCCGTACGCGCT,1.0,1.0
798,GATGTCCAGTCAGAGGCGTG,1.0,1.0
799,CAGCTGGGTATCGATCGTGT,1.0,1.0
800,GACGCAGCGTAGTGAGCGAC,1.0,1.0
801,CAGTAGCGTAGATACAGCCT,0.0,0.0
802,CGTGGGCATTTCGAGACAAG,0.0,0.0
803,CCTGCTATGCGCTTAGATGG,1.0,1.0
804,GTCTGCCTTGAAACATGCTG,0.0,0.0
805,GTGGGGACCTTAAAGACCAA,0.0,0.0
806,TGACATAGATCGCCCTAAGT,0.0,0.0
807,ATTACTTTAATCACATTGGA,0.0,0.0
808,GCCCCCACAATGTAACCAAG,0.0,0.0
809,AGCATTTTTATACTAAGCCA,0.0,0.0
810,TTGAAAGACTCCTCTTAGAG,0.0,0.0
811,GCAGACGCACGGCTTCGATG,1.0,1.0
812,CTCAAATCGCCGTGGTAAGC,0.0,0.0
813,CAGGCTTACAACGTAATATA,0.0,0.0
814,TGCATAGGCTATCAGAGGGA,0.0,0.0
815,AGACTGCTGAAGTTATCTAT,0.0,0.0
816,TTTCCCAAGGGTTCTACACC,0.0,0.0
817,TTGCGAATTGGAAATATTGA,0.0,0.0
818,CGCATTTATTGCCATATGAT,0.0,0.0
819,TGCTATTGAGCTTCGCATAC,0.0,0.0
820,TACTTGGTGGCTTTCAGGTT,0.0,0.0
821,GGTTTTTCCGCGCCTTGGAG,1.0,1.0
822,ACGGCAAGGACCTTGCCTAA,0.0,0.0
823,AACTGCATGGGAGGTATAGA,0.0,0.0
824,GGAGGGAATTAGGATTTGAG,0.0,0.0
825,ACTGCGTATTTATGGTCCCG,0.0,0.0
826,TGGAGGGCCATCCCCTAAGA,0.0,0.0
827,ATGTAGCTTTGCCTGTAATT,0.0,0.0
828,GAAGCACCGCACATCTACAG,0.0,0.0
829,AATCGTAGGCCGAATCACCA,0.0,0.0
830,CTTATTCTGCAATAAGACCT,0.0,0.0
831,CCTACGCGGGAGGCAAATCC,1.0,1.0
832,AGTGAGTGATTTCCTAACCG,0.0,0.0
833,GCGGTACTTGTTGCAAGCAC,0.0,0.0
834,CCAACCGTCTCAATGTGAAC,0.0,0.0
835,GCAGCCGGTATCACACGCAT,0.0,0.0
836,AGACGCGGCTGGATCGCGCC,1.0,1.0
837,TTCGTATCACCTGAACGCCG,0.0,0.0
838,AGTCGCCTTGATTAGTTCCC,0.0,0.0
839,AGTTGCGCGCGTATACGATA,0.0,0.0
840,CCCTGGTGCGGTCTACATTT,1.0,1.0
841,TAAAGGGCGATGCTCCTTGA,0.0,0.0
842,CTCAATGATTTAGACCGTCG,0.0,0.0
843,ACACTCTCCATTTCAACCAT,0.0,0.0
844,AGTTACTAGATGCTGACACA,0.0,0.0
845,CCCACTACGAACGTGGTGGA,0.0,0.0
846,GGGGTCTATGTTACATCCAT,0.0,0.0
847,CGAACTACAGAGCAGCGCTC,0.0,0.0
848,CCTGGATAGCCTCCGTCTTC,1.0,1.0
849,GGCATGACCATTCGCCTCCC,1.0,1.0
850,TGAGGATGCGAGCCCGTCAG,1.0,1.0
851,GGTCCATGACTTGGCTACGA,0.0,0.0
852,GCTGTACGCGGCCAACGTCA,1.0,1.0
853,ATAATATGTACTCACCAGAT,0.0,0.0
854,GTATGCCAAATGTGAATAAG,0.0,0.0
855,TAACCCCATTTTTGATCCCC,0.0,0.0
856,TGAGTGTGACTCAGGAGACC,0.0,0.0
857,TGTTTCATAACGAATTCTGT,0.0,0.0
858,GTTGTCGGTTCTAGCAGGCT,1.0,1.0
859,CCACCTAAGTACTTACAACC,0.0,0.0
860,GGGCATCGAGGGGCCGGGAG,1.0,1.0
861,ACTATAGGCCTGGAAAACCG,0.0,0.0
862,TTGGGGTCAGGTCGACAGTT,1.0,1.0
863,ACAAGAGTTATGTGTACGCC,0.0,0.0
864,ATAGGTCAGAAATACAACGT,0.0,0.0
865,ATACGAATTTAGCAGAAAGG,0.0,0.0
866,TCCTTGTTCGTACACCCTCA,0.0,0.0
867,CTATATTCCGTCAGTATGGT,0.0,0.0
868,GGAAGTACCAGCATGGCTGA,0.0,0.0
869,CCACCGCGGTTAAGCCAGGA,1.0,1.0
870,TAGGTCGTGCACCTTCCCAT,0.0,0.0
871,CGTTAGTGTATTGTACGTAC,0.0,0.0
872,GATGCCAAACACCCAGGGGC,0.0,0.0
873,AACACTGCACGGTCTGTTCT,0.0,0.0
874,TAAACTCATGCACGTCCACA,0.0,0.0
875,GGAGAGTTTCGGGTGATCGC,1.0,1.0
876,GGACTACAGTGCGGAAATCG,0.0,0.0
877,GGTCGCGCACATACTTTGAA,0.0,0.0
878,AAAATGCACCGAGACGTTAA,0.0,0.0
879,AAGGTTGCTACTTCAGCTGG,0.0,0.0
880,CTTCCGCTACGTATCGGGAT,0.0,0.0
881,TGCGGGAGCAGTACGGTGCC,1.0,1.0
882,CTCCTGCAGACTATCAATAG,0.0,0.0
883,TATGTAGTCTGCCCGCGTTA,0.0,0.0
884,AGGCGTCACTAGGATTATTG,0.0,0.0
885,AAGCAACCCGGTGGGCTAGG,1.0,1.0
886,GCTATATCATCACTGGTAGG,0.0,0.0
887,ACACCGATAAAAGGTGCTAA,0.0,0.0
888,GGTTTTGTTCTAAGTGCTTA,0.0,0.0
889,GCGCATCGTCCTCAGAACAA,0.0,0.0
890,ATATGAAAAGGCTGCTTGGC,0.0,0.0
891,GTTGTGAAACTTACGCCAAA,0.0,0.0
892,CAACTACGTCACAGATCGCA,0.0,0.0
893,GGCCTAGGCTCGTCTCCCGT,1.0,1.0
894,GCGGAGTGTCTGGTAATGTC,1.0,1.0
895,CCTCGTGGGTCGTTATTTCT,1.0,1.0
896,CGGGTCAGACGCTTTCTATT,0.0,0.0
897,AATTATATGGAGACCAAGTC,0.0,0.0
898,GGGTTAATCCATATGTCTGG,0.0,0.0
899,GCTCGCAATTGAAGTCCTGA,0.0,0.0
900,TCGTCGACACAGGTTGGCCC,1.0,1.0
901,GGCACACCGGAAATATCCAT,0.0,0.0
902,ACGTTCAAGTTGGCCAATTT,0.0,0.0
903,GTCTAATGTTATAACGTTCC,0.0,0.0
904,AAAGCGGATGGCAGTGTCCG,1.0,1.0
905,CGAGCTCTTTAGGTTGCCCC,1.0,1.0
906,GGTCAATTGGTGATGAGAGA,0.0,0.0
907,CTTCCAATTTTGGAACGGCG,0.0,0.0
908,GTCTAAAACTCTCAGTGTCA,0.0,0.0
909,AGGAGAGGCGAGCCGTTTGA,1.0,1.0
910,GTAGTAACGCCGTCTTTGCC,0.0,0.0
911,GTAATAGCTAAGGGACAATC,0.0,0.0
912,TAACGGACTTATGCACTAGA,0.0,0.0
913,TCATCTTAGGCCCCGTGCAG,1.0,1.0
914,CGACTGCCAGCTGTGTCCTA,1.0,1.0
915,CACGTAAACGTGTGTTGTTG,0.0,0.0
916,TCCGGTGAAGATTTGGAGAG,0.0,0.0
917,ATTCATGATGTCTATTGGGA,0.0,0.0
918,GTGGTCAGTACGCACTGCCT,1.0,1.0
919,CTCAGCTTTCAACCCGAGTC,0.0,0.0
920,TTCGAAAAGGTAGACCCGAG,0.0,0.0
921,ACCTGACAAGCTAAATCGTA,0.0,0.0
922,GTTTTAAGTTGGGCGGTATC,0.0,0.0
923,AGATTGGCTGGAATAATTTG,0.0,0.0
924,AGAGTCCGTAACTCGCCGGA,0.0,0.0
925,CCCCGGTATCCATCAGTCGC,1.0,1.0
926,CGTGACGATATGTCGTGAGG,1.0,1.0
927,GTCTTGTAGATCAAGCAGAA,0.0,0.0
928,AGGAACTTGACTGCAAACGC,0.0,0.0
929,AGCAGGGTGATGATAGTAAC,0.0,0.0
930,GGGACAAATGGGGCAGTCAG,1.0,1.0
931,CTCTATTCTATATTTTACGG,0.0,0.0
932,GACTCTGTGAATTTCTCTAA,0.0,0.0
933,CGTTTTAATGTAGATTCGCA,0.0,0.0
934,GTCCATGGACAACCCCGCAT,0.0,0.0
935,TTATGAGGTTGAGTCGAGTG,0.0,0.0
936,AGGTTGTCGTGGGTACGTCA,1.0,1.0
937,GTGGGCTGAAGTTGACGTGA,1.0,1.0
938,ACCCATCAGCAACCGTCTGG,0.0,0.0
939,GACAGTAACGACCGAATACA,0.0,0.0
940,AACGAGTGTATAATGAACCT,0.0,0.0
941,GCTCCTATTTACCCATAGAC,0.0,0.0
942,ACAAACATCGTTGCAGACGC,0.0,0.0
943,ATGACTTGTACTGCCAATAC,0.0,0.0
944,ATCCACATCCCGTGCTTAGC,0.0,0.0
945,TTTGGTCCATGAGGCGATTG,1.0,1.0
946,AGATGATTGAGTTCAGGGTG,0.0,0.0
947,GACAACATCCCCAACGGGTG,0.0,0.0
948,CAATCTAAAGGGCCTCAAGA,0.0,0.0
949,CCTACGGATTTTTCAACTCG,0.0,0.0
950,CGTTCATCGTCATCCCAAAG,0.0,0.0
951,TCCAAAGTCTGGCCTCGCTT,0.0,0.0
952,ACAATTAGATCTATGCAGCA,0.0,0.0
953,CTCTAAAGAGGTCCTCTTCA,0.0,0.0
954,AGGTAATTAATAAAACGCTA,0.0,0.0
955,ACGTCACCTGTTCACATCTT,0.0,0.0
956,ATACGTTTAGATCTTTCCTG,0.0,0.0
957,CGTGCCGACCACCGCGCAGG,1.0,1.0
958,ACTATATGAGAATGGGGTCG,0.0,0.0
959,CCACTGTTGTAGTTTTTCCG,0.0,0.0
960,GAGTACCGCGGGTGAAAACA,0.0,0.0
961,TCCTATCAAAAGAGCCACGA,0.0,0.0
962,AGGTATTACTAGGCTAGTAT,0.0,0.0
963,ATCCTTTGATAAGTTTTCAG,0.0,0.0
964,ACGCCTGTGCACGCTGCCGG,1.0,1.0
965,GCGGCTTGACGTCGCCGGTC,1.0,1.0
966,CCGCAACGTCAGGACATTGA,0.0,0.0
967,AAATAATCTTTCGCCCCTTC,0.0,0.0
968,CGCGGGACAAAGGACTTTAA,0.0,0.0
969,GTATATCGCGCTTCCCGAGC,1.0,1.0
970,TAACAGGGACTAAGAGCGCT,0.0,0.0
971,AGTTAGAGAGTAGATTACGT,0.0,0.0
972,AAGTCTAGCGCCAATGATTT,0.0,0.0
973,CGACGACATCTAGATCTACC,0.0,0.0
974,TGTGTGGTCCACATCGCATT,0.0,0.0
975,GTACAACTAATGTAGAGGGG,0.0,0.0
976,TCACATGGGTCAGACTCTCG,0.0,0.0
977,GTGATGACAATTGATTATAC,0.0,0.0
978,AGGGTCGCGGCGGACCTGTC,1.0,1.0
979,TGCATGCAAATGGCCTCGCC,0.0,0.0
980,GAGCTGGGTCGTCGCTAGGC,1.0,1.0
981,GCCATGCTGGGCCCACCGAC,1.0,1.0
982,AATTCAGAACGAACAAGATT,0.0,0.0
983,TTGGCTTACTTACAGACTTT,0.0,0.0
984,TTCTGTCGTGAGAACCTCAA,0.0,0.0
985,AAGTTCAGAAAATTGAGATC,0.0,0.0
986,GTATGGCGACCCGAGGTTCG,1.0,1.0
987,CACTGTTCTTAGCCCAACAG,0.0,0.0
988,GTTCCGGTTTATTAATTGAC,0.0,0.0
989,CTTCCACCATCTCCACAGTT,0.0,0.0
990,AATCATTCCGACGTATCGTA,0.0,0.0
991,TGGCAGAAATACTGTTATGA,0.0,0.0
992,TGTGGGGTCACGAAAGTCAA,0.0,0.0
993,CACGGATAGTATATTTACCG,0.0,0.0
994,CAACGTCGAGGGAACCGTTC,0.0,0.0
995,TTTGGTCGCGAGGTGGCCCG,1.0,1.0
996,TCCAGGCCTGAGTGGAAAAA,0.0,0.0
997,CTAAGAAAGGTATGATGGGC,0.0,0.0
998,TGATAGCCGCATGATGGTCT,0.0,0.0
999,GGAAAACGAATCGCGCATCG,0.0,0.0
